time,AirFlow,ClgPct,DmprPos,DschAirTemp,EffAirflowSp,EffSp,HtgPct,OccClgSp,OccHtgSp,RmSp,RmTemp,StbyClgSp,StbyHtgSp,UnoccClgSp,UnoccHtgSp,record_index
2025-01-27 14:30:00,127.13,0.0,33.5,104.48,127.13,72.0,100.0,70.0,70.0,72.0,71.175,67.0,69.0,68.0,68.0,1
2025-01-27 14:45:00,125.01333333333334,0.0,33.5,104.9,127.13,72.0,100.0,70.0,70.0,72.0,71.21666666666665,67.0,69.0,68.0,68.0,2
2025-01-27 15:00:00,126.42333333333332,0.0,33.5,105.06333333333332,127.13,72.0,100.0,70.0,70.0,72.0,71.46666666666665,67.0,69.0,68.0,68.0,3
2025-01-27 15:15:00,127.13,0.0,33.5,105.29,127.13,72.0,100.0,70.0,70.0,72.0,71.65333333333334,67.0,69.0,68.0,68.0,4
2025-01-27 15:30:00,125.01,0.0,33.5,105.56666666666666,127.13,72.0,100.0,70.0,70.0,72.0,71.73,67.0,69.0,68.0,68.0,5
2025-01-27 15:45:00,125.01,0.0,33.5,106.16666666666669,127.13,72.0,100.0,70.0,70.0,72.0,71.8,67.0,69.0,68.0,68.0,6
2025-01-27 16:00:00,123.60333333333334,0.0,33.833333333333336,106.27,127.13,72.0,100.0,70.0,70.0,72.0,71.80666666666666,67.0,69.0,68.0,68.0,7
2025-01-27 16:15:00,125.71666666666664,0.5133333333333333,34.0,106.08666666666666,126.42333333333332,72.0,99.68666666666668,70.0,70.0,72.0,71.87,67.0,69.0,68.0,68.0,8
2025-01-27 16:30:00,127.13,9.090000000000002,34.0,106.19666666666669,125.01,72.0,94.15666666666668,70.0,70.0,72.0,72.23,67.0,69.0,68.0,68.0,9
2025-01-27 16:45:00,127.13,9.823333333333332,33.0,106.4,125.01,72.0,93.03333333333336,70.0,70.0,72.0,72.19333333333333,67.0,69.0,68.0,68.0,10
2025-01-27 17:00:00,124.30666666666669,9.116666666666667,33.333333333333336,107.00666666666666,125.01,72.0,92.89,70.0,70.0,72.0,72.13666666666667,67.0,69.0,68.0,68.0,11
2025-01-27 17:15:00,126.42333333333332,7.486666666666667,33.333333333333336,106.49,125.01,72.0,93.56,70.0,70.0,72.0,72.06333333333333,67.0,69.0,68.0,68.0,12
2025-01-27 17:30:00,125.01333333333334,14.410000000000002,33.0,106.09333333333332,125.01,72.0,89.04,70.0,70.0,72.0,72.25666666666667,67.0,69.0,68.0,68.0,13
2025-01-27 17:45:00,125.01,23.24,34.25,104.79,125.01,72.0,82.86500000000001,70.0,70.0,72.0,72.445,67.0,69.0,68.0,68.0,14
2025-01-27 18:30:00,129.25,30.05,33.0,101.01,125.01,72.0,75.13,70.0,70.0,72.0,72.37,67.0,69.0,68.0,68.0,15
2025-01-27 18:45:00,126.07,35.56,32.5,99.2,125.01,72.0,70.1,70.0,70.0,72.0,72.41499999999999,67.0,69.0,68.0,68.0,16
2025-01-27 19:15:00,125.01,29.55,32.0,99.88,125.01,72.0,71.85,70.0,70.0,72.0,72.09,67.0,69.0,68.0,68.0,17
2025-01-27 19:45:00,127.13,24.73,31.5,101.39,125.01,72.0,74.42,70.0,70.0,72.0,71.91,67.0,69.0,68.0,68.0,18
2025-01-27 20:15:00,127.13,59.45,30.5,88.47,125.01,72.0,51.32,70.0,70.0,72.0,72.81,67.0,69.0,68.0,68.0,19
2025-01-28 14:30:00,126.07,0.0,33.0,107.26,127.13,72.0,100.0,70.0,70.0,72.0,71.66,67.0,69.0,68.0,68.0,20
2025-01-28 14:45:00,126.42333333333332,0.0,33.0,107.52666666666666,127.13,72.0,100.0,70.0,70.0,72.0,71.79333333333334,67.0,69.0,68.0,68.0,21
2025-01-28 15:00:00,124.30666666666669,1.24,33.333333333333336,108.06,126.42333333333332,72.0,99.23,70.0,70.0,72.0,71.95,67.0,69.0,68.0,68.0,22
2025-01-28 15:15:00,127.13,11.623333333333337,34.5,107.74333333333334,125.01,72.0,92.48,70.0,70.0,72.0,72.29,67.0,69.0,68.0,68.0,23
2025-01-28 15:30:00,126.42333333333332,16.99,34.5,106.84,125.01,72.0,88.06666666666666,70.0,70.0,72.0,72.36,67.0,69.0,68.0,68.0,24
2025-01-28 15:45:00,124.30666666666669,14.733333333333334,34.5,107.61666666666667,125.01,72.0,88.51666666666667,70.0,70.0,72.0,72.23,67.0,69.0,68.0,68.0,25
2025-01-28 16:00:00,126.42333333333332,16.150000000000002,34.5,107.06666666666666,125.01,72.0,86.93333333333332,70.0,70.0,72.0,72.22333333333334,67.0,69.0,68.0,68.0,26
2025-01-28 16:15:00,125.01,17.32,34.666666666666664,106.85666666666668,125.01,72.0,85.56333333333333,70.0,70.0,72.0,72.2,67.0,69.0,68.0,68.0,27
2025-01-28 16:30:00,126.42333333333332,16.833333333333332,35.0,106.68,125.01,72.0,85.27,70.0,70.0,72.0,72.14333333333333,67.0,69.0,68.0,68.0,28
2025-01-28 16:45:00,127.13,17.833333333333332,34.0,106.34666666666664,125.01,72.0,84.29,70.0,70.0,72.0,72.15333333333332,67.0,69.0,68.0,68.0,29
2025-01-28 17:00:00,125.01,19.19333333333333,33.0,106.14333333333332,125.01,72.0,82.89999999999999,70.0,70.0,72.0,72.14333333333333,67.0,69.0,68.0,68.0,30
2025-01-28 17:15:00,124.30666666666669,18.066666666666663,33.833333333333336,106.95333333333332,125.01,72.0,83.23333333333333,70.0,70.0,72.0,72.09,67.0,69.0,68.0,68.0,31
2025-01-28 17:30:00,125.01,15.706666666666663,34.5,107.47333333333334,125.01,72.0,84.45,70.0,70.0,72.0,72.00333333333333,67.0,69.0,68.0,68.0,32
2025-01-28 17:45:00,125.01,13.116666666666667,34.5,108.15333333333336,125.01,72.0,86.12333333333333,70.0,70.0,72.0,71.93333333333334,67.0,69.0,68.0,68.0,33
2025-01-28 18:00:00,127.13,13.44,34.5,108.26,125.01,72.0,86.11333333333333,70.0,70.0,72.0,71.96,67.0,69.0,68.0,68.0,34
2025-01-28 18:15:00,126.42333333333332,33.06333333333333,34.5,104.03000000000002,125.01,72.0,73.73333333333333,70.0,70.0,72.0,72.5,67.0,69.0,68.0,68.0,35
2025-01-28 18:30:00,128.54333333333332,44.76333333333333,34.0,99.28000000000002,125.01,72.0,64.68333333333334,70.0,70.0,72.0,72.70666666666666,67.0,69.0,68.0,68.0,36
2025-01-28 18:45:00,125.71666666666664,45.92,32.5,97.79,125.01,72.0,62.09666666666667,70.0,70.0,72.0,72.58666666666667,67.0,69.0,68.0,68.0,37
2025-01-28 19:00:00,125.01,53.00333333333333,32.5,94.47333333333334,125.01,72.0,55.906666666666666,70.0,70.0,72.0,72.65333333333332,67.0,69.0,68.0,68.0,38
2025-01-28 19:15:00,125.01,54.830000000000005,32.333333333333336,92.71999999999998,125.01,72.0,52.88666666666666,70.0,70.0,72.0,72.56333333333333,67.0,69.0,68.0,68.0,39
2025-01-28 19:30:00,125.71666666666664,63.79,31.83333333333333,88.11,125.01,72.0,45.66,70.0,70.0,72.0,72.69666666666667,67.0,69.0,68.0,68.0,40
2025-01-28 19:45:00,124.30666666666669,68.27333333333333,31.166666666666668,84.38,125.01,72.0,40.71,70.0,70.0,72.0,72.66666666666667,67.0,69.0,68.0,68.0,41
2025-01-28 20:00:00,125.01333333333334,60.85999999999999,30.83333333333333,86.25,125.01,72.0,43.52666666666667,70.0,70.0,72.0,72.31333333333333,67.0,69.0,68.0,68.0,42
2025-01-28 20:15:00,126.42333333333332,60.09,30.166666666666668,86.46999999999998,125.01,72.0,43.17,70.0,70.0,72.0,72.23,67.0,69.0,68.0,68.0,43
2025-01-28 20:30:00,125.01,61.61000000000001,29.666666666666668,85.64999999999999,125.01,72.0,41.55,70.0,70.0,72.0,72.22333333333334,67.0,69.0,68.0,68.0,44
2025-01-28 20:45:00,125.01333333333334,60.06333333333333,29.5,85.61666666666667,125.01,72.0,41.84333333333333,70.0,70.0,72.0,72.13,67.0,69.0,68.0,68.0,45
2025-01-28 21:00:00,123.60333333333334,59.5,29.5,85.82,125.01,72.0,41.85,70.0,70.0,72.0,72.09,67.0,69.0,68.0,68.0,46
2025-01-28 21:15:00,123.60333333333334,60.15333333333333,29.666666666666668,85.37666666666667,125.01,72.0,41.156666666666666,70.0,70.0,72.0,72.09,67.0,69.0,68.0,68.0,47
2025-01-28 21:30:00,125.71666666666664,60.75666666666666,30.5,80.08666666666666,125.01,72.0,40.50333333333334,70.0,70.0,72.0,72.09,67.0,69.0,68.0,68.0,48
2025-01-28 21:45:00,125.01,56.21,28.83333333333333,76.83333333333333,125.01,72.0,43.07666666666666,70.0,70.0,72.0,71.92999999999999,67.0,69.0,68.0,68.0,49
2025-01-28 22:00:00,126.42333333333332,44.92333333333334,28.5,84.98,125.01,72.0,50.446666666666665,70.0,70.0,72.0,71.63666666666667,67.0,69.0,68.0,68.0,50
2025-01-28 22:15:00,127.13,32.46666666666667,29.5,89.44333333333333,125.01,72.0,59.3,70.0,70.0,72.0,71.36999999999999,67.0,69.0,68.0,68.0,51
2025-01-28 22:30:00,125.71666666666664,21.256666666666664,28.5,93.4,125.01,72.0,68.26666666666667,70.0,70.0,72.0,71.2,67.0,69.0,68.0,68.0,52
2025-01-28 22:45:00,127.13,9.88,30.166666666666668,101.86,125.01,72.0,77.62,70.0,70.0,72.0,71.04333333333334,67.0,69.0,68.0,68.0,53
2025-01-28 23:00:00,122.89666666666666,7.863333333333333,30.33333333333333,99.51,125.01,72.0,81.5,70.0,70.0,72.0,71.2,67.0,69.0,68.0,68.0,54
2025-01-28 23:15:00,127.13,9.326666666666666,30.83333333333333,105.77666666666666,125.01,72.0,82.7,70.0,70.0,72.0,71.38333333333334,67.0,69.0,68.0,68.0,55
2025-01-28 23:30:00,127.13,9.42,30.0,106.74666666666668,125.01,72.0,84.23,70.0,70.0,72.0,71.51,67.0,69.0,68.0,68.0,56
2025-01-28 23:45:00,126.42333333333332,9.813333333333333,30.0,107.54333333333334,125.01,72.0,85.27,70.0,70.0,72.0,71.61,67.0,69.0,68.0,68.0,57
2025-01-29 00:00:00,125.71666666666664,10.273333333333332,30.0,107.84333333333332,125.01,72.0,85.99000000000001,70.0,70.0,72.0,71.70666666666666,67.0,69.0,68.0,68.0,58
2025-01-29 00:15:00,124.30666666666669,10.996666666666668,30.166666666666668,107.99,125.01,72.0,86.23,70.0,70.0,72.0,71.78,67.0,69.0,68.0,68.0,59
2025-01-29 00:30:00,123.60333333333334,14.663333333333334,31.5,107.35,125.01,72.0,84.46666666666665,70.0,70.0,72.0,71.92333333333333,67.0,69.0,68.0,68.0,60
2025-01-29 00:45:00,125.01,15.86,32.0,107.27,125.01,72.0,83.89999999999999,70.0,70.0,72.0,71.97,67.0,69.0,68.0,68.0,61
2025-01-29 01:00:00,125.01,19.67,32.333333333333336,106.5,125.01,72.0,81.49333333333333,70.0,70.0,72.0,72.08333333333333,67.0,69.0,68.0,68.0,62
2025-01-29 01:15:00,124.30666666666669,23.763333333333332,32.5,105.65,125.01,72.0,78.66666666666667,70.0,70.0,72.0,72.16333333333334,67.0,69.0,68.0,68.0,63
2025-01-29 01:30:00,125.01,27.096666666666664,32.666666666666664,104.65666666666668,125.01,72.0,75.99666666666667,70.0,70.0,72.0,72.21666666666665,67.0,69.0,68.0,68.0,64
2025-01-29 01:45:00,125.71666666666664,29.226666666666663,33.0,103.63,125.01,72.0,74.00666666666666,70.0,70.0,72.0,72.23,67.0,69.0,68.0,68.0,65
2025-01-29 02:00:00,125.01,32.73666666666667,33.0,102.50666666666666,125.01,72.0,71.14,70.0,70.0,72.0,72.27999999999999,67.0,69.0,68.0,68.0,66
2025-01-29 02:15:00,124.30666666666669,36.553333333333335,33.0,100.93333333333334,125.01,72.0,67.87666666666667,70.0,70.0,72.0,72.32,67.0,69.0,68.0,68.0,67
2025-01-29 02:30:00,126.42333333333332,38.42,33.0,99.29666666666668,125.01,72.0,65.77333333333333,70.0,70.0,72.0,72.31,67.0,69.0,68.0,68.0,68
2025-01-29 02:45:00,125.01,38.21666666666667,33.0,98.98333333333332,125.01,72.0,65.05333333333333,70.0,70.0,72.0,72.23,67.0,69.0,68.0,68.0,69
2025-01-29 03:00:00,125.01,40.14666666666667,33.0,98.09,125.01,72.0,63.16666666666666,70.0,70.0,72.0,72.23666666666666,67.0,69.0,68.0,68.0,70
2025-01-29 03:15:00,126.42333333333332,41.71333333333333,33.0,96.8,125.01,72.0,61.49333333333333,70.0,70.0,72.0,72.23,67.0,69.0,68.0,68.0,71
2025-01-29 03:30:00,125.71666666666664,42.44,32.333333333333336,96.03666666666668,125.01,72.0,60.38,70.0,70.0,72.0,72.19333333333333,67.0,69.0,68.0,68.0,72
2025-01-29 03:45:00,125.71666666666664,43.49,32.0,95.48666666666668,125.01,72.0,59.16666666666666,70.0,70.0,72.0,72.17666666666666,67.0,69.0,68.0,68.0,73
2025-01-29 04:00:00,124.30666666666669,41.376666666666665,32.0,96.12333333333332,125.01,72.0,59.98333333333333,70.0,70.0,72.0,72.09,67.0,69.0,68.0,68.0,74
2025-01-29 04:15:00,126.42333333333332,41.76333333333333,32.0,95.49333333333334,125.01,72.0,59.45333333333334,70.0,70.0,72.0,72.09,67.0,69.0,68.0,68.0,75
2025-01-29 04:30:00,125.01333333333334,41.24,32.0,95.44333333333331,125.01,72.0,59.51333333333333,70.0,70.0,72.0,72.04,67.0,69.0,68.0,68.0,76
2025-01-29 04:45:00,125.01333333333334,38.45333333333333,32.833333333333336,96.71333333333332,125.01,72.0,61.16333333333333,70.0,70.0,72.0,71.96,67.0,69.0,68.0,68.0,77
2025-01-29 05:00:00,125.01,37.32333333333333,32.0,96.99666666666668,125.01,72.0,61.98666666666667,70.0,70.0,72.0,71.93333333333334,67.0,69.0,68.0,68.0,78
2025-01-29 05:15:00,125.71666666666664,36.31333333333333,32.0,97.34333333333332,125.01,72.0,62.75333333333333,70.0,70.0,72.0,71.91333333333334,67.0,69.0,68.0,68.0,79
2025-01-29 05:30:00,125.01,33.52333333333333,32.0,98.53333333333336,125.01,72.0,64.74333333333333,70.0,70.0,72.0,71.86,67.0,69.0,68.0,68.0,80
2025-01-29 05:45:00,122.90000000000002,32.5,32.833333333333336,99.08333333333331,125.01,72.0,65.72,70.0,70.0,72.0,71.85333333333334,67.0,69.0,68.0,68.0,81
2025-01-29 06:00:00,123.60333333333334,29.39333333333333,33.666666666666664,100.30666666666669,125.01,72.0,68.10333333333334,70.0,70.0,72.0,71.8,67.0,69.0,68.0,68.0,82
2025-01-29 06:15:00,122.90000000000002,27.98,34.0,101.16333333333334,125.01,72.0,69.52999999999999,70.0,70.0,72.0,71.8,67.0,69.0,68.0,68.0,83
2025-01-29 06:30:00,125.01,26.5,34.0,101.64666666666666,125.01,72.0,70.96,70.0,70.0,72.0,71.79333333333334,67.0,69.0,68.0,68.0,84
2025-01-29 06:45:00,124.30666666666669,24.343333333333334,34.0,102.51333333333332,125.01,72.0,72.86333333333333,70.0,70.0,72.0,71.78,67.0,69.0,68.0,68.0,85
2025-01-29 07:00:00,125.71666666666664,23.006666666666664,34.0,103.14,125.01,72.0,74.27999999999999,70.0,70.0,72.0,71.78666666666668,67.0,69.0,68.0,68.0,86
2025-01-29 07:15:00,126.42333333333332,21.24,34.0,103.54,125.01,72.0,75.95333333333333,70.0,70.0,72.0,71.77333333333333,67.0,69.0,68.0,68.0,87
2025-01-29 07:30:00,126.42333333333332,19.71333333333333,34.0,103.95,125.01,72.0,77.42666666666666,70.0,70.0,72.0,71.78,67.0,69.0,68.0,68.0,88
2025-01-29 07:45:00,127.83666666666666,18.49,34.0,104.57666666666668,125.01,72.0,78.81333333333333,70.0,70.0,72.0,71.78666666666668,67.0,69.0,68.0,68.0,89
2025-01-29 08:00:00,125.71666666666664,16.956666666666667,33.5,105.21,125.01,72.0,80.36333333333333,70.0,70.0,72.0,71.78666666666668,67.0,69.0,68.0,68.0,90
2025-01-29 08:15:00,127.13,16.063333333333336,33.166666666666664,105.78333333333336,125.01,72.0,81.45666666666666,70.0,70.0,72.0,71.8,67.0,69.0,68.0,68.0,91
2025-01-29 08:30:00,126.42333333333332,14.696666666666667,33.0,106.37333333333332,125.01,72.0,82.82666666666667,70.0,70.0,72.0,71.8,67.0,69.0,68.0,68.0,92
2025-01-29 08:45:00,125.71666666666664,13.48,33.0,106.86333333333334,125.01,72.0,84.11666666666666,70.0,70.0,72.0,71.80666666666666,67.0,69.0,68.0,68.0,93
2025-01-29 09:00:00,126.42333333333332,14.443333333333332,33.0,106.93333333333334,125.01,72.0,83.89666666666666,70.0,70.0,72.0,71.85000000000001,67.0,69.0,68.0,68.0,94
2025-01-29 09:15:00,125.01333333333334,14.623333333333331,34.0,107.24333333333334,125.01,72.0,84.12666666666667,70.0,70.0,72.0,71.90333333333332,67.0,69.0,68.0,68.0,95
2025-01-29 09:30:00,125.71666666666664,14.706666666666669,34.5,107.21666666666664,125.01,72.0,84.31,70.0,70.0,72.0,71.92,67.0,69.0,68.0,68.0,96
2025-01-29 09:45:00,125.71666666666664,14.7,34.5,107.4,125.01,72.0,84.50333333333333,70.0,70.0,72.0,71.92,67.0,69.0,68.0,68.0,97
2025-01-29 10:00:00,126.42333333333332,14.163333333333334,34.5,107.26,125.01,72.0,85.00666666666666,70.0,70.0,72.0,71.92,67.0,69.0,68.0,68.0,98
2025-01-29 10:15:00,125.01,14.253333333333332,34.5,107.51333333333332,125.01,72.0,85.11666666666666,70.0,70.0,72.0,71.94,67.0,69.0,68.0,68.0,99
2025-01-29 10:30:00,125.01333333333334,13.843333333333334,34.5,107.39666666666666,125.01,72.0,85.51333333333332,70.0,70.0,72.0,71.94,67.0,69.0,68.0,68.0,100
2025-01-29 10:45:00,127.83666666666666,13.293333333333331,34.5,107.18333333333334,125.01,72.0,85.99000000000001,70.0,70.0,72.0,71.93333333333334,67.0,69.0,68.0,68.0,101
2025-01-29 11:00:00,127.13,13.14,34.333333333333336,107.25333333333332,125.01,72.0,86.24000000000001,70.0,70.0,72.0,71.94,67.0,69.0,68.0,68.0,102
2025-01-29 11:15:00,127.13,12.526666666666666,34.0,106.99,125.01,72.0,86.75666666666666,70.0,70.0,72.0,71.93333333333334,67.0,69.0,68.0,68.0,103
2025-01-29 11:30:00,126.42333333333332,12.223333333333334,34.0,106.73,125.01,72.0,87.10333333333334,70.0,70.0,72.0,71.93333333333334,67.0,69.0,68.0,68.0,104
2025-01-29 11:45:00,126.42333333333332,11.69,33.0,106.82333333333332,125.01,72.0,87.57333333333334,70.0,70.0,72.0,71.92666666666666,67.0,69.0,68.0,68.0,105
2025-01-29 12:00:00,125.01333333333334,10.863333333333332,33.333333333333336,107.48333333333336,125.01,72.0,88.24666666666667,70.0,70.0,72.0,71.91666666666667,67.0,69.0,68.0,68.0,106
2025-01-29 12:15:00,125.01,10.37,33.5,107.46333333333332,125.01,72.0,88.75,70.0,70.0,72.0,71.91666666666667,67.0,69.0,68.0,68.0,107
2025-01-29 12:30:00,123.60333333333334,8.66,34.5,107.97333333333334,125.01,72.0,90.01666666666667,70.0,70.0,72.0,71.89666666666666,67.0,69.0,68.0,68.0,108
2025-01-29 12:45:00,125.71666666666664,7.273333333333333,35.0,108.02666666666666,125.01,72.0,91.23333333333332,70.0,70.0,72.0,71.88,67.0,69.0,68.0,68.0,109
2025-01-29 13:00:00,125.71666666666664,7.43,35.0,108.39,125.01,72.0,91.39,70.0,70.0,72.0,71.90333333333332,67.0,69.0,68.0,68.0,110
2025-01-29 13:15:00,126.42333333333332,6.683333333333334,35.0,108.45666666666666,125.01,72.0,92.10666666666668,70.0,70.0,72.0,71.89666666666666,67.0,69.0,68.0,68.0,111
2025-01-29 13:30:00,125.71666666666664,2.806666666666666,35.0,108.52333333333333,125.01,72.0,94.79,70.0,70.0,72.0,71.81666666666666,67.0,69.0,68.0,68.0,112
2025-01-29 13:45:00,125.71666666666664,2.36,33.0,108.78666666666668,125.01,72.0,95.58,70.0,70.0,72.0,71.83,67.0,69.0,68.0,68.0,113
2025-01-29 14:00:00,127.13,4.323333333333333,33.0,108.94333333333334,125.01,72.0,94.75,70.0,70.0,72.0,71.91000000000001,67.0,69.0,68.0,68.0,114
2025-01-29 14:15:00,125.71666666666664,5.626666666666668,32.833333333333336,108.89333333333332,125.01,72.0,94.18,70.0,70.0,72.0,72.0,67.0,69.0,68.0,68.0,115
2025-01-29 14:30:00,125.71666666666664,27.58333333333333,32.5,105.65666666666668,125.01,72.0,80.14999999999999,70.0,70.0,72.0,72.56333333333333,67.0,69.0,68.0,68.0,116
2025-01-29 14:45:00,127.13,28.36,32.5,103.90333333333332,125.01,72.0,77.92333333333333,70.0,70.0,72.0,72.47666666666667,67.0,69.0,68.0,68.0,117
2025-01-29 15:00:00,125.71666666666664,28.456666666666667,32.333333333333336,103.84,125.01,72.0,76.64999999999999,70.0,70.0,72.0,72.37,67.0,69.0,68.0,68.0,118
2025-01-29 15:15:00,125.71666666666664,30.683333333333334,32.0,102.82,125.01,72.0,74.19333333333333,70.0,70.0,72.0,72.36333333333333,67.0,69.0,68.0,68.0,119
2025-01-29 15:30:00,125.71666666666664,28.633333333333336,32.0,103.03333333333336,125.01,72.0,74.51666666666667,70.0,70.0,72.0,72.22333333333334,67.0,69.0,68.0,68.0,120
2025-01-29 15:45:00,125.71666666666664,30.56,32.0,102.43,125.01,72.0,72.66666666666667,70.0,70.0,72.0,72.23,67.0,69.0,68.0,68.0,121
2025-01-29 16:00:00,125.71666666666664,32.57333333333333,31.83333333333333,101.76333333333334,125.01,72.0,70.7,70.0,70.0,72.0,72.23,67.0,69.0,68.0,68.0,122
2025-01-29 16:15:00,125.01,33.65,31.5,100.99333333333334,125.01,72.0,69.35333333333334,70.0,70.0,72.0,72.21,67.0,69.0,68.0,68.0,123
2025-01-29 16:30:00,126.42333333333332,31.05333333333333,31.33333333333333,101.43333333333334,125.01,72.0,70.39,70.0,70.0,72.0,72.10000000000001,67.0,69.0,68.0,68.0,124
2025-01-29 16:45:00,126.42333333333332,29.743333333333336,31.0,101.85666666666668,125.01,72.0,70.93333333333334,70.0,70.0,72.0,72.03333333333333,67.0,69.0,68.0,68.0,125
2025-01-29 17:00:00,125.72,29.11,30.83333333333333,102.84666666666664,125.01,72.0,71.29666666666667,70.0,70.0,72.0,72.02666666666666,67.0,69.0,68.0,68.0,126
2025-01-29 17:15:00,125.71999999999998,34.71666666666667,30.5,100.77666666666666,125.01,72.0,67.51666666666667,70.0,70.0,72.0,72.15666666666665,67.0,69.0,68.0,68.0,127
2025-01-29 17:30:00,124.30666666666669,28.296666666666667,30.5,103.40666666666668,125.01,72.0,71.32333333333334,70.0,70.0,72.0,71.96666666666665,67.0,69.0,68.0,68.0,128
2025-01-29 17:45:00,123.6,49.69,30.666666666666668,96.07666666666668,125.01,72.0,57.60999999999999,70.0,70.0,72.0,72.54333333333334,67.0,69.0,68.0,68.0,129
2025-01-29 18:00:00,153.97333333333333,66.0,36.0,83.74333333333334,154.67666666666665,72.0,32.29,70.0,70.0,72.0,72.86333333333333,67.0,69.0,68.0,68.0,130
2025-01-29 18:15:00,220.36,78.60000000000001,45.66666666666666,68.74333333333334,219.6533333333333,72.0,0.0,70.0,70.0,72.0,73.00333333333333,67.0,69.0,68.0,68.0,131
2025-01-29 18:30:00,221.78,80.83,45.16666666666666,69.00333333333333,223.19,72.0,0.0,70.0,70.0,72.0,72.87,67.0,69.0,68.0,68.0,132
2025-01-29 18:45:00,244.3766666666667,96.94333333333331,49.5,69.06333333333333,242.25666666666663,72.0,0.0,70.0,70.0,72.0,73.10333333333334,67.0,69.0,68.0,68.0,133
2025-01-29 19:00:00,236.60666666666668,91.56,48.333333333333336,60.66666666666666,235.9,72.0,0.0,70.0,70.0,72.0,72.74,67.0,69.0,68.0,68.0,134
2025-01-29 19:15:00,167.39,42.303333333333335,37.0,62.45,164.56333333333333,72.0,15.353333333333332,70.0,70.0,72.0,71.23666666666666,67.0,69.0,68.0,68.0,135
2025-01-29 19:30:00,123.60333333333334,29.83666666666667,31.0,67.83666666666666,125.01,72.0,26.236666666666665,70.0,70.0,72.0,71.08333333333333,67.0,69.0,68.0,68.0,136
2025-01-29 19:45:00,125.71999999999998,35.54666666666667,30.5,66.81666666666666,125.01,72.0,24.886666666666667,70.0,70.0,72.0,71.41000000000001,67.0,69.0,68.0,68.0,137
2025-01-29 20:00:00,125.71666666666664,26.13,30.33333333333333,69.91333333333334,125.01,72.0,32.43666666666667,70.0,70.0,72.0,71.28333333333333,67.0,69.0,68.0,68.0,138
2025-01-29 20:15:00,125.71666666666664,18.636666666666667,30.0,74.27666666666666,125.01,72.0,39.193333333333335,70.0,70.0,72.0,71.22,67.0,69.0,68.0,68.0,139
2025-01-29 20:30:00,125.71666666666664,7.086666666666666,29.33333333333333,80.03666666666668,125.01,72.0,48.59333333333333,70.0,70.0,72.0,71.05666666666666,67.0,69.0,68.0,68.0,140
2025-01-29 20:45:00,126.42333333333332,0.0,28.83333333333333,86.29333333333334,125.01,72.0,58.32333333333333,70.0,70.0,72.0,70.94333333333334,67.0,69.0,68.0,68.0,141
2025-01-29 21:00:00,126.42333333333332,0.0,28.5,91.26,125.01,72.0,66.91,70.0,70.0,72.0,70.89666666666666,67.0,69.0,68.0,68.0,142
2025-01-29 21:15:00,127.13,0.0,28.5,96.14666666666666,125.01,72.0,77.83333333333333,70.0,70.0,72.0,70.81666666666666,67.0,69.0,68.0,68.0,143
2025-01-29 21:30:00,125.01,0.0,28.666666666666668,98.32333333333332,125.01,72.0,84.60333333333334,70.0,70.0,72.0,70.88,67.0,69.0,68.0,68.0,144
2025-01-29 21:45:00,123.60333333333334,0.0,29.33333333333333,101.17,125.01,72.0,91.63333333333333,70.0,70.0,72.0,70.95666666666666,67.0,69.0,68.0,68.0,145
2025-01-29 22:00:00,123.60333333333334,0.0,29.666666666666668,100.91,125.01,72.0,94.88666666666666,70.0,70.0,72.0,71.13666666666667,67.0,69.0,68.0,68.0,146
2025-01-29 22:15:00,126.42333333333332,0.0,30.0,100.33333333333331,125.71666666666664,72.0,98.52,70.0,70.0,72.0,71.23333333333333,67.0,69.0,68.0,68.0,147
2025-01-29 22:30:00,125.71999999999998,0.0,30.33333333333333,100.12666666666668,127.13,72.0,100.0,70.0,70.0,72.0,71.37666666666667,67.0,69.0,68.0,68.0,148
2025-01-29 22:45:00,125.71666666666664,0.0,30.666666666666668,100.01,127.13,72.0,100.0,70.0,70.0,72.0,71.37333333333333,67.0,69.0,68.0,68.0,149
2025-01-29 23:00:00,125.01333333333334,0.0,31.5,100.17,127.13,72.0,100.0,70.0,70.0,72.0,71.43666666666667,67.0,69.0,68.0,68.0,150
2025-01-29 23:15:00,123.60333333333334,0.0,32.166666666666664,100.24,127.13,72.0,100.0,70.0,70.0,72.0,71.60333333333334,67.0,69.0,68.0,68.0,151
2025-01-29 23:30:00,125.01333333333334,0.0,32.666666666666664,100.21,127.13,72.0,100.0,70.0,70.0,72.0,71.36666666666666,67.0,69.0,68.0,68.0,152
2025-01-29 23:45:00,127.13,0.0,31.166666666666668,107.69666666666669,127.13,72.0,100.0,70.0,70.0,72.0,71.35333333333334,67.0,69.0,68.0,68.0,153
2025-01-30 00:00:00,127.13,0.0,30.0,108.44666666666666,127.13,72.0,100.0,70.0,70.0,72.0,71.46666666666667,67.0,69.0,68.0,68.0,154
2025-01-30 00:15:00,124.30666666666669,0.0,30.0,109.11333333333334,127.13,72.0,100.0,70.0,70.0,72.0,71.62,67.0,69.0,68.0,68.0,155
2025-01-30 00:30:00,125.01,0.0,31.0,108.92333333333332,127.13,72.0,100.0,70.0,70.0,72.0,71.79333333333334,67.0,69.0,68.0,68.0,156
2025-01-30 00:45:00,125.71666666666664,0.0,31.5,108.52666666666666,127.13,72.0,100.0,70.0,70.0,72.0,71.80666666666666,67.0,69.0,68.0,68.0,157
2025-01-30 01:00:00,126.42333333333332,0.0,31.5,108.25333333333332,127.13,72.0,100.0,70.0,70.0,72.0,71.90666666666667,67.0,69.0,68.0,68.0,158
2025-01-30 01:15:00,126.42333333333332,0.0,31.5,108.36333333333334,127.13,72.0,100.0,70.0,70.0,72.0,71.94,67.0,69.0,68.0,68.0,159
2025-01-30 01:30:00,125.71666666666664,0.0,31.5,108.46333333333332,127.13,72.0,100.0,70.0,70.0,72.0,71.94,67.0,69.0,68.0,68.0,160
2025-01-30 01:45:00,125.01333333333334,0.7966666666666667,31.5,108.3,125.71666666666664,72.0,99.50333333333332,70.0,70.0,72.0,72.00666666666667,67.0,69.0,68.0,68.0,161
2025-01-30 02:00:00,126.42333333333332,0.0,32.0,108.09333333333332,127.13,72.0,100.0,70.0,70.0,72.0,71.94,67.0,69.0,68.0,68.0,162
2025-01-30 02:15:00,124.30666666666669,0.0,32.5,107.96666666666664,127.13,72.0,100.0,70.0,70.0,72.0,71.94,67.0,69.0,68.0,68.0,163
2025-01-30 02:30:00,125.01333333333334,0.0,32.666666666666664,107.78666666666668,127.13,72.0,100.0,70.0,70.0,72.0,71.92999999999999,67.0,69.0,68.0,68.0,164
2025-01-30 02:45:00,126.42333333333332,0.0,33.0,107.98333333333332,127.13,72.0,100.0,70.0,70.0,72.0,71.91666666666667,67.0,69.0,68.0,68.0,165
2025-01-30 03:00:00,125.71666666666664,0.0,33.333333333333336,107.96,127.13,72.0,100.0,70.0,70.0,72.0,71.88333333333334,67.0,69.0,68.0,68.0,166
2025-01-30 03:15:00,125.71666666666664,0.0,33.666666666666664,108.08666666666666,127.13,72.0,100.0,70.0,70.0,72.0,71.8,67.0,69.0,68.0,68.0,167
2025-01-30 03:30:00,127.13,0.0,34.5,108.28666666666668,127.13,72.0,100.0,70.0,70.0,72.0,71.78,67.0,69.0,68.0,68.0,168
2025-01-30 03:45:00,124.30666666666669,0.0,34.5,107.84,127.13,72.0,100.0,70.0,70.0,72.0,71.72,67.0,69.0,68.0,68.0,169
2025-01-30 04:00:00,125.71666666666664,0.0,34.5,107.77333333333333,127.13,72.0,100.0,70.0,70.0,72.0,71.64666666666666,67.0,69.0,68.0,68.0,170
2025-01-30 04:15:00,125.01333333333334,0.0,35.0,107.59666666666668,127.13,72.0,100.0,70.0,70.0,72.0,71.53,67.0,69.0,68.0,68.0,171
2025-01-30 04:30:00,125.71666666666664,0.0,35.0,107.25666666666666,127.13,72.0,100.0,70.0,70.0,72.0,71.49666666666667,67.0,69.0,68.0,68.0,172
2025-01-30 04:45:00,125.71666666666664,0.0,35.0,107.22,127.13,72.0,100.0,70.0,70.0,72.0,71.37666666666667,67.0,69.0,68.0,68.0,173
2025-01-30 05:00:00,126.42333333333332,0.0,35.166666666666664,107.1,127.13,72.0,100.0,70.0,70.0,72.0,71.33666666666666,67.0,69.0,68.0,68.0,174
2025-01-30 05:15:00,126.42333333333332,0.0,35.5,106.91,127.13,72.0,100.0,70.0,70.0,72.0,71.22666666666667,67.0,69.0,68.0,68.0,175
2025-01-30 05:30:00,125.71666666666664,0.0,35.166666666666664,106.76,127.13,72.0,100.0,70.0,70.0,72.0,71.1,67.0,69.0,68.0,68.0,176
2025-01-30 05:45:00,126.42333333333332,0.0,34.333333333333336,106.86,127.13,72.0,100.0,70.0,70.0,72.0,71.05666666666666,67.0,69.0,68.0,68.0,177
2025-01-30 06:00:00,125.01333333333334,0.0,34.166666666666664,106.86333333333334,127.13,72.0,100.0,70.0,70.0,72.0,70.95,67.0,69.0,68.0,68.0,178
2025-01-30 06:15:00,125.71666666666664,0.0,34.666666666666664,106.69,127.13,72.0,100.0,70.0,70.0,72.0,70.89333333333333,67.0,69.0,68.0,68.0,179
2025-01-30 06:30:00,125.71666666666664,0.0,35.0,106.46,127.13,72.0,100.0,70.0,70.0,72.0,70.81,67.0,69.0,68.0,68.0,180
2025-01-30 06:45:00,126.42333333333332,0.0,34.5,106.30666666666669,127.13,72.0,100.0,70.0,70.0,72.0,70.68,67.0,69.0,68.0,68.0,181
2025-01-30 07:00:00,125.71666666666664,0.0,34.5,107.00333333333332,127.13,72.0,100.0,70.0,70.0,72.0,70.65666666666667,67.0,69.0,68.0,68.0,182
2025-01-30 07:15:00,125.01,0.0,34.5,106.96333333333332,127.13,72.0,100.0,70.0,70.0,72.0,70.54,67.0,69.0,68.0,68.0,183
2025-01-30 07:30:00,125.71666666666664,0.0,34.5,106.64666666666666,127.13,72.0,100.0,70.0,70.0,72.0,70.50666666666666,67.0,69.0,68.0,68.0,184
2025-01-30 07:45:00,125.01,0.0,34.5,106.19666666666669,127.13,72.0,100.0,70.0,70.0,72.0,70.39666666666666,67.0,69.0,68.0,68.0,185
2025-01-30 08:00:00,125.01333333333334,0.0,34.5,106.51333333333332,127.13,72.0,100.0,70.0,70.0,72.0,70.33666666666666,67.0,69.0,68.0,68.0,186
2025-01-30 08:15:00,125.71666666666664,0.0,34.5,106.36333333333334,127.13,72.0,100.0,70.0,70.0,72.0,70.26333333333334,67.0,69.0,68.0,68.0,187
2025-01-30 08:30:00,125.71666666666664,0.0,34.5,106.51666666666668,127.13,72.0,100.0,70.0,70.0,72.0,70.23,67.0,69.0,68.0,68.0,188
2025-01-30 08:45:00,126.42333333333332,0.0,34.5,105.99333333333334,127.13,72.0,100.0,70.0,70.0,72.0,70.12,67.0,69.0,68.0,68.0,189
2025-01-30 09:00:00,123.60333333333334,0.0,33.833333333333336,105.70666666666666,127.13,72.0,100.0,70.0,70.0,72.0,70.06666666666666,67.0,69.0,68.0,68.0,190
2025-01-30 09:15:00,126.42333333333332,0.0,32.5,105.33,127.13,72.0,100.0,70.0,70.0,72.0,69.95333333333333,67.0,69.0,68.0,68.0,191
2025-01-30 09:30:00,125.71666666666664,0.0,32.5,105.41666666666669,127.13,72.0,100.0,70.0,70.0,72.0,69.84666666666666,67.0,69.0,68.0,68.0,192
2025-01-30 09:45:00,126.42333333333332,0.0,32.5,105.14666666666666,127.13,72.0,100.0,70.0,70.0,72.0,69.80333333333333,67.0,69.0,68.0,68.0,193
2025-01-30 10:00:00,127.13,0.0,31.0,104.56,127.13,72.0,100.0,70.0,70.0,72.0,69.70333333333333,67.0,69.0,68.0,68.0,194
2025-01-30 10:15:00,125.01,0.0,31.5,105.24333333333334,127.13,72.0,100.0,70.0,70.0,72.0,69.66666666666667,67.0,69.0,68.0,68.0,195
2025-01-30 10:30:00,125.71666666666664,0.0,32.666666666666664,105.16333333333334,127.13,72.0,100.0,70.0,70.0,72.0,69.56333333333333,67.0,69.0,68.0,68.0,196
2025-01-30 10:45:00,125.71666666666664,0.0,33.0,105.38666666666666,127.13,72.0,100.0,70.0,70.0,72.0,69.45333333333333,67.0,69.0,68.0,68.0,197
2025-01-30 11:00:00,126.42333333333332,0.0,33.0,105.35666666666668,127.13,72.0,100.0,70.0,70.0,72.0,69.42666666666666,67.0,69.0,68.0,68.0,198
2025-01-30 11:15:00,124.30666666666669,0.0,33.0,105.06666666666666,127.13,72.0,100.0,70.0,70.0,72.0,69.38,67.0,69.0,68.0,68.0,199
2025-01-30 11:30:00,125.01333333333334,0.0,33.166666666666664,104.54333333333334,127.13,72.0,100.0,70.0,70.0,72.0,69.28666666666668,67.0,69.0,68.0,68.0,200
2025-01-30 11:45:00,125.71666666666664,0.0,33.5,104.72666666666667,127.13,72.0,100.0,70.0,70.0,72.0,69.26666666666667,67.0,69.0,68.0,68.0,201
2025-01-30 12:00:00,127.13,0.0,33.5,104.76333333333334,127.13,72.0,100.0,70.0,70.0,72.0,69.2,67.0,69.0,68.0,68.0,202
2025-01-30 12:15:00,125.01,0.0,33.5,104.97666666666667,127.13,72.0,100.0,70.0,70.0,72.0,69.16333333333334,67.0,69.0,68.0,68.0,203
2025-01-30 12:30:00,125.01,0.0,33.5,105.63666666666666,127.13,72.0,100.0,70.0,70.0,72.0,69.24666666666667,67.0,69.0,68.0,68.0,204
2025-01-30 12:45:00,125.71666666666664,0.0,34.0,105.71,127.13,72.0,100.0,70.0,70.0,72.0,69.24,67.0,69.0,68.0,68.0,205
2025-01-30 13:00:00,125.71666666666664,0.0,34.0,105.64333333333332,127.13,72.0,100.0,70.0,70.0,72.0,69.28,67.0,69.0,68.0,68.0,206
2025-01-30 13:15:00,127.83666666666666,0.0,34.0,105.41,127.13,72.0,100.0,70.0,70.0,72.0,69.39333333333333,67.0,69.0,68.0,68.0,207
2025-01-30 13:30:00,127.83666666666666,0.0,32.5,105.58,127.13,72.0,100.0,70.0,70.0,72.0,69.45666666666666,67.0,69.0,68.0,68.0,208
2025-01-30 13:45:00,125.71666666666664,0.0,32.333333333333336,105.81666666666666,127.13,72.0,100.0,70.0,70.0,72.0,69.97,67.0,69.0,68.0,68.0,209
2025-01-30 14:00:00,127.13,0.0,32.0,105.72333333333331,127.13,72.0,100.0,70.0,70.0,72.0,70.25333333333333,67.0,69.0,68.0,68.0,210
2025-01-30 14:15:00,127.13,0.0,32.0,106.18333333333334,127.13,72.0,100.0,70.0,70.0,72.0,70.44,67.0,69.0,68.0,68.0,211
2025-01-30 14:30:00,126.42333333333332,0.0,32.0,106.46333333333332,127.13,72.0,100.0,70.0,70.0,72.0,70.67,67.0,69.0,68.0,68.0,212
2025-01-30 14:45:00,126.42333333333332,0.0,32.0,106.96333333333332,127.13,72.0,100.0,70.0,70.0,72.0,70.89333333333333,67.0,69.0,68.0,68.0,213
2025-01-30 15:00:00,127.13,0.0,32.0,107.19333333333331,127.13,72.0,100.0,70.0,70.0,72.0,71.03666666666668,67.0,69.0,68.0,68.0,214
2025-01-30 15:15:00,127.83666666666666,0.0,31.666666666666668,107.16,127.13,72.0,100.0,70.0,70.0,72.0,71.17999999999999,67.0,69.0,68.0,68.0,215
2025-01-30 15:30:00,126.42333333333332,0.0,31.0,107.74333333333334,127.13,72.0,100.0,70.0,70.0,72.0,71.41666666666667,67.0,69.0,68.0,68.0,216
2025-01-30 15:45:00,127.83666666666666,0.0,31.0,107.97666666666667,127.13,72.0,100.0,70.0,70.0,72.0,71.68666666666667,67.0,69.0,68.0,68.0,217
2025-01-30 16:00:00,127.13,9.393333333333334,30.83333333333333,108.14666666666666,125.01,72.0,94.11333333333334,70.0,70.0,72.0,72.23666666666666,67.0,69.0,68.0,68.0,218
2025-01-30 16:15:00,126.42333333333332,19.84,30.33333333333333,106.44333333333331,125.01,72.0,86.52999999999999,70.0,70.0,72.0,72.46333333333332,67.0,69.0,68.0,68.0,219
2025-01-30 16:30:00,125.01333333333334,19.91333333333333,30.33333333333333,106.58,125.01,72.0,85.23,70.0,70.0,72.0,72.37,67.0,69.0,68.0,68.0,220
2025-01-30 16:45:00,127.13,27.87,30.33333333333333,104.02333333333333,125.01,72.0,79.06333333333333,70.0,70.0,72.0,72.51333333333334,67.0,69.0,68.0,68.0,221
2025-01-30 17:00:00,125.71666666666664,38.5,29.83333333333333,100.76666666666668,125.01,72.0,70.94666666666667,70.0,70.0,72.0,72.7,67.0,69.0,68.0,68.0,222
2025-01-30 17:15:00,126.42333333333332,47.973333333333336,29.5,96.42666666666666,125.01,72.0,62.91666666666666,70.0,70.0,72.0,72.81,67.0,69.0,68.0,68.0,223
2025-01-30 17:30:00,149.02666666666667,56.196666666666665,33.166666666666664,86.31,149.73,72.0,38.16333333333333,70.0,70.0,72.0,72.86,67.0,69.0,68.0,68.0,224
2025-01-30 17:45:00,195.6433333333333,57.38333333333333,38.66666666666666,67.04333333333334,194.93666666666664,72.0,0.0,70.0,70.0,72.0,72.7,67.0,69.0,68.0,68.0,225
2025-01-30 18:00:00,189.9933333333333,53.82,37.66666666666666,67.16000000000001,189.9933333333333,72.0,0.0,70.0,70.0,72.0,72.46333333333332,67.0,69.0,68.0,68.0,226
2025-01-30 18:15:00,185.75333333333333,51.943333333333335,37.16666666666666,67.09666666666666,187.8733333333333,72.0,0.0,70.0,70.0,72.0,72.30333333333333,67.0,69.0,68.0,68.0,227
2025-01-30 18:30:00,204.82333333333332,65.94333333333333,40.5,67.29333333333334,204.82333333333332,72.0,0.0,70.0,70.0,72.0,72.63,67.0,69.0,68.0,68.0,228
2025-01-30 18:45:00,203.41,62.20000000000001,39.833333333333336,67.22333333333334,200.58666666666667,72.0,0.0,70.0,70.0,72.0,72.42,67.0,69.0,68.0,68.0,229
2025-01-30 19:00:00,185.05,49.06666666666666,37.16666666666666,66.98,183.63666666666663,72.0,0.0,70.0,70.0,72.0,71.93666666666667,67.0,69.0,68.0,68.0,230
2025-01-30 19:15:00,165.97666666666666,33.99,35.5,66.96333333333332,165.97666666666666,72.0,0.0,70.0,70.0,72.0,71.59333333333335,67.0,69.0,68.0,68.0,231
2025-01-30 19:30:00,125.71666666666664,6.706666666666666,28.5,72.68333333333332,125.01,72.0,24.07333333333333,70.0,70.0,72.0,70.91333333333334,67.0,69.0,68.0,68.0,232
2025-01-30 19:45:00,125.01,7.37,28.5,74.60333333333334,125.01,72.0,26.75,70.0,70.0,72.0,71.16333333333334,67.0,69.0,68.0,68.0,233
2025-01-30 20:00:00,122.19333333333334,12.4,28.5,73.60666666666667,125.01,72.0,25.76333333333333,70.0,70.0,72.0,71.48333333333333,67.0,69.0,68.0,68.0,234
2025-01-30 20:15:00,122.89666666666666,24.683333333333337,28.666666666666668,71.0,125.01,72.0,19.28,70.0,70.0,72.0,71.90666666666667,67.0,69.0,68.0,68.0,235
2025-01-30 20:30:00,122.19333333333334,26.743333333333336,29.666666666666668,70.06333333333333,125.01,72.0,18.14,70.0,70.0,72.0,71.98333333333333,67.0,69.0,68.0,68.0,236
2025-01-30 20:45:00,123.60333333333334,21.026666666666667,30.0,71.21,125.01,72.0,21.76333333333333,70.0,70.0,72.0,71.82333333333334,67.0,69.0,68.0,68.0,237
2025-01-30 21:00:00,124.30666666666669,17.093333333333334,30.0,72.64333333333333,125.01,72.0,24.94666666666667,70.0,70.0,72.0,71.76333333333334,67.0,69.0,68.0,68.0,238
2025-01-30 21:15:00,123.60333333333334,12.753333333333332,30.0,73.25,125.01,72.0,28.16,70.0,70.0,72.0,71.69666666666667,67.0,69.0,68.0,68.0,239
2025-01-30 21:30:00,123.60333333333334,0.0,30.0,81.69666666666667,125.01,72.0,42.22,70.0,70.0,72.0,71.14999999999999,67.0,69.0,68.0,68.0,240
2025-01-30 21:45:00,124.30666666666669,0.0,30.0,82.70666666666666,125.01,72.0,42.23,70.0,70.0,72.0,71.44333333333333,67.0,69.0,68.0,68.0,241
2025-01-30 22:00:00,124.30666666666669,1.08,30.0,81.64999999999999,125.01,72.0,40.95333333333333,70.0,70.0,72.0,71.68333333333334,67.0,69.0,68.0,68.0,242
2025-01-30 22:15:00,125.71666666666664,0.5566666666666666,30.0,82.39333333333333,125.01,72.0,43.54333333333333,70.0,70.0,72.0,71.64666666666666,67.0,69.0,68.0,68.0,243
2025-01-30 22:30:00,125.01,0.0,30.0,89.58666666666666,125.01,72.0,54.68,70.0,70.0,72.0,71.29,67.0,69.0,68.0,68.0,244
2025-01-30 22:45:00,123.60333333333334,0.0,30.166666666666668,94.32333333333334,125.01,72.0,61.123333333333335,70.0,70.0,72.0,71.24,67.0,69.0,68.0,68.0,245
2025-01-30 23:00:00,124.30666666666669,0.0,30.5,97.62333333333332,125.01,72.0,65.95333333333333,70.0,70.0,72.0,71.27,67.0,69.0,68.0,68.0,246
2025-01-30 23:15:00,124.30666666666669,0.0,30.5,99.92666666666666,125.01,72.0,71.34666666666666,70.0,70.0,72.0,71.28333333333333,67.0,69.0,68.0,68.0,247
2025-01-30 23:30:00,125.71666666666664,0.0,30.666666666666668,101.33666666666666,125.01,72.0,74.29666666666667,70.0,70.0,72.0,71.37666666666667,67.0,69.0,68.0,68.0,248
2025-01-30 23:45:00,125.01,0.0,31.0,102.96333333333332,125.01,72.0,78.3,70.0,70.0,72.0,71.39999999999999,67.0,69.0,68.0,68.0,249
2025-01-31 00:00:00,125.71666666666664,0.0,31.0,103.6,125.01,72.0,80.38666666666667,70.0,70.0,72.0,71.50333333333333,67.0,69.0,68.0,68.0,250
2025-01-31 00:15:00,126.42333333333332,0.0,31.0,105.29333333333334,125.01,72.0,84.13666666666667,70.0,70.0,72.0,71.50333333333333,67.0,69.0,68.0,68.0,251
2025-01-31 00:30:00,126.42333333333332,0.0,31.0,105.20333333333332,125.01,72.0,83.39666666666666,70.0,70.0,72.0,71.67,67.0,69.0,68.0,68.0,252
2025-01-31 00:45:00,125.01333333333334,0.0,31.0,105.80666666666669,125.01,72.0,83.59333333333333,70.0,70.0,72.0,71.77,67.0,69.0,68.0,68.0,253
2025-01-31 01:00:00,124.30666666666669,0.0,31.0,105.6,125.01,72.0,82.41000000000001,70.0,70.0,72.0,71.88666666666667,67.0,69.0,68.0,68.0,254
2025-01-31 01:15:00,123.60333333333334,0.0,31.0,105.27666666666666,125.01,72.0,82.01,70.0,70.0,72.0,71.92666666666666,67.0,69.0,68.0,68.0,255
2025-01-31 01:30:00,125.71666666666664,2.68,31.0,104.19666666666666,125.01,72.0,79.43333333333334,70.0,70.0,72.0,72.06333333333333,67.0,69.0,68.0,68.0,256
2025-01-31 01:45:00,125.71666666666664,4.113333333333333,31.0,104.03666666666668,125.01,72.0,78.31333333333333,70.0,70.0,72.0,72.09,67.0,69.0,68.0,68.0,257
2025-01-31 02:00:00,126.42333333333332,6.736666666666667,31.0,103.13,125.01,72.0,76.39,70.0,70.0,72.0,72.14,67.0,69.0,68.0,68.0,258
2025-01-31 02:15:00,124.30666666666669,10.643333333333333,31.0,102.06,125.01,72.0,73.45666666666666,70.0,70.0,72.0,72.21,67.0,69.0,68.0,68.0,259
2025-01-31 02:30:00,125.71666666666664,12.403333333333334,31.0,101.31666666666666,125.01,72.0,71.69666666666667,70.0,70.0,72.0,72.21,67.0,69.0,68.0,68.0,260
2025-01-31 02:45:00,125.71666666666664,14.226666666666668,31.0,100.52666666666666,125.01,72.0,70.01333333333334,70.0,70.0,72.0,72.22333333333334,67.0,69.0,68.0,68.0,261
2025-01-31 03:00:00,125.01,16.386666666666667,31.0,99.86333333333334,125.01,72.0,67.94666666666667,70.0,70.0,72.0,72.22333333333334,67.0,69.0,68.0,68.0,262
2025-01-31 03:15:00,125.01,17.81,31.0,99.19333333333334,125.01,72.0,66.35333333333334,70.0,70.0,72.0,72.21,67.0,69.0,68.0,68.0,263
2025-01-31 03:30:00,125.01,19.356666666666666,31.0,98.27666666666666,125.01,72.0,64.74333333333333,70.0,70.0,72.0,72.20333333333333,67.0,69.0,68.0,68.0,264
2025-01-31 03:45:00,126.42333333333332,17.82,31.0,98.05333333333331,125.01,72.0,65.07333333333332,70.0,70.0,72.0,72.13000000000001,67.0,69.0,68.0,68.0,265
2025-01-31 04:00:00,127.13,18.576666666666664,30.33333333333333,97.87333333333332,125.01,72.0,64.26,70.0,70.0,72.0,72.11666666666666,67.0,69.0,68.0,68.0,266
2025-01-31 04:15:00,126.42333333333332,21.55333333333333,30.0,96.60666666666668,125.01,72.0,62.01666666666667,70.0,70.0,72.0,72.17,67.0,69.0,68.0,68.0,267
2025-01-31 04:30:00,126.42333333333332,22.68,30.0,95.83333333333331,125.01,72.0,60.81,70.0,70.0,72.0,72.17333333333333,67.0,69.0,68.0,68.0,268
2025-01-31 04:45:00,125.01,24.99333333333333,30.0,94.65333333333332,125.01,72.0,58.82333333333333,70.0,70.0,72.0,72.18666666666667,67.0,69.0,68.0,68.0,269
2025-01-31 05:00:00,125.71666666666664,22.656666666666663,30.0,94.95,125.01,72.0,59.77666666666666,70.0,70.0,72.0,72.09,67.0,69.0,68.0,68.0,270
2025-01-31 05:15:00,125.01,23.27333333333333,30.0,94.74666666666668,125.01,72.0,59.10999999999999,70.0,70.0,72.0,72.08333333333333,67.0,69.0,68.0,68.0,271
2025-01-31 05:30:00,125.01333333333334,24.026666666666667,30.0,94.39333333333332,125.01,72.0,58.38,70.0,70.0,72.0,72.08333333333333,67.0,69.0,68.0,68.0,272
2025-01-31 05:45:00,125.01,24.5,30.0,94.19,125.01,72.0,57.81333333333333,70.0,70.0,72.0,72.08333333333333,67.0,69.0,68.0,68.0,273
2025-01-31 06:00:00,125.71999999999998,24.66333333333333,30.0,94.01666666666668,125.01,72.0,57.47666666666667,70.0,70.0,72.0,72.05666666666666,67.0,69.0,68.0,68.0,274
2025-01-31 06:15:00,124.30666666666669,24.51,30.0,93.93666666666668,125.01,72.0,57.34666666666666,70.0,70.0,72.0,72.05,67.0,69.0,68.0,68.0,275
2025-01-31 06:30:00,124.30666666666669,25.83333333333333,30.0,93.74,125.01,72.0,56.36000000000001,70.0,70.0,72.0,72.07666666666667,67.0,69.0,68.0,68.0,276
2025-01-31 06:45:00,124.30666666666669,26.28333333333333,30.0,93.64666666666666,125.01,72.0,55.81666666666666,70.0,70.0,72.0,72.06333333333333,67.0,69.0,68.0,68.0,277
2025-01-31 07:00:00,124.30666666666669,22.836666666666662,30.0,94.95333333333332,125.01,72.0,57.876666666666665,70.0,70.0,72.0,71.94666666666666,67.0,69.0,68.0,68.0,278
2025-01-31 07:15:00,125.71666666666664,26.266666666666666,30.0,94.09,125.01,72.0,55.76333333333333,70.0,70.0,72.0,72.05666666666666,67.0,69.0,68.0,68.0,279
2025-01-31 07:30:00,124.30666666666669,26.540000000000003,30.0,93.74,125.01,72.0,55.400000000000006,70.0,70.0,72.0,72.05,67.0,69.0,68.0,68.0,280
2025-01-31 07:45:00,125.71666666666664,27.616666666666664,30.0,93.32666666666668,125.01,72.0,54.53,70.0,70.0,72.0,72.07666666666667,67.0,69.0,68.0,68.0,281
2025-01-31 08:00:00,127.13,28.84,29.666666666666668,92.46333333333332,125.01,72.0,53.53,70.0,70.0,72.0,72.09,67.0,69.0,68.0,68.0,282
2025-01-31 08:15:00,125.71666666666664,29.38,29.33333333333333,91.99333333333334,125.01,72.0,52.93333333333334,70.0,70.0,72.0,72.08333333333333,67.0,69.0,68.0,68.0,283
2025-01-31 08:30:00,124.30666666666669,30.25333333333333,29.0,91.74666666666668,125.01,72.0,52.13,70.0,70.0,72.0,72.09,67.0,69.0,68.0,68.0,284
2025-01-31 08:45:00,126.42333333333332,30.91,29.0,91.01333333333334,125.01,72.0,51.43666666666667,70.0,70.0,72.0,72.08333333333333,67.0,69.0,68.0,68.0,285
2025-01-31 09:00:00,125.01,29.44333333333333,28.83333333333333,91.17666666666666,125.01,72.0,52.17,70.0,70.0,72.0,72.02,67.0,69.0,68.0,68.0,286
2025-01-31 09:15:00,125.71666666666664,27.33666666666667,28.666666666666668,91.84333333333332,125.01,72.0,53.51,70.0,70.0,72.0,71.96666666666665,67.0,69.0,68.0,68.0,287
2025-01-31 09:30:00,124.30666666666669,27.896666666666665,29.0,91.79666666666668,125.01,72.0,53.19,70.0,70.0,72.0,71.97333333333334,67.0,69.0,68.0,68.0,288
2025-01-31 09:45:00,122.19333333333334,27.046666666666667,29.0,92.29666666666668,125.01,72.0,53.77,70.0,70.0,72.0,71.96,67.0,69.0,68.0,68.0,289
2025-01-31 10:00:00,124.30666666666669,27.633333333333336,30.0,91.83,125.01,72.0,53.4,70.0,70.0,72.0,71.98333333333333,67.0,69.0,68.0,68.0,290
2025-01-31 10:15:00,126.42333333333332,25.896666666666665,30.5,92.4,125.01,72.0,54.56,70.0,70.0,72.0,71.94,67.0,69.0,68.0,68.0,291
2025-01-31 10:30:00,125.01,25.383333333333336,30.5,92.63,125.01,72.0,55.01666666666667,70.0,70.0,72.0,71.94,67.0,69.0,68.0,68.0,292
2025-01-31 10:45:00,123.60333333333334,25.1,30.5,93.03000000000002,125.01,72.0,55.333333333333336,70.0,70.0,72.0,71.94,67.0,69.0,68.0,68.0,293
2025-01-31 11:00:00,126.42333333333332,24.52,30.5,93.17333333333332,125.01,72.0,55.84666666666666,70.0,70.0,72.0,71.93333333333334,67.0,69.0,68.0,68.0,294
2025-01-31 11:15:00,125.71666666666664,24.48333333333333,30.5,93.26666666666668,125.01,72.0,56.02333333333333,70.0,70.0,72.0,71.94,67.0,69.0,68.0,68.0,295
2025-01-31 11:30:00,125.71666666666664,23.92333333333333,30.5,93.50666666666666,125.01,72.0,56.5,70.0,70.0,72.0,71.93333333333334,67.0,69.0,68.0,68.0,296
2025-01-31 11:45:00,125.71666666666664,23.316666666666663,30.5,93.41,125.01,72.0,57.04,70.0,70.0,72.0,71.92666666666666,67.0,69.0,68.0,68.0,297
2025-01-31 12:00:00,126.42333333333332,23.313333333333333,30.33333333333333,93.64,125.01,72.0,57.18333333333334,70.0,70.0,72.0,71.94,67.0,69.0,68.0,68.0,298
2025-01-31 12:15:00,125.71666666666664,22.96,29.83333333333333,94.16333333333334,125.01,72.0,57.54333333333333,70.0,70.0,72.0,71.94,67.0,69.0,68.0,68.0,299
2025-01-31 12:30:00,126.42333333333332,24.326666666666668,29.5,94.19333333333331,125.01,72.0,56.82333333333333,70.0,70.0,72.0,71.99,67.0,69.0,68.0,68.0,300
2025-01-31 12:45:00,127.13,23.973333333333333,29.5,94.58333333333331,125.01,72.0,56.99,70.0,70.0,72.0,71.97666666666667,67.0,69.0,68.0,68.0,301
2025-01-31 13:00:00,126.42333333333332,27.88,29.33333333333333,93.61,125.01,72.0,54.49666666666667,70.0,70.0,72.0,72.08333333333333,67.0,69.0,68.0,68.0,302
2025-01-31 13:15:00,123.6,28.293333333333333,30.166666666666668,87.00333333333333,125.01,72.0,53.95666666666667,70.0,70.0,72.0,72.07,67.0,69.0,68.0,68.0,303
2025-01-31 13:30:00,125.71999999999998,29.33,30.33333333333333,89.71,125.01,72.0,53.07333333333333,70.0,70.0,72.0,72.09,67.0,69.0,68.0,68.0,304
2025-01-31 13:45:00,122.89666666666666,30.21666666666667,31.33333333333333,87.75,125.01,72.0,52.23333333333333,70.0,70.0,72.0,72.09,67.0,69.0,68.0,68.0,305
2025-01-31 14:00:00,122.89666666666666,29.9,29.666666666666668,85.30333333333333,125.01,72.0,52.120000000000005,70.0,70.0,72.0,72.07666666666667,67.0,69.0,68.0,68.0,306
2025-01-31 14:15:00,125.72,34.1,31.166666666666668,87.94,125.01,72.0,49.38,70.0,70.0,72.0,72.15333333333332,67.0,69.0,68.0,68.0,307
2025-01-31 14:30:00,125.01333333333334,36.59,29.166666666666668,81.33333333333333,125.01,72.0,47.23333333333333,70.0,70.0,72.0,72.18333333333334,67.0,69.0,68.0,68.0,308
2025-01-31 14:45:00,126.42333333333332,22.81,30.5,85.7,125.01,72.0,55.473333333333336,70.0,70.0,72.0,71.78333333333333,67.0,69.0,68.0,68.0,309
2025-01-31 15:00:00,125.01,9.826666666666666,30.5,91.69333333333331,125.01,72.0,64.45,70.0,70.0,72.0,71.46,67.0,69.0,68.0,68.0,310
2025-01-31 15:15:00,124.30666666666669,2.38,30.5,95.24,125.01,72.0,70.6,70.0,70.0,72.0,71.37666666666667,67.0,69.0,68.0,68.0,311
2025-01-31 15:30:00,125.71666666666664,0.9333333333333332,30.666666666666668,96.13333333333333,125.01,72.0,73.23666666666666,70.0,70.0,72.0,71.44666666666666,67.0,69.0,68.0,68.0,312
2025-01-31 15:45:00,126.42333333333332,0.0,31.0,97.38,125.01,72.0,76.07666666666667,70.0,70.0,72.0,71.50333333333333,67.0,69.0,68.0,68.0,313
2025-01-31 16:00:00,125.01,0.0,31.0,99.17,125.01,72.0,79.49,70.0,70.0,72.0,71.51666666666667,67.0,69.0,68.0,68.0,314
2025-01-31 16:15:00,125.01,0.0,31.0,99.79,125.01,72.0,81.70666666666666,70.0,70.0,72.0,71.58333333333333,67.0,69.0,68.0,68.0,315
2025-01-31 16:30:00,126.42333333333332,1.1566666666666667,31.0,98.62333333333332,125.01,72.0,78.45666666666666,70.0,70.0,72.0,71.83999999999999,67.0,69.0,68.0,68.0,316
2025-01-31 16:45:00,126.42333333333332,12.29,31.0,95.83,125.01,72.0,71.43,70.0,70.0,72.0,72.18666666666667,67.0,69.0,68.0,68.0,317
2025-01-31 17:00:00,125.71666666666664,13.126666666666669,30.5,95.12,125.01,72.0,70.28666666666668,70.0,70.0,72.0,72.15666666666665,67.0,69.0,68.0,68.0,318
2025-01-31 17:15:00,125.71999999999998,9.656666666666666,29.666666666666668,95.76666666666668,125.01,72.0,72.09333333333333,70.0,70.0,72.0,72.02666666666666,67.0,69.0,68.0,68.0,319
2025-01-31 17:30:00,124.30666666666669,6.016666666666667,29.5,96.80333333333331,125.01,72.0,74.31666666666666,70.0,70.0,72.0,71.91666666666667,67.0,69.0,68.0,68.0,320
2025-01-31 17:45:00,125.71666666666664,0.8333333333333334,29.5,98.68,125.01,72.0,77.81333333333333,70.0,70.0,72.0,71.8,67.0,69.0,68.0,68.0,321
2025-01-31 18:00:00,125.01,0.0,30.0,99.49333333333334,125.01,72.0,79.42666666666666,70.0,70.0,72.0,71.79333333333334,67.0,69.0,68.0,68.0,322
2025-01-31 18:15:00,124.30666666666669,0.0,30.0,100.33666666666666,125.01,72.0,81.24333333333334,70.0,70.0,72.0,71.77333333333333,67.0,69.0,68.0,68.0,323
2025-01-31 18:30:00,124.30666666666669,0.0,30.166666666666668,101.42,125.01,72.0,83.55666666666667,70.0,70.0,72.0,71.75,67.0,69.0,68.0,68.0,324
2025-01-31 18:45:00,126.42333333333332,0.0,30.0,101.17,125.01,72.0,84.33999999999999,70.0,70.0,72.0,71.79333333333334,67.0,69.0,68.0,68.0,325
2025-01-31 19:00:00,127.83666666666666,0.0,29.33333333333333,102.78333333333336,125.01,72.0,88.89999999999999,70.0,70.0,72.0,71.65666666666668,67.0,69.0,68.0,68.0,326
2025-01-31 19:15:00,125.71666666666664,0.0,29.0,103.91,125.01,72.0,91.35,70.0,70.0,72.0,71.65,67.0,69.0,68.0,68.0,327
2025-01-31 19:30:00,125.01,0.0,30.0,104.42,125.01,72.0,94.25666666666666,70.0,70.0,72.0,71.64,67.0,69.0,68.0,68.0,328
2025-01-31 19:45:00,127.83666666666666,0.0,30.166666666666668,103.73666666666666,125.01,72.0,97.25333333333332,70.0,70.0,72.0,71.62666666666667,67.0,69.0,68.0,68.0,329
2025-01-31 20:00:00,126.42333333333332,0.0,28.83333333333333,103.55666666666669,125.71666666666664,72.0,99.58333333333331,70.0,70.0,72.0,71.63333333333334,67.0,69.0,68.0,68.0,330
2025-01-31 20:15:00,125.71666666666664,0.0,28.33333333333333,103.65,127.13,72.0,100.0,70.0,70.0,72.0,71.64666666666666,67.0,69.0,68.0,68.0,331
2025-01-31 20:30:00,126.42333333333332,0.0,28.0,103.28666666666668,125.01,72.0,97.95666666666666,70.0,70.0,72.0,71.92666666666666,67.0,69.0,68.0,68.0,332
2025-01-31 20:45:00,126.42333333333332,0.0,28.0,103.07666666666668,125.01,72.0,98.09666666666664,70.0,70.0,72.0,71.94,67.0,69.0,68.0,68.0,333
2025-01-31 21:00:00,127.13,4.24,27.83333333333333,102.87,125.01,72.0,94.72666666666667,70.0,70.0,72.0,72.12666666666667,67.0,69.0,68.0,68.0,334
2025-01-31 21:15:00,127.13,27.33,28.33333333333333,99.15666666666668,125.01,72.0,79.62,70.0,70.0,72.0,72.72333333333334,67.0,69.0,68.0,68.0,335
2025-01-31 21:30:00,144.08,39.99666666666667,29.666666666666668,83.86666666666667,141.96333333333334,72.0,47.28,70.0,70.0,72.0,72.87666666666667,67.0,69.0,68.0,68.0,336
2025-01-31 21:45:00,180.1,46.51666666666667,35.0,60.370000000000005,181.51666666666665,72.0,0.0,70.0,70.0,72.0,72.87333333333333,67.0,69.0,68.0,68.0,337
2025-01-31 22:00:00,163.86,30.26,32.166666666666664,60.123333333333335,161.03333333333333,72.0,0.0,70.0,70.0,72.0,72.28333333333335,67.0,69.0,68.0,68.0,338
2025-01-31 22:15:00,123.6,0.0,27.0,63.68666666666667,125.01,72.0,16.16333333333333,70.0,70.0,72.0,70.97000000000001,67.0,69.0,68.0,68.0,339
2025-01-31 22:30:00,126.42333333333332,0.0,27.0,74.51666666666667,125.01,72.0,29.540000000000003,70.0,70.0,72.0,70.98,67.0,69.0,68.0,68.0,340
2025-01-31 22:45:00,123.60333333333334,0.0,28.33333333333333,74.81,125.01,72.0,37.126666666666665,70.0,70.0,72.0,70.97,67.0,69.0,68.0,68.0,341
2025-01-31 23:00:00,125.71999999999998,0.0,27.5,81.30333333333333,125.01,72.0,42.43,70.0,70.0,72.0,71.06,67.0,69.0,68.0,68.0,342
2025-01-31 23:15:00,125.01333333333334,0.0,29.0,78.26666666666667,125.01,72.0,39.443333333333335,70.0,70.0,72.0,71.49333333333334,67.0,69.0,68.0,68.0,343
2025-01-31 23:30:00,126.42333333333332,0.0,27.666666666666668,76.98666666666666,125.01,72.0,38.52333333333333,70.0,70.0,72.0,71.69,67.0,69.0,68.0,68.0,344
2025-01-31 23:45:00,125.01666666666668,0.0,29.0,80.01,125.01,72.0,42.31,70.0,70.0,72.0,71.61,67.0,69.0,68.0,68.0,345
2025-02-01 00:00:00,125.71666666666664,0.0,27.666666666666668,83.04,125.01,72.0,49.86666666666667,70.0,70.0,72.0,71.41,67.0,69.0,68.0,68.0,346
2025-02-01 00:15:00,126.42333333333332,0.0,28.666666666666668,89.50666666666666,125.01,72.0,51.97666666666667,70.0,70.0,72.0,71.51666666666667,67.0,69.0,68.0,68.0,347
2025-02-01 00:30:00,123.60333333333334,0.0,28.83333333333333,87.71999999999998,125.01,72.0,55.47,70.0,70.0,72.0,71.51666666666667,67.0,69.0,68.0,68.0,348
2025-02-01 00:45:00,124.30666666666669,0.0,28.166666666666668,90.49666666666668,125.01,72.0,57.22,70.0,70.0,72.0,71.59333333333333,67.0,69.0,68.0,68.0,349
2025-02-01 01:00:00,125.71666666666664,0.0,29.5,94.31333333333332,125.01,72.0,59.61333333333334,70.0,70.0,72.0,71.61333333333333,67.0,69.0,68.0,68.0,350
2025-02-01 01:15:00,125.71666666666664,0.0,28.33333333333333,94.66666666666669,125.01,72.0,61.29,70.0,70.0,72.0,71.65,67.0,69.0,68.0,68.0,351
2025-02-01 01:30:00,125.71999999999998,0.0,29.83333333333333,95.91333333333334,125.01,72.0,61.42333333333334,70.0,70.0,72.0,71.76333333333334,67.0,69.0,68.0,68.0,352
2025-02-01 01:45:00,125.71666666666664,0.0,28.166666666666668,95.50333333333332,125.01,72.0,62.14000000000001,70.0,70.0,72.0,71.8,67.0,69.0,68.0,68.0,353
2025-02-01 02:00:00,124.30666666666669,0.0,30.0,95.69,125.01,72.0,62.84666666666666,70.0,70.0,72.0,71.83,67.0,69.0,68.0,68.0,354
2025-02-01 02:15:00,125.71666666666664,0.0,28.5,97.49,125.01,72.0,61.52333333333333,70.0,70.0,72.0,71.93333333333334,67.0,69.0,68.0,68.0,355
2025-02-01 02:30:00,125.01,0.0533333333333333,28.5,97.62,125.01,72.0,61.27666666666667,70.0,70.0,72.0,71.96,67.0,69.0,68.0,68.0,356
2025-02-01 02:45:00,125.01,2.3666666666666667,28.5,96.38666666666666,125.01,72.0,59.32333333333333,70.0,70.0,72.0,72.05666666666666,67.0,69.0,68.0,68.0,357
2025-02-01 03:00:00,125.71666666666664,4.096666666666667,28.5,95.36666666666667,125.01,72.0,58.03,70.0,70.0,72.0,72.09,67.0,69.0,68.0,68.0,358
2025-02-01 03:15:00,123.60333333333334,5.026666666666666,28.5,94.78666666666668,125.01,72.0,57.173333333333325,70.0,70.0,72.0,72.09333333333333,67.0,69.0,68.0,68.0,359
2025-02-01 03:30:00,123.60333333333334,8.843333333333334,28.83333333333333,93.00333333333332,125.01,72.0,54.46666666666667,70.0,70.0,72.0,72.17666666666666,67.0,69.0,68.0,68.0,360
2025-02-01 03:45:00,123.60333333333334,10.106666666666667,29.0,91.85666666666668,125.01,72.0,53.123333333333335,70.0,70.0,72.0,72.16666666666667,67.0,69.0,68.0,68.0,361
2025-02-01 04:00:00,125.01,9.11,29.0,91.82666666666668,125.01,72.0,53.29,70.0,70.0,72.0,72.10333333333334,67.0,69.0,68.0,68.0,362
2025-02-01 04:15:00,124.30666666666669,9.436666666666667,29.0,91.37666666666668,125.01,72.0,52.77333333333333,70.0,70.0,72.0,72.09,67.0,69.0,68.0,68.0,363
2025-02-01 04:30:00,122.90000000000002,9.66,29.666666666666668,91.22,125.01,72.0,52.35333333333333,70.0,70.0,72.0,72.07666666666667,67.0,69.0,68.0,68.0,364
2025-02-01 04:45:00,125.01,9.776666666666666,30.0,91.08333333333331,125.01,72.0,52.02666666666666,70.0,70.0,72.0,72.05666666666666,67.0,69.0,68.0,68.0,365
2025-02-01 05:00:00,125.71666666666664,9.273333333333332,30.0,90.85333333333334,125.01,72.0,52.13333333333333,70.0,70.0,72.0,72.02666666666666,67.0,69.0,68.0,68.0,366
2025-02-01 05:15:00,125.01333333333334,6.5,30.0,91.81333333333332,125.01,72.0,53.81666666666666,70.0,70.0,72.0,71.94666666666666,67.0,69.0,68.0,68.0,367
2025-02-01 05:30:00,124.30666666666669,5.966666666666666,30.0,92.2,125.01,72.0,54.27,70.0,70.0,72.0,71.94,67.0,69.0,68.0,68.0,368
2025-02-01 05:45:00,123.60333333333334,5.543333333333333,30.0,92.50666666666666,125.01,72.0,54.656666666666666,70.0,70.0,72.0,71.94,67.0,69.0,68.0,68.0,369
2025-02-01 06:00:00,125.01,4.510000000000001,30.166666666666668,92.94666666666669,125.01,72.0,55.446666666666665,70.0,70.0,72.0,71.91333333333334,67.0,69.0,68.0,68.0,370
2025-02-01 06:15:00,123.60333333333334,3.9500000000000006,30.5,93.14666666666666,125.01,72.0,55.98333333333333,70.0,70.0,72.0,71.91666666666667,67.0,69.0,68.0,68.0,371
2025-02-01 06:30:00,125.01,0.0,30.5,94.34333333333332,125.01,72.0,59.25333333333333,70.0,70.0,72.0,71.80666666666666,67.0,69.0,68.0,68.0,372
2025-02-01 06:45:00,124.30666666666669,0.0,30.83333333333333,95.01333333333334,125.01,72.0,61.04,70.0,70.0,72.0,71.78,67.0,69.0,68.0,68.0,373
2025-02-01 07:00:00,125.01333333333334,0.0,31.0,96.49333333333334,125.01,72.0,63.49,70.0,70.0,72.0,71.73666666666666,67.0,69.0,68.0,68.0,374
2025-02-03 21:15:00,123.955,36.88,24.5,76.275,125.01,72.0,36.2,70.0,70.0,72.0,71.68,67.0,69.0,68.0,68.0,375
2025-02-03 21:30:00,125.01333333333332,39.71333333333334,24.5,75.49333333333334,125.01,72.0,35.06,70.0,70.0,72.0,71.8,67.0,69.0,68.0,68.0,376
2025-02-03 21:45:00,125.01,41.42666666666667,24.0,74.64999999999999,125.01,72.0,34.473333333333336,70.0,70.0,72.0,71.87666666666667,67.0,69.0,68.0,68.0,377
2025-02-03 22:00:00,124.30666666666669,40.296666666666674,24.666666666666668,75.06333333333333,125.01,72.0,35.54333333333333,70.0,70.0,72.0,71.87666666666667,67.0,69.0,68.0,68.0,378
2025-02-03 22:15:00,125.71666666666664,39.59333333333333,24.166666666666668,75.20666666666666,125.01,72.0,36.223333333333336,70.0,70.0,72.0,71.87333333333333,67.0,69.0,68.0,68.0,379
2025-02-03 22:30:00,124.30666666666669,37.48,24.83333333333333,76.05666666666667,125.01,72.0,37.84,70.0,70.0,72.0,71.83666666666666,67.0,69.0,68.0,68.0,380
2025-02-03 22:45:00,126.42333333333332,36.73666666666667,24.83333333333333,76.73666666666666,125.01,72.0,38.70666666666667,70.0,70.0,72.0,71.84666666666666,67.0,69.0,68.0,68.0,381
2025-02-03 23:00:00,125.01333333333334,35.916666666666664,25.166666666666668,77.27666666666666,125.01,72.0,39.63999999999999,70.0,70.0,72.0,71.86,67.0,69.0,68.0,68.0,382
2025-02-03 23:15:00,124.30666666666669,34.09,26.0,78.14,125.01,72.0,41.123333333333335,70.0,70.0,72.0,71.83,67.0,69.0,68.0,68.0,383
2025-02-03 23:30:00,123.60333333333334,32.13333333333333,26.0,79.17666666666666,125.01,72.0,42.81333333333333,70.0,70.0,72.0,71.81666666666666,67.0,69.0,68.0,68.0,384
2025-02-03 23:45:00,123.60333333333334,34.39333333333334,26.83333333333333,78.80666666666667,125.01,72.0,41.803333333333335,70.0,70.0,72.0,71.90333333333332,67.0,69.0,68.0,68.0,385
2025-02-04 00:00:00,123.60333333333334,29.39333333333333,27.33333333333333,80.94666666666667,125.01,72.0,45.26,70.0,70.0,72.0,71.79333333333334,67.0,69.0,68.0,68.0,386
2025-02-04 00:15:00,123.60333333333334,25.03333333333333,27.5,82.82666666666667,125.01,72.0,48.586666666666666,70.0,70.0,72.0,71.71999999999998,67.0,69.0,68.0,68.0,387
2025-02-04 00:30:00,125.01,24.536666666666665,27.83333333333333,83.64666666666666,125.01,72.0,49.63,70.0,70.0,72.0,71.75333333333333,67.0,69.0,68.0,68.0,388
2025-02-04 00:45:00,123.60333333333334,22.19,28.0,84.93333333333334,125.01,72.0,51.76333333333333,70.0,70.0,72.0,71.74333333333334,67.0,69.0,68.0,68.0,389
2025-02-04 01:00:00,124.30666666666669,21.913333333333338,28.0,85.50999999999999,125.01,72.0,52.63333333333333,70.0,70.0,72.0,71.78666666666668,67.0,69.0,68.0,68.0,390
2025-02-04 01:15:00,123.60333333333334,20.37,28.33333333333333,86.60000000000001,125.01,72.0,54.16333333333333,70.0,70.0,72.0,71.78,67.0,69.0,68.0,68.0,391
2025-02-04 01:30:00,124.30666666666669,19.08,28.83333333333333,87.63333333333333,125.01,72.0,55.55,70.0,70.0,72.0,71.78666666666668,67.0,69.0,68.0,68.0,392
2025-02-04 01:45:00,125.71666666666664,20.24,29.0,87.64,125.01,72.0,55.35999999999999,70.0,70.0,72.0,71.85333333333334,67.0,69.0,68.0,68.0,393
2025-02-04 02:00:00,125.71666666666664,20.35333333333333,29.0,87.62,125.01,72.0,55.620000000000005,70.0,70.0,72.0,71.89,67.0,69.0,68.0,68.0,394
2025-02-04 02:15:00,126.42333333333332,21.21333333333333,29.0,87.46666666666665,125.01,72.0,55.330000000000005,70.0,70.0,72.0,71.93333333333334,67.0,69.0,68.0,68.0,395
2025-02-04 02:30:00,126.42333333333332,23.26333333333333,28.83333333333333,86.79,125.01,72.0,54.156666666666666,70.0,70.0,72.0,72.00333333333333,67.0,69.0,68.0,68.0,396
2025-02-04 02:45:00,125.01333333333334,25.256666666666664,28.5,86.17999999999999,125.01,72.0,52.85666666666666,70.0,70.0,72.0,72.05,67.0,69.0,68.0,68.0,397
2025-02-04 03:00:00,125.71666666666664,28.293333333333333,28.5,84.93666666666667,125.01,72.0,50.77666666666666,70.0,70.0,72.0,72.11666666666666,67.0,69.0,68.0,68.0,398
2025-02-04 03:15:00,126.42333333333332,27.74,28.0,84.75666666666666,125.01,72.0,50.81,70.0,70.0,72.0,72.09,67.0,69.0,68.0,68.0,399
2025-02-04 03:30:00,125.71666666666664,30.433333333333334,28.0,83.47,125.01,72.0,48.79666666666666,70.0,70.0,72.0,72.14,67.0,69.0,68.0,68.0,400
2025-02-04 03:45:00,126.42333333333332,33.75333333333334,28.0,81.84333333333332,125.01,72.0,46.28333333333333,70.0,70.0,72.0,72.19333333333333,67.0,69.0,68.0,68.0,401
2025-02-04 04:00:00,125.71666666666664,36.31333333333333,28.0,80.45666666666666,125.01,72.0,44.07666666666666,70.0,70.0,72.0,72.21666666666665,67.0,69.0,68.0,68.0,402
2025-02-04 04:15:00,125.01,39.66666666666666,28.0,78.55333333333334,125.01,72.0,41.34,70.0,70.0,72.0,72.26666666666667,67.0,69.0,68.0,68.0,403
2025-02-04 04:30:00,126.42333333333332,40.31,28.0,77.31666666666666,125.01,72.0,40.15,70.0,70.0,72.0,72.22333333333334,67.0,69.0,68.0,68.0,404
2025-02-04 04:45:00,126.42333333333332,38.46333333333333,28.0,77.22666666666667,125.01,72.0,40.626666666666665,70.0,70.0,72.0,72.12666666666667,67.0,69.0,68.0,68.0,405
2025-02-04 05:00:00,125.01,37.96333333333333,28.0,77.41666666666667,125.01,72.0,40.60666666666666,70.0,70.0,72.0,72.09,67.0,69.0,68.0,68.0,406
2025-02-04 05:15:00,126.42333333333332,37.806666666666665,28.0,77.40666666666667,125.01,72.0,40.42333333333334,70.0,70.0,72.0,72.05666666666667,67.0,69.0,68.0,68.0,407
2025-02-04 05:30:00,125.01,31.936666666666667,28.0,79.04333333333334,125.01,72.0,43.95333333333334,70.0,70.0,72.0,71.87666666666667,67.0,69.0,68.0,68.0,408
2025-02-04 05:45:00,125.71666666666664,29.28333333333333,28.0,80.51666666666667,125.01,72.0,45.91,70.0,70.0,72.0,71.83,67.0,69.0,68.0,68.0,409
2025-02-04 06:00:00,124.30666666666669,23.25,28.166666666666668,83.36666666666666,125.01,72.0,50.23333333333333,70.0,70.0,72.0,71.70333333333333,67.0,69.0,68.0,68.0,410
2025-02-04 06:15:00,125.01,22.52,29.5,84.38333333333334,125.01,72.0,51.49,70.0,70.0,72.0,71.74333333333334,67.0,69.0,68.0,68.0,411
2025-02-04 06:30:00,124.30666666666669,20.273333333333333,29.5,85.63666666666667,125.01,72.0,53.56333333333333,70.0,70.0,72.0,71.72666666666667,67.0,69.0,68.0,68.0,412
2025-02-04 06:45:00,125.01,18.136666666666667,29.5,86.83,125.01,72.0,55.61666666666667,70.0,70.0,72.0,71.71999999999998,67.0,69.0,68.0,68.0,413
2025-02-04 07:00:00,125.71666666666664,17.580000000000002,29.5,87.58999999999999,125.01,72.0,56.71,70.0,70.0,72.0,71.76,67.0,69.0,68.0,68.0,414
2025-02-04 07:15:00,125.71666666666664,16.213333333333335,29.5,88.52333333333333,125.01,72.0,58.17666666666667,70.0,70.0,72.0,71.77333333333333,67.0,69.0,68.0,68.0,415
2025-02-04 07:30:00,125.01333333333334,14.923333333333334,29.5,89.70333333333333,125.01,72.0,59.583333333333336,70.0,70.0,72.0,71.78,67.0,69.0,68.0,68.0,416
2025-02-04 07:45:00,125.71666666666664,14.126666666666663,29.5,90.12333333333332,125.01,72.0,60.66,70.0,70.0,72.0,71.8,67.0,69.0,68.0,68.0,417
2025-02-04 08:00:00,125.71666666666664,16.529999999999998,29.5,89.69333333333333,125.01,72.0,59.59333333333333,70.0,70.0,72.0,71.89,67.0,69.0,68.0,68.0,418
2025-02-04 08:15:00,125.71666666666664,17.36,29.83333333333333,89.61333333333333,125.01,72.0,59.30666666666667,70.0,70.0,72.0,71.94,67.0,69.0,68.0,68.0,419
2025-02-04 08:30:00,126.42333333333332,17.95,30.0,89.03333333333335,125.01,72.0,59.00666666666666,70.0,70.0,72.0,71.96,67.0,69.0,68.0,68.0,420
2025-02-04 08:45:00,125.71666666666664,17.993333333333336,29.5,89.13333333333333,125.01,72.0,59.07666666666666,70.0,70.0,72.0,71.97666666666667,67.0,69.0,68.0,68.0,421
2025-02-04 09:00:00,125.71666666666664,20.916666666666668,29.5,87.69333333333333,125.01,72.0,57.21333333333333,70.0,70.0,72.0,72.05,67.0,69.0,68.0,68.0,422
2025-02-04 09:15:00,125.01,22.266666666666666,29.5,87.09333333333332,125.01,72.0,56.17,70.0,70.0,72.0,72.07666666666667,67.0,69.0,68.0,68.0,423
2025-02-04 09:30:00,125.01,22.28,29.5,86.59666666666665,125.01,72.0,55.92,70.0,70.0,72.0,72.05666666666666,67.0,69.0,68.0,68.0,424
2025-02-04 09:45:00,125.71666666666664,23.016666666666666,29.33333333333333,85.78333333333335,125.01,72.0,55.24,70.0,70.0,72.0,72.05666666666666,67.0,69.0,68.0,68.0,425
2025-02-04 10:00:00,125.71666666666664,23.49,28.166666666666668,88.95,125.01,72.0,54.75,70.0,70.0,72.0,72.06333333333333,67.0,69.0,68.0,68.0,426
2025-02-04 10:15:00,126.42333333333332,22.326666666666668,27.33333333333333,92.62666666666668,125.01,72.0,55.27,70.0,70.0,72.0,72.01,67.0,69.0,68.0,68.0,427
2025-02-04 10:30:00,126.42333333333332,20.040000000000003,26.83333333333333,93.30333333333331,125.01,72.0,56.673333333333325,70.0,70.0,72.0,71.94666666666666,67.0,69.0,68.0,68.0,428
2025-02-04 10:45:00,125.71666666666664,19.26,26.83333333333333,93.86666666666667,125.01,72.0,57.28333333333333,70.0,70.0,72.0,71.92666666666666,67.0,69.0,68.0,68.0,429
2025-02-04 11:00:00,124.30666666666669,18.96,26.83333333333333,93.46999999999998,125.01,72.0,57.63333333333333,70.0,70.0,72.0,71.93333333333334,67.0,69.0,68.0,68.0,430
2025-02-04 11:15:00,124.30666666666669,18.52333333333333,27.0,93.39333333333332,125.01,72.0,58.03666666666667,70.0,70.0,72.0,71.92666666666666,67.0,69.0,68.0,68.0,431
2025-02-04 11:30:00,124.30666666666669,15.543333333333331,27.0,94.16666666666669,125.01,72.0,60.046666666666674,70.0,70.0,72.0,71.86666666666666,67.0,69.0,68.0,68.0,432
2025-02-04 11:45:00,125.01,12.646666666666668,27.0,95.75666666666666,125.01,72.0,62.27333333333333,70.0,70.0,72.0,71.81666666666666,67.0,69.0,68.0,68.0,433
2025-02-04 12:00:00,124.30666666666669,10.683333333333332,27.0,96.98,125.01,72.0,64.0,70.0,70.0,72.0,71.79333333333334,67.0,69.0,68.0,68.0,434
2025-02-04 12:15:00,124.30666666666669,7.31,27.0,98.33666666666666,125.01,72.0,66.66000000000001,70.0,70.0,72.0,71.74333333333333,67.0,69.0,68.0,68.0,435
2025-02-04 12:30:00,123.60333333333334,4.3,27.5,99.62333333333332,125.01,72.0,69.21,70.0,70.0,72.0,71.7,67.0,69.0,68.0,68.0,436
2025-02-04 12:45:00,125.01,2.026666666666667,28.0,100.16666666666669,125.01,72.0,71.51,70.0,70.0,72.0,71.70666666666666,67.0,69.0,68.0,68.0,437
2025-02-04 13:00:00,125.01333333333334,1.2366666666666666,28.0,100.81666666666666,125.01,72.0,72.89,70.0,70.0,72.0,71.73,67.0,69.0,68.0,68.0,438
2025-02-04 13:15:00,125.01,0.0,28.33333333333333,101.95666666666666,125.01,72.0,75.72333333333334,70.0,70.0,72.0,71.68333333333334,67.0,69.0,68.0,68.0,439
2025-02-04 13:30:00,123.60333333333334,0.0,28.5,102.86666666666667,125.01,72.0,78.78333333333335,70.0,70.0,72.0,71.65666666666668,67.0,69.0,68.0,68.0,440
2025-02-04 13:45:00,125.71666666666664,0.0,29.0,103.66333333333334,125.01,72.0,81.11666666666666,70.0,70.0,72.0,71.67,67.0,69.0,68.0,68.0,441
2025-02-04 14:00:00,125.01,0.0,29.0,104.37,125.01,72.0,83.63333333333334,70.0,70.0,72.0,71.65,67.0,69.0,68.0,68.0,442
2025-02-04 14:15:00,125.01,0.7200000000000001,29.0,103.55666666666669,125.01,72.0,81.29333333333334,70.0,70.0,72.0,71.88,67.0,69.0,68.0,68.0,443
2025-02-04 14:30:00,125.71666666666664,3.643333333333333,29.0,101.01666666666668,125.01,72.0,76.97000000000001,70.0,70.0,72.0,72.08,67.0,69.0,68.0,68.0,444
2025-02-04 14:45:00,125.01,7.933333333333334,29.0,100.25,125.01,72.0,74.02333333333333,70.0,70.0,72.0,72.17666666666666,67.0,69.0,68.0,68.0,445
2025-02-04 15:00:00,123.60333333333334,5.366666666666667,29.0,100.21333333333332,125.01,72.0,75.07666666666667,70.0,70.0,72.0,72.06,67.0,69.0,68.0,68.0,446
2025-02-04 15:15:00,124.30666666666669,1.2699999999999998,29.5,101.33666666666666,125.01,72.0,77.50333333333333,70.0,70.0,72.0,71.94666666666666,67.0,69.0,68.0,68.0,447
2025-02-04 15:30:00,125.01,0.8433333333333334,29.5,101.36,125.01,72.0,77.89666666666666,70.0,70.0,72.0,71.94,67.0,69.0,68.0,68.0,448
2025-02-04 15:45:00,125.71666666666664,0.0433333333333333,29.83333333333333,101.87,125.01,72.0,78.58,70.0,70.0,72.0,71.92,67.0,69.0,68.0,68.0,449
2025-02-04 16:00:00,125.01,0.0,30.0,102.03666666666668,125.01,72.0,78.98,70.0,70.0,72.0,71.92666666666666,67.0,69.0,68.0,68.0,450
2025-02-04 16:15:00,124.30666666666669,0.0,30.33333333333333,102.35666666666668,125.01,72.0,79.19,70.0,70.0,72.0,71.93333333333334,67.0,69.0,68.0,68.0,451
2025-02-04 16:30:00,125.01333333333334,0.6266666666666666,30.5,102.80666666666669,125.01,72.0,79.01333333333334,70.0,70.0,72.0,71.94,67.0,69.0,68.0,68.0,452
2025-02-04 16:45:00,127.13,3.8166666666666655,30.83333333333333,101.49666666666668,125.01,72.0,76.60666666666667,70.0,70.0,72.0,72.06333333333333,67.0,69.0,68.0,68.0,453
2025-02-04 17:00:00,126.42333333333332,2.47,29.0,101.53333333333336,125.01,72.0,77.27333333333333,70.0,70.0,72.0,72.02,67.0,69.0,68.0,68.0,454
2025-02-04 17:15:00,126.42333333333332,0.0,29.0,103.57333333333334,125.01,72.0,81.48666666666666,70.0,70.0,72.0,71.83,67.0,69.0,68.0,68.0,455
2025-02-04 17:30:00,126.42333333333332,2.053333333333333,28.5,103.34,125.01,72.0,79.58999999999999,70.0,70.0,72.0,71.98666666666666,67.0,69.0,68.0,68.0,456
2025-02-04 17:45:00,127.13,1.1333333333333333,28.5,103.43,125.01,72.0,80.70333333333333,70.0,70.0,72.0,71.90666666666665,67.0,69.0,68.0,68.0,457
2025-02-04 18:00:00,128.54333333333332,0.0,28.5,104.95666666666666,125.01,72.0,84.31333333333333,70.0,70.0,72.0,71.79333333333334,67.0,69.0,68.0,68.0,458
2025-02-04 18:15:00,127.13,12.296666666666669,28.0,101.35333333333334,125.01,72.0,73.50333333333333,70.0,70.0,72.0,72.34333333333333,67.0,69.0,68.0,68.0,459
2025-02-04 18:30:00,125.71666666666664,22.37333333333333,28.0,97.04333333333334,125.01,72.0,65.85666666666667,70.0,70.0,72.0,72.52666666666666,67.0,69.0,68.0,68.0,460
2025-02-04 18:45:00,125.71666666666664,18.62,27.5,97.56666666666666,125.01,72.0,66.89333333333333,70.0,70.0,72.0,72.31666666666666,67.0,69.0,68.0,68.0,461
2025-02-04 19:00:00,125.71666666666664,17.87,27.166666666666668,97.81,125.01,72.0,66.54666666666667,70.0,70.0,72.0,72.22333333333334,67.0,69.0,68.0,68.0,462
2025-02-04 19:15:00,125.71999999999998,19.99333333333333,27.0,96.88666666666666,125.01,72.0,64.50666666666666,70.0,70.0,72.0,72.23,67.0,69.0,68.0,68.0,463
2025-02-04 19:30:00,126.42333333333332,21.843333333333334,27.0,95.66666666666669,125.01,72.0,62.68000000000001,70.0,70.0,72.0,72.23666666666666,67.0,69.0,68.0,68.0,464
2025-02-04 19:45:00,126.42333333333332,19.816666666666663,27.0,95.90666666666668,125.01,72.0,63.25333333333333,70.0,70.0,72.0,72.12666666666667,67.0,69.0,68.0,68.0,465
2025-02-04 20:00:00,125.71666666666664,16.32,26.83333333333333,97.54666666666668,125.01,72.0,65.09333333333332,70.0,70.0,72.0,72.00333333333333,67.0,69.0,68.0,68.0,466
2025-02-04 20:15:00,126.42333333333332,14.11,26.166666666666668,98.44333333333331,125.01,72.0,66.5,70.0,70.0,72.0,71.94,67.0,69.0,68.0,68.0,467
2025-02-04 20:30:00,126.42333333333332,13.27,25.83333333333333,98.95,125.01,72.0,67.14666666666666,70.0,70.0,72.0,71.92666666666666,67.0,69.0,68.0,68.0,468
2025-02-04 20:45:00,126.42333333333332,11.706666666666669,25.666666666666668,99.48,125.01,72.0,68.31333333333333,70.0,70.0,72.0,71.89666666666666,67.0,69.0,68.0,68.0,469
2025-02-04 21:00:00,125.71666666666664,7.563333333333333,25.5,100.5,125.01,72.0,71.22,70.0,70.0,72.0,71.80666666666666,67.0,69.0,68.0,68.0,470
2025-02-04 21:15:00,125.01333333333334,6.080000000000001,25.166666666666668,101.38333333333333,125.01,72.0,72.64333333333333,70.0,70.0,72.0,71.8,67.0,69.0,68.0,68.0,471
2025-02-04 21:30:00,125.71999999999998,4.37,26.0,101.88666666666666,125.01,72.0,74.26666666666667,70.0,70.0,72.0,71.8,67.0,69.0,68.0,68.0,472
2025-02-04 21:45:00,124.30666666666669,3.043333333333333,26.0,102.36333333333332,125.01,72.0,75.64333333333333,70.0,70.0,72.0,71.8,67.0,69.0,68.0,68.0,473
2025-02-04 22:00:00,125.01333333333334,1.55,25.83333333333333,102.87666666666668,125.01,72.0,77.10666666666667,70.0,70.0,72.0,71.8,67.0,69.0,68.0,68.0,474
2025-02-04 22:15:00,125.71999999999998,0.0,26.0,103.93333333333334,125.01,72.0,80.52666666666666,70.0,70.0,72.0,71.7,67.0,69.0,68.0,68.0,475
2025-02-04 22:30:00,125.01,0.0,26.166666666666668,105.56666666666666,125.01,72.0,84.35666666666667,70.0,70.0,72.0,71.63666666666667,67.0,69.0,68.0,68.0,476
2025-02-04 22:45:00,127.83666666666666,0.0,25.83333333333333,106.65333333333332,125.01,72.0,89.45,70.0,70.0,72.0,71.53333333333335,67.0,69.0,68.0,68.0,477
2025-02-04 23:00:00,125.71666666666664,0.0,25.666666666666668,107.65,125.01,72.0,96.30333333333331,70.0,70.0,72.0,71.39666666666666,67.0,69.0,68.0,68.0,478
2025-02-04 23:15:00,125.72,0.0,25.5,107.33333333333331,127.13,72.0,100.0,70.0,70.0,72.0,71.27,67.0,69.0,68.0,68.0,479
2025-02-04 23:30:00,125.71666666666664,0.0,27.0,107.45,127.13,72.0,100.0,70.0,70.0,72.0,71.37333333333333,67.0,69.0,68.0,68.0,480
2025-02-04 23:45:00,124.30666666666669,0.0,27.33333333333333,107.63666666666666,127.13,72.0,100.0,70.0,70.0,72.0,71.61,67.0,69.0,68.0,68.0,481
2025-02-05 00:00:00,125.01,0.0,28.33333333333333,107.56333333333332,127.13,72.0,100.0,70.0,70.0,72.0,71.73,67.0,69.0,68.0,68.0,482
2025-02-05 00:15:00,124.30666666666669,0.0,29.166666666666668,107.93,127.13,72.0,100.0,70.0,70.0,72.0,71.77333333333333,67.0,69.0,68.0,68.0,483
2025-02-05 00:30:00,123.60333333333334,0.0,29.83333333333333,108.10333333333334,127.13,72.0,100.0,70.0,70.0,72.0,71.86333333333333,67.0,69.0,68.0,68.0,484
2025-02-05 00:45:00,126.42333333333332,0.0,30.0,107.75666666666666,127.13,72.0,100.0,70.0,70.0,72.0,71.73666666666666,67.0,69.0,68.0,68.0,485
2025-02-05 01:00:00,126.42333333333332,0.0,30.5,107.87,127.13,72.0,100.0,70.0,70.0,72.0,71.8,67.0,69.0,68.0,68.0,486
2025-02-05 01:15:00,126.42333333333332,0.0,30.5,107.93,127.13,72.0,100.0,70.0,70.0,72.0,71.8,67.0,69.0,68.0,68.0,487
2025-02-05 01:30:00,125.71666666666664,0.0,30.83333333333333,108.17666666666666,127.13,72.0,100.0,70.0,70.0,72.0,71.81666666666666,67.0,69.0,68.0,68.0,488
2025-02-05 01:45:00,125.01333333333334,0.0,31.0,108.33666666666666,127.13,72.0,100.0,70.0,70.0,72.0,71.88,67.0,69.0,68.0,68.0,489
2025-02-05 02:00:00,124.30666666666669,0.0,31.5,108.49333333333334,127.13,72.0,100.0,70.0,70.0,72.0,71.89,67.0,69.0,68.0,68.0,490
2025-02-05 02:15:00,125.01,0.0,31.666666666666668,108.48,127.13,72.0,100.0,70.0,70.0,72.0,71.80666666666666,67.0,69.0,68.0,68.0,491
2025-02-05 02:30:00,125.71666666666664,0.0,32.0,108.61,127.13,72.0,100.0,70.0,70.0,72.0,71.83999999999999,67.0,69.0,68.0,68.0,492
2025-02-05 02:45:00,124.30666666666669,0.0,32.5,108.65666666666668,127.13,72.0,100.0,70.0,70.0,72.0,71.81333333333333,67.0,69.0,68.0,68.0,493
2025-02-05 03:00:00,125.01,0.0,32.5,108.83,127.13,72.0,100.0,70.0,70.0,72.0,71.8,67.0,69.0,68.0,68.0,494
2025-02-05 03:15:00,125.01,0.0,32.5,108.77,127.13,72.0,100.0,70.0,70.0,72.0,71.81,67.0,69.0,68.0,68.0,495
2025-02-05 03:30:00,125.71666666666664,0.0,32.5,108.64,127.13,72.0,100.0,70.0,70.0,72.0,71.83666666666666,67.0,69.0,68.0,68.0,496
2025-02-05 03:45:00,127.13,0.0,32.5,108.59666666666668,127.13,72.0,100.0,70.0,70.0,72.0,71.8,67.0,69.0,68.0,68.0,497
2025-02-05 04:00:00,124.30666666666669,0.0,32.5,108.71,127.13,72.0,100.0,70.0,70.0,72.0,71.86666666666666,67.0,69.0,68.0,68.0,498
2025-02-05 04:15:00,126.42333333333332,0.0,32.5,108.68666666666668,127.13,72.0,100.0,70.0,70.0,72.0,71.86333333333333,67.0,69.0,68.0,68.0,499
2025-02-05 04:30:00,126.42333333333332,0.0,32.5,108.17,127.13,72.0,100.0,70.0,70.0,72.0,71.8,67.0,69.0,68.0,68.0,500
2025-02-05 04:45:00,127.13,0.0,31.83333333333333,108.26333333333334,127.13,72.0,100.0,70.0,70.0,72.0,71.80666666666666,67.0,69.0,68.0,68.0,501
2025-02-05 05:00:00,126.42333333333332,0.0,31.5,108.31333333333332,127.13,72.0,100.0,70.0,70.0,72.0,71.8,67.0,69.0,68.0,68.0,502
2025-02-05 05:15:00,126.42333333333332,0.0,31.33333333333333,108.36333333333334,127.13,72.0,100.0,70.0,70.0,72.0,71.8,67.0,69.0,68.0,68.0,503
2025-02-05 05:30:00,125.71666666666664,0.0,31.5,108.49,127.13,72.0,100.0,70.0,70.0,72.0,71.80666666666666,67.0,69.0,68.0,68.0,504
2025-02-05 05:45:00,125.01333333333334,0.0,32.5,108.91,127.13,72.0,100.0,70.0,70.0,72.0,71.8,67.0,69.0,68.0,68.0,505
2025-02-05 06:00:00,126.42333333333332,0.0,32.5,108.64666666666666,127.13,72.0,100.0,70.0,70.0,72.0,71.8,67.0,69.0,68.0,68.0,506
2025-02-05 06:15:00,126.42333333333332,0.0,32.5,108.45333333333332,127.13,72.0,100.0,70.0,70.0,72.0,71.81333333333333,67.0,69.0,68.0,68.0,507
2025-02-05 06:30:00,127.13,0.0,32.5,108.41,127.13,72.0,100.0,70.0,70.0,72.0,71.81333333333333,67.0,69.0,68.0,68.0,508
2025-02-05 06:45:00,126.42333333333332,0.0,32.5,108.55333333333334,127.13,72.0,100.0,70.0,70.0,72.0,71.81,67.0,69.0,68.0,68.0,509
2025-02-05 07:00:00,125.71666666666664,0.0,32.5,108.43333333333332,127.13,72.0,100.0,70.0,70.0,72.0,71.89666666666666,67.0,69.0,68.0,68.0,510
2025-02-05 07:15:00,126.42333333333332,0.0,32.5,108.3,127.13,72.0,100.0,70.0,70.0,72.0,71.86333333333333,67.0,69.0,68.0,68.0,511
2025-02-05 07:30:00,125.01,0.0,33.0,108.64333333333332,127.13,72.0,100.0,70.0,70.0,72.0,71.85,67.0,69.0,68.0,68.0,512
2025-02-05 07:45:00,126.42333333333332,0.0,33.0,108.48,127.13,72.0,100.0,70.0,70.0,72.0,71.89666666666666,67.0,69.0,68.0,68.0,513
2025-02-05 08:00:00,125.71666666666664,0.0,32.666666666666664,108.64666666666666,127.13,72.0,100.0,70.0,70.0,72.0,71.91333333333334,67.0,69.0,68.0,68.0,514
2025-02-05 08:15:00,127.13,0.0,33.0,108.41,127.13,72.0,100.0,70.0,70.0,72.0,71.91,67.0,69.0,68.0,68.0,515
2025-02-05 08:30:00,127.83666666666666,0.0,32.666666666666664,108.24,127.13,72.0,100.0,70.0,70.0,72.0,71.91,67.0,69.0,68.0,68.0,516
2025-02-05 08:45:00,125.71666666666664,0.0,32.833333333333336,108.75,127.13,72.0,100.0,70.0,70.0,72.0,71.92,67.0,69.0,68.0,68.0,517
2025-02-05 09:00:00,125.71666666666664,0.0,33.0,108.35,127.13,72.0,100.0,70.0,70.0,72.0,71.88,67.0,69.0,68.0,68.0,518
2025-02-05 09:15:00,125.71999999999998,0.0,32.666666666666664,108.52,127.13,72.0,100.0,70.0,70.0,72.0,71.91666666666667,67.0,69.0,68.0,68.0,519
2025-02-05 09:30:00,127.83666666666666,0.0,32.333333333333336,108.05,127.13,72.0,100.0,70.0,70.0,72.0,71.89,67.0,69.0,68.0,68.0,520
2025-02-05 09:45:00,125.71666666666664,0.0,31.5,108.18,127.13,72.0,100.0,70.0,70.0,72.0,71.84666666666666,67.0,69.0,68.0,68.0,521
2025-02-05 10:00:00,125.01333333333334,0.0,32.0,108.27,127.13,72.0,100.0,70.0,70.0,72.0,71.90333333333332,67.0,69.0,68.0,68.0,522
2025-02-05 10:15:00,125.72,0.0,32.5,108.40666666666668,127.13,72.0,100.0,70.0,70.0,72.0,71.89333333333333,67.0,69.0,68.0,68.0,523
2025-02-05 10:30:00,125.71666666666664,0.0,32.666666666666664,108.21,127.13,72.0,100.0,70.0,70.0,72.0,71.84333333333332,67.0,69.0,68.0,68.0,524
2025-02-05 10:45:00,127.13,0.0,32.666666666666664,107.89,127.13,72.0,100.0,70.0,70.0,72.0,71.83666666666666,67.0,69.0,68.0,68.0,525
2025-02-05 11:00:00,127.13,0.0,31.33333333333333,107.14,127.13,72.0,100.0,70.0,70.0,72.0,71.80666666666666,67.0,69.0,68.0,68.0,526
2025-02-05 11:15:00,125.01,0.0,31.0,107.14666666666666,127.13,72.0,100.0,70.0,70.0,72.0,71.80666666666666,67.0,69.0,68.0,68.0,527
2025-02-05 11:30:00,125.01333333333334,0.0,32.166666666666664,107.81333333333332,127.13,72.0,100.0,70.0,70.0,72.0,71.81666666666666,67.0,69.0,68.0,68.0,528
2025-02-05 11:45:00,127.13,0.0,32.5,107.33666666666666,127.13,72.0,100.0,70.0,70.0,72.0,71.8,67.0,69.0,68.0,68.0,529
2025-02-05 12:00:00,126.42333333333332,0.0,32.5,107.75,127.13,72.0,100.0,70.0,70.0,72.0,71.8,67.0,69.0,68.0,68.0,530
2025-02-05 12:15:00,125.71666666666664,0.0,32.5,107.34333333333332,127.13,72.0,100.0,70.0,70.0,72.0,71.8,67.0,69.0,68.0,68.0,531
2025-02-05 12:30:00,126.42333333333332,0.0,32.0,107.41,127.13,72.0,100.0,70.0,70.0,72.0,71.78,67.0,69.0,68.0,68.0,532
2025-02-05 12:45:00,127.83666666666666,0.0,32.0,107.04666666666668,127.13,72.0,100.0,70.0,70.0,72.0,71.78,67.0,69.0,68.0,68.0,533
2025-02-05 13:00:00,126.42333333333332,0.0,32.0,107.29333333333334,127.13,72.0,100.0,70.0,70.0,72.0,71.7,67.0,69.0,68.0,68.0,534
2025-02-05 13:15:00,125.71666666666664,0.0,32.0,107.61333333333332,127.13,72.0,100.0,70.0,70.0,72.0,71.68333333333334,67.0,69.0,68.0,68.0,535
2025-02-05 13:30:00,125.71666666666664,0.0,31.166666666666668,107.17333333333332,127.13,72.0,100.0,70.0,70.0,72.0,71.68333333333334,67.0,69.0,68.0,68.0,536
2025-02-05 13:45:00,126.42333333333332,0.0,31.0,106.87666666666668,127.13,72.0,100.0,70.0,70.0,72.0,71.76,67.0,69.0,68.0,68.0,537
2025-02-05 14:00:00,125.01,0.0,31.33333333333333,107.09,127.13,72.0,100.0,70.0,70.0,72.0,71.79333333333334,67.0,69.0,68.0,68.0,538
2025-02-05 14:15:00,126.42333333333332,0.0,31.5,106.59666666666664,127.13,72.0,100.0,70.0,70.0,72.0,71.80666666666666,67.0,69.0,68.0,68.0,539
2025-02-05 14:30:00,125.71666666666664,3.376666666666667,32.0,107.12,125.71666666666664,72.0,97.93,70.0,70.0,72.0,72.03333333333333,67.0,69.0,68.0,68.0,540
2025-02-05 14:45:00,126.42333333333332,16.593333333333334,32.5,106.0,125.01,72.0,89.02,70.0,70.0,72.0,72.40333333333332,67.0,69.0,68.0,68.0,541
2025-02-05 15:00:00,126.42333333333332,12.803333333333333,32.5,106.46666666666664,125.01,72.0,90.33,70.0,70.0,72.0,72.21666666666667,67.0,69.0,68.0,68.0,542
2025-02-05 15:15:00,127.13,10.68,32.5,106.44666666666669,125.01,72.0,91.06,70.0,70.0,72.0,72.11333333333333,67.0,69.0,68.0,68.0,543
2025-02-05 15:30:00,128.54333333333332,10.326666666666666,31.166666666666668,106.36,125.01,72.0,90.94666666666669,70.0,70.0,72.0,72.09,67.0,69.0,68.0,68.0,544
2025-02-05 15:45:00,125.01,10.58,30.666666666666668,106.80666666666669,125.01,72.0,90.53000000000002,70.0,70.0,72.0,72.07666666666667,67.0,69.0,68.0,68.0,545
2025-02-05 16:00:00,125.71666666666664,9.523333333333332,31.0,107.03666666666668,125.01,72.0,90.97666666666667,70.0,70.0,72.0,72.01666666666667,67.0,69.0,68.0,68.0,546
2025-02-05 16:15:00,125.01,10.6,31.0,106.86666666666667,125.01,72.0,90.20333333333332,70.0,70.0,72.0,72.05,67.0,69.0,68.0,68.0,547
2025-02-05 16:30:00,127.13,10.3,30.33333333333333,106.11,125.01,72.0,90.20333333333332,70.0,70.0,72.0,72.03333333333333,67.0,69.0,68.0,68.0,548
2025-02-05 16:45:00,126.42333333333332,7.933333333333334,30.0,107.03333333333336,125.01,72.0,91.65,70.0,70.0,72.0,71.95333333333333,67.0,69.0,68.0,68.0,549
2025-02-05 17:00:00,125.71666666666664,10.086666666666668,30.0,106.80333333333334,125.01,72.0,90.38333333333333,70.0,70.0,72.0,72.01,67.0,69.0,68.0,68.0,550
2025-02-05 17:15:00,125.71666666666664,12.6,30.0,106.31333333333332,125.01,72.0,88.66000000000001,70.0,70.0,72.0,72.09,67.0,69.0,68.0,68.0,551
2025-02-05 17:30:00,125.01,15.133333333333336,30.0,105.33,125.01,72.0,86.81666666666666,70.0,70.0,72.0,72.13666666666667,67.0,69.0,68.0,68.0,552
2025-02-05 17:45:00,125.01,15.326666666666668,30.0,105.65666666666668,125.01,72.0,86.23,70.0,70.0,72.0,72.11333333333333,67.0,69.0,68.0,68.0,553
2025-02-05 18:00:00,126.42333333333332,17.473333333333333,29.83333333333333,104.96,125.01,72.0,84.64333333333333,70.0,70.0,72.0,72.13333333333333,67.0,69.0,68.0,68.0,554
2025-02-05 18:15:00,127.13,22.876666666666665,29.5,103.35666666666668,125.01,72.0,80.67,70.0,70.0,72.0,72.24666666666667,67.0,69.0,68.0,68.0,555
2025-02-05 18:30:00,125.71666666666664,29.883333333333336,29.5,101.82333333333334,125.01,72.0,75.57666666666667,70.0,70.0,72.0,72.39,67.0,69.0,68.0,68.0,556
2025-02-05 18:45:00,123.60333333333334,48.35666666666666,29.5,95.4,125.01,72.0,62.47666666666667,70.0,70.0,72.0,72.80333333333334,67.0,69.0,68.0,68.0,557
2025-02-05 19:00:00,125.71666666666664,49.23666666666667,29.0,93.45666666666666,125.01,72.0,59.66333333333333,70.0,70.0,72.0,72.64999999999999,67.0,69.0,68.0,68.0,558
2025-02-05 19:15:00,125.01,50.373333333333335,28.666666666666668,91.83333333333331,125.01,72.0,57.17333333333334,70.0,70.0,72.0,72.55,67.0,69.0,68.0,68.0,559
2025-02-05 19:30:00,122.90000000000002,49.98333333333333,28.5,90.88666666666668,125.01,72.0,55.88333333333333,70.0,70.0,72.0,72.42,67.0,69.0,68.0,68.0,560
2025-02-05 19:45:00,122.90000000000002,47.99,29.166666666666668,91.19,125.01,72.0,55.94333333333333,70.0,70.0,72.0,72.27666666666667,67.0,69.0,68.0,68.0,561
2025-02-05 20:00:00,124.30666666666669,43.18666666666667,30.0,92.23,125.01,72.0,58.22,70.0,70.0,72.0,72.09333333333333,67.0,69.0,68.0,68.0,562
2025-02-05 20:15:00,125.01,37.965,30.5,93.91,125.01,72.0,61.285,70.0,70.0,72.0,71.925,67.0,69.0,68.0,68.0,563
2025-02-05 20:30:00,124.30666666666669,32.70333333333333,30.5,95.91333333333334,125.01,72.0,64.80666666666667,70.0,70.0,72.0,71.8,67.0,69.0,68.0,68.0,564
2025-02-05 20:45:00,125.72,27.85333333333333,29.5,97.61666666666667,125.01,72.0,68.36666666666667,70.0,70.0,72.0,71.71333333333332,67.0,69.0,68.0,68.0,565
2025-02-05 21:00:00,126.42333333333332,27.14333333333333,29.0,98.24666666666668,125.01,72.0,69.64,70.0,70.0,72.0,71.74333333333334,67.0,69.0,68.0,68.0,566
2025-02-05 21:15:00,125.01,22.94333333333333,28.83333333333333,99.84333333333336,125.01,72.0,72.92,70.0,70.0,72.0,71.66333333333334,67.0,69.0,68.0,68.0,567
2025-02-05 21:30:00,125.71666666666664,19.62,30.33333333333333,100.84333333333332,125.01,72.0,75.95333333333333,70.0,70.0,72.0,71.65,67.0,69.0,68.0,68.0,568
2025-02-05 21:45:00,127.13,17.08,30.166666666666668,101.64666666666666,125.01,72.0,78.43333333333332,70.0,70.0,72.0,71.64666666666666,67.0,69.0,68.0,68.0,569
2025-02-05 22:00:00,126.42333333333332,13.54,30.0,102.63333333333333,125.01,72.0,81.61666666666666,70.0,70.0,72.0,71.62,67.0,69.0,68.0,68.0,570
2025-02-05 22:15:00,125.71666666666664,12.416666666666666,30.33333333333333,103.30666666666669,125.01,72.0,83.25666666666666,70.0,70.0,72.0,71.65666666666668,67.0,69.0,68.0,68.0,571
2025-02-05 22:30:00,125.71666666666664,7.260000000000001,30.5,104.52666666666666,125.01,72.0,87.46333333333332,70.0,70.0,72.0,71.58666666666666,67.0,69.0,68.0,68.0,572
2025-02-05 22:45:00,125.01,6.06,30.5,105.56666666666666,125.01,72.0,89.36,70.0,70.0,72.0,71.64666666666666,67.0,69.0,68.0,68.0,573
2025-02-05 23:00:00,125.71666666666664,12.113333333333337,30.5,104.73666666666666,125.01,72.0,86.36000000000001,70.0,70.0,72.0,71.87333333333333,67.0,69.0,68.0,68.0,574
2025-02-05 23:15:00,124.30666666666669,13.656666666666666,30.5,104.31666666666666,125.01,72.0,85.66000000000001,70.0,70.0,72.0,71.93333333333334,67.0,69.0,68.0,68.0,575
2025-02-05 23:30:00,124.30666666666669,13.69,31.0,104.43333333333334,125.01,72.0,85.77,70.0,70.0,72.0,71.94666666666666,67.0,69.0,68.0,68.0,576
2025-02-05 23:45:00,125.71666666666664,13.246666666666668,31.0,104.34,125.01,72.0,86.18,70.0,70.0,72.0,71.94,67.0,69.0,68.0,68.0,577
2025-02-06 00:00:00,123.60333333333334,12.303333333333333,31.33333333333333,104.9,125.01,72.0,86.87666666666667,70.0,70.0,72.0,71.92333333333333,67.0,69.0,68.0,68.0,578
2025-02-06 00:15:00,125.71666666666664,10.263333333333334,31.166666666666668,105.17666666666666,125.01,72.0,88.38333333333333,70.0,70.0,72.0,71.86333333333333,67.0,69.0,68.0,68.0,579
2025-02-06 00:30:00,125.01333333333334,10.526666666666666,31.166666666666668,105.70333333333332,125.01,72.0,88.52999999999999,70.0,70.0,72.0,71.91666666666667,67.0,69.0,68.0,68.0,580
2025-02-06 00:45:00,125.01,9.923333333333334,31.5,106.17,125.01,72.0,89.10000000000001,70.0,70.0,72.0,71.92,67.0,69.0,68.0,68.0,581
2025-02-06 01:00:00,125.01,9.573333333333332,31.83333333333333,106.67,125.01,72.0,89.50999999999999,70.0,70.0,72.0,71.91333333333334,67.0,69.0,68.0,68.0,582
2025-02-06 01:15:00,127.13,8.99,32.0,106.87333333333332,125.01,72.0,90.07000000000001,70.0,70.0,72.0,71.91666666666667,67.0,69.0,68.0,68.0,583
2025-02-06 01:30:00,125.71666666666664,7.733333333333333,32.0,107.24333333333334,125.01,72.0,91.06333333333332,70.0,70.0,72.0,71.89666666666666,67.0,69.0,68.0,68.0,584
2025-02-06 01:45:00,125.01,6.743333333333333,32.0,107.71333333333332,125.01,72.0,91.94666666666666,70.0,70.0,72.0,71.89666666666666,67.0,69.0,68.0,68.0,585
2025-02-06 02:00:00,125.71666666666664,6.3566666666666665,32.0,107.80666666666669,125.01,72.0,92.43666666666668,70.0,70.0,72.0,71.90333333333332,67.0,69.0,68.0,68.0,586
2025-02-06 02:15:00,124.31,2.936666666666666,32.5,107.96333333333332,125.01,72.0,94.88333333333333,70.0,70.0,72.0,71.82333333333332,67.0,69.0,68.0,68.0,587
2025-02-06 02:30:00,125.71666666666664,2.2966666666666664,32.5,107.81333333333332,125.01,72.0,95.72333333333334,70.0,70.0,72.0,71.84333333333332,67.0,69.0,68.0,68.0,588
2025-02-06 02:45:00,125.01,3.716666666666667,32.833333333333336,108.20333333333332,125.01,72.0,95.19666666666666,70.0,70.0,72.0,71.90333333333332,67.0,69.0,68.0,68.0,589
2025-02-06 03:00:00,127.13,0.98,32.333333333333336,107.84666666666668,125.01,72.0,97.24666666666668,70.0,70.0,72.0,71.84666666666666,67.0,69.0,68.0,68.0,590
2025-02-06 03:15:00,125.01,1.5333333333333332,32.666666666666664,108.42333333333332,125.01,72.0,97.20333333333332,70.0,70.0,72.0,71.89666666666666,67.0,69.0,68.0,68.0,591
2025-02-06 03:30:00,125.71666666666664,1.6733333333333331,33.0,108.11333333333334,125.01,72.0,97.36666666666667,70.0,70.0,72.0,71.91333333333334,67.0,69.0,68.0,68.0,592
2025-02-06 03:45:00,125.01333333333334,1.0533333333333337,33.0,108.38666666666666,125.01,72.0,97.95,70.0,70.0,72.0,71.91,67.0,69.0,68.0,68.0,593
2025-02-06 04:00:00,126.42333333333332,1.086666666666667,33.5,108.16333333333334,125.01,72.0,98.12666666666668,70.0,70.0,72.0,71.92666666666666,67.0,69.0,68.0,68.0,594
2025-02-06 04:15:00,125.71666666666664,1.11,33.5,108.34999999999998,125.01,72.0,98.26333333333332,70.0,70.0,72.0,71.94,67.0,69.0,68.0,68.0,595
2025-02-06 04:30:00,124.30666666666669,0.8433333333333334,31.83333333333333,108.38,125.01,72.0,98.57,70.0,70.0,72.0,71.94,67.0,69.0,68.0,68.0,596
2025-02-06 04:45:00,125.01333333333332,2.2666666666666666,32.833333333333336,108.67666666666666,125.01,72.0,97.81,70.0,70.0,72.0,72.0,67.0,69.0,68.0,68.0,597
2025-02-06 05:00:00,126.42333333333332,4.71,33.0,108.44666666666666,125.01,72.0,96.18666666666668,70.0,70.0,72.0,72.05,67.0,69.0,68.0,68.0,598
2025-02-06 05:15:00,127.13,5.79,33.0,108.43333333333334,125.01,72.0,95.31666666666666,70.0,70.0,72.0,72.07,67.0,69.0,68.0,68.0,599
2025-02-06 05:30:00,126.42333333333332,7.026666666666666,32.5,108.28333333333336,125.01,72.0,94.29666666666668,70.0,70.0,72.0,72.09333333333333,67.0,69.0,68.0,68.0,600
2025-02-06 05:45:00,125.71666666666664,10.873333333333337,31.5,108.24666666666668,125.01,72.0,91.59666666666664,70.0,70.0,72.0,72.17,67.0,69.0,68.0,68.0,601
2025-02-06 06:00:00,127.13,13.3,31.5,107.62333333333332,125.01,72.0,89.48666666666668,70.0,70.0,72.0,72.19,67.0,69.0,68.0,68.0,602
2025-02-06 06:15:00,126.42333333333332,15.793333333333337,31.5,106.93333333333334,125.01,72.0,87.37333333333333,70.0,70.0,72.0,72.22333333333334,67.0,69.0,68.0,68.0,603
2025-02-06 06:30:00,126.42333333333332,17.773333333333333,31.5,106.51,125.01,72.0,85.44,70.0,70.0,72.0,72.23,67.0,69.0,68.0,68.0,604
2025-02-06 06:45:00,127.13,19.66,31.5,105.78666666666668,125.01,72.0,83.58,70.0,70.0,72.0,72.23,67.0,69.0,68.0,68.0,605
2025-02-06 07:00:00,124.30666666666669,22.723333333333333,31.0,104.81333333333332,125.01,72.0,81.00666666666667,70.0,70.0,72.0,72.27,67.0,69.0,68.0,68.0,606
2025-02-06 07:15:00,127.13,25.396666666666665,31.0,103.98666666666666,125.01,72.0,78.52999999999999,70.0,70.0,72.0,72.27666666666666,67.0,69.0,68.0,68.0,607
2025-02-06 07:30:00,125.71666666666664,27.296666666666667,31.0,103.33333333333331,125.01,72.0,76.53333333333333,70.0,70.0,72.0,72.27666666666666,67.0,69.0,68.0,68.0,608
2025-02-06 07:45:00,125.71666666666664,29.956666666666667,31.0,102.14333333333332,125.01,72.0,73.98,70.0,70.0,72.0,72.28333333333333,67.0,69.0,68.0,68.0,609
2025-02-06 08:00:00,125.71666666666664,30.30666666666667,31.0,101.93,125.01,72.0,72.98,70.0,70.0,72.0,72.23,67.0,69.0,68.0,68.0,610
2025-02-06 08:15:00,125.71666666666664,32.83,31.0,101.39666666666666,125.01,72.0,70.75,70.0,70.0,72.0,72.26,67.0,69.0,68.0,68.0,611
2025-02-06 08:30:00,125.71666666666664,37.57333333333333,30.83333333333333,100.43333333333334,125.01,72.0,66.94666666666667,70.0,70.0,72.0,72.32666666666667,67.0,69.0,68.0,68.0,612
2025-02-06 08:45:00,125.01333333333334,41.330000000000005,30.5,92.66,125.01,72.0,63.63,70.0,70.0,72.0,72.36333333333333,67.0,69.0,68.0,68.0,613
2025-02-06 09:00:00,123.60333333333334,44.473333333333336,32.0,90.95333333333332,125.01,72.0,60.68333333333334,70.0,70.0,72.0,72.37,67.0,69.0,68.0,68.0,614
2025-02-06 09:15:00,125.01,49.85,32.0,88.49000000000001,125.01,72.0,56.11666666666667,70.0,70.0,72.0,72.43,67.0,69.0,68.0,68.0,615
2025-02-06 09:30:00,124.30666666666669,53.47,30.83333333333333,85.90333333333332,125.01,72.0,52.626666666666665,70.0,70.0,72.0,72.45333333333333,67.0,69.0,68.0,68.0,616
2025-02-06 09:45:00,125.71666666666664,59.07333333333333,30.166666666666668,82.86333333333333,125.01,72.0,47.75333333333333,70.0,70.0,72.0,72.49333333333334,67.0,69.0,68.0,68.0,617
2025-02-06 10:00:00,123.60333333333334,62.84666666666667,30.0,78.0,125.01,72.0,43.973333333333336,70.0,70.0,72.0,72.49333333333334,67.0,69.0,68.0,68.0,618
2025-02-06 10:15:00,122.19333333333334,63.41333333333333,32.166666666666664,73.79,125.01,72.0,42.21666666666667,70.0,70.0,72.0,72.40666666666667,67.0,69.0,68.0,68.0,619
2025-02-06 10:30:00,124.30666666666669,60.82,33.166666666666664,73.93666666666667,125.01,72.0,42.76,70.0,70.0,72.0,72.25333333333333,67.0,69.0,68.0,68.0,620
2025-02-06 10:45:00,125.01,55.336666666666666,33.5,75.66333333333334,125.01,72.0,45.51333333333334,70.0,70.0,72.0,72.05,67.0,69.0,68.0,68.0,621
2025-02-06 11:00:00,124.30666666666669,51.31,33.5,77.23,125.01,72.0,47.92666666666667,70.0,70.0,72.0,71.92333333333333,67.0,69.0,68.0,68.0,622
2025-02-06 11:15:00,124.30666666666669,46.18666666666667,33.833333333333336,79.19666666666667,125.01,72.0,51.370000000000005,70.0,70.0,72.0,71.80666666666666,67.0,69.0,68.0,68.0,623
2025-02-06 11:30:00,125.71666666666664,42.57666666666666,34.0,80.69333333333334,125.01,72.0,54.14333333333334,70.0,70.0,72.0,71.74333333333334,67.0,69.0,68.0,68.0,624
2025-02-06 11:45:00,127.13,32.60666666666667,33.833333333333336,84.90666666666667,125.01,72.0,61.18666666666667,70.0,70.0,72.0,71.52333333333333,67.0,69.0,68.0,68.0,625
2025-02-06 12:00:00,125.01,29.043333333333333,33.5,87.42666666666666,125.01,72.0,64.69333333333333,70.0,70.0,72.0,71.51666666666667,67.0,69.0,68.0,68.0,626
2025-02-06 12:15:00,126.42333333333332,24.383333333333336,33.166666666666664,90.82333333333334,125.01,72.0,68.98,70.0,70.0,72.0,71.49666666666667,67.0,69.0,68.0,68.0,627
2025-02-06 12:30:00,127.83666666666666,22.606666666666666,31.83333333333333,94.45333333333332,125.01,72.0,71.46333333333332,70.0,70.0,72.0,71.54666666666667,67.0,69.0,68.0,68.0,628
2025-02-06 12:45:00,127.13,23.17,31.166666666666668,95.32,125.01,72.0,72.27999999999999,70.0,70.0,72.0,71.64666666666666,67.0,69.0,68.0,68.0,629
2025-02-06 13:00:00,127.13,23.416666666666668,29.666666666666668,100.62666666666668,125.01,72.0,73.06333333333333,70.0,70.0,72.0,71.72333333333334,67.0,69.0,68.0,68.0,630
2025-02-06 13:15:00,127.83666666666666,27.48,28.666666666666668,101.50666666666666,125.01,72.0,71.21666666666667,70.0,70.0,72.0,71.88666666666667,67.0,69.0,68.0,68.0,631
2025-02-06 13:30:00,126.42333333333332,33.406666666666666,27.83333333333333,100.26,125.01,72.0,67.67333333333333,70.0,70.0,72.0,72.07,67.0,69.0,68.0,68.0,632
2025-02-06 13:45:00,126.42333333333332,42.71333333333334,27.5,97.14,125.01,72.0,61.54,70.0,70.0,72.0,72.31,67.0,69.0,68.0,68.0,633
2025-02-06 14:00:00,125.01,51.12,27.5,94.08,125.01,72.0,55.67,70.0,70.0,72.0,72.5,67.0,69.0,68.0,68.0,634
2025-02-06 14:15:00,123.955,58.3625,27.5,89.875,125.01,72.0,49.6325,70.0,70.0,72.0,72.5925,67.0,69.0,68.0,68.0,635
2025-02-06 14:30:00,123.60333333333334,69.08333333333333,27.5,84.02,125.01,72.0,41.04333333333333,70.0,70.0,72.0,72.74666666666667,67.0,69.0,68.0,68.0,636
2025-02-06 14:45:00,125.01,81.32499999999999,27.375,76.425,125.01,72.0,30.6525,70.0,70.0,72.0,72.885,67.0,69.0,68.0,68.0,637
2025-02-06 15:00:00,123.60333333333334,91.32333333333334,29.33333333333333,67.47333333333334,125.01,72.0,21.616666666666664,70.0,70.0,72.0,72.95666666666666,67.0,69.0,68.0,68.0,638
2025-02-06 15:15:00,245.79,99.24,45.333333333333336,64.64,246.49666666666667,72.0,0.0,70.0,70.0,72.0,72.98666666666666,67.0,69.0,68.0,68.0,639
2025-02-06 15:30:00,218.95,74.95666666666666,41.333333333333336,57.85666666666666,216.1266666666667,72.0,0.0,70.0,70.0,72.0,72.14999999999999,67.0,69.0,68.0,68.0,640
2025-02-06 15:45:00,162.4466666666667,41.99666666666667,33.333333333333336,58.873333333333335,162.4466666666667,72.0,7.023333333333333,70.0,70.0,72.0,71.18666666666667,67.0,69.0,68.0,68.0,641
2025-02-06 16:00:00,123.955,21.3,27.5,66.75,125.01,72.0,29.395000000000003,70.0,70.0,72.0,70.755,67.0,69.0,68.0,68.0,642
2025-02-06 16:15:00,125.01,9.7175,27.5,73.0225,125.01,72.0,39.86,70.0,70.0,72.0,70.68,67.0,69.0,68.0,68.0,643
2025-02-06 16:30:00,125.01,1.9733333333333332,27.5,81.61333333333333,125.01,72.0,49.6,70.0,70.0,72.0,70.79,67.0,69.0,68.0,68.0,644
2025-02-06 16:45:00,126.42333333333332,0.0,27.166666666666668,93.07333333333334,125.01,72.0,57.21333333333333,70.0,70.0,72.0,70.86333333333333,67.0,69.0,68.0,68.0,645
2025-02-06 17:00:00,126.42333333333332,0.0,26.33333333333333,94.44666666666666,125.01,72.0,61.10666666666666,70.0,70.0,72.0,71.05666666666666,67.0,69.0,68.0,68.0,646
2025-02-06 17:15:00,124.31,0.0,28.5,94.83666666666666,125.01,72.0,66.88,70.0,70.0,72.0,71.09333333333332,67.0,69.0,68.0,68.0,647
2025-02-06 17:30:00,127.13,0.0,26.666666666666668,101.11666666666667,125.01,72.0,71.54333333333334,70.0,70.0,72.0,71.18666666666667,67.0,69.0,68.0,68.0,648
2025-02-06 17:45:00,123.60333333333334,0.0,27.666666666666668,97.01,125.01,72.0,72.97333333333334,70.0,70.0,72.0,71.37333333333333,67.0,69.0,68.0,68.0,649
2025-02-06 18:00:00,125.71999999999998,0.0,26.666666666666668,101.31666666666666,125.01,72.0,75.64666666666666,70.0,70.0,72.0,71.45333333333333,67.0,69.0,68.0,68.0,650
2025-02-06 18:15:00,125.01333333333334,0.0,28.0,99.32,125.01,72.0,74.04,70.0,70.0,72.0,71.7,67.0,69.0,68.0,68.0,651
2025-02-06 18:30:00,126.42333333333332,3.42,26.33333333333333,97.81,125.01,72.0,67.0,70.0,70.0,72.0,72.08333333333333,67.0,69.0,68.0,68.0,652
2025-02-06 18:45:00,125.01333333333334,2.263333333333333,28.166666666666668,95.9,125.01,72.0,67.64,70.0,70.0,72.0,72.02,67.0,69.0,68.0,68.0,653
2025-02-06 19:00:00,124.30666666666669,5.62,26.5,95.15666666666668,125.01,72.0,65.33,70.0,70.0,72.0,72.13,67.0,69.0,68.0,68.0,654
2025-02-06 19:15:00,126.42666666666666,10.706666666666669,28.0,95.46666666666664,125.01,72.0,61.67666666666667,70.0,70.0,72.0,72.23,67.0,69.0,68.0,68.0,655
2025-02-06 19:30:00,125.71666666666664,13.78,26.5,95.51666666666668,125.01,72.0,59.083333333333336,70.0,70.0,72.0,72.26,67.0,69.0,68.0,68.0,656
2025-02-06 19:45:00,125.01333333333334,17.896666666666665,26.5,93.2,125.01,72.0,55.64000000000001,70.0,70.0,72.0,72.31666666666666,67.0,69.0,68.0,68.0,657
2025-02-06 20:00:00,126.42333333333332,16.900000000000002,26.5,92.66666666666669,125.01,72.0,55.44,70.0,70.0,72.0,72.23,67.0,69.0,68.0,68.0,658
2025-02-06 20:15:00,122.89666666666666,15.45,27.5,87.37333333333333,125.01,72.0,55.66333333333333,70.0,70.0,72.0,72.11666666666666,67.0,69.0,68.0,68.0,659
2025-02-06 20:30:00,127.13,12.383333333333333,26.33333333333333,92.53666666666668,125.01,72.0,57.34,70.0,70.0,72.0,72.02,67.0,69.0,68.0,68.0,660
2025-02-06 20:45:00,124.31,12.81,27.666666666666668,88.39999999999999,125.01,72.0,56.873333333333335,70.0,70.0,72.0,72.02666666666666,67.0,69.0,68.0,68.0,661
2025-02-06 21:00:00,125.71666666666664,9.68,26.666666666666668,91.26,125.01,72.0,58.84333333333333,70.0,70.0,72.0,71.94,67.0,69.0,68.0,68.0,662
2025-02-06 21:15:00,125.01333333333334,3.9466666666666663,27.666666666666668,95.64333333333332,125.01,72.0,62.59666666666666,70.0,70.0,72.0,71.78666666666668,67.0,69.0,68.0,68.0,663
2025-02-06 21:30:00,123.60333333333334,2.783333333333333,27.166666666666668,91.95666666666666,125.01,72.0,63.85666666666666,70.0,70.0,72.0,71.78666666666668,67.0,69.0,68.0,68.0,664
2025-02-06 21:45:00,128.54333333333332,0.0,27.166666666666668,98.81666666666666,125.01,72.0,67.76,70.0,70.0,72.0,71.69333333333334,67.0,69.0,68.0,68.0,665
2025-02-06 22:00:00,123.60333333333334,0.0,27.666666666666668,95.07666666666668,125.01,72.0,69.71666666666667,70.0,70.0,72.0,71.69666666666667,67.0,69.0,68.0,68.0,666
2025-02-06 22:15:00,127.13,0.0,26.83333333333333,102.74666666666668,125.01,72.0,74.71666666666665,70.0,70.0,72.0,71.60000000000001,67.0,69.0,68.0,68.0,667
2025-02-06 22:30:00,126.42333333333332,0.0,27.0,102.14666666666666,125.01,72.0,72.53333333333333,70.0,70.0,72.0,71.8,67.0,69.0,68.0,68.0,668
2025-02-06 22:45:00,125.01333333333334,3.9466666666666663,26.5,99.51,125.01,72.0,67.16000000000001,70.0,70.0,72.0,72.11,67.0,69.0,68.0,68.0,669
2025-02-06 23:00:00,123.60333333333334,11.75,26.5,96.55333333333334,125.01,72.0,61.830000000000005,70.0,70.0,72.0,72.28333333333335,67.0,69.0,68.0,68.0,670
2025-02-06 23:15:00,123.60333333333334,16.8,27.0,93.77,125.01,72.0,57.76,70.0,70.0,72.0,72.36,67.0,69.0,68.0,68.0,671
2025-02-06 23:30:00,122.9,18.325000000000003,27.25,92.425,125.01,72.0,55.63,70.0,70.0,72.0,72.31,67.0,69.0,68.0,68.0,672
2025-02-06 23:45:00,123.60333333333334,17.186666666666667,28.0,92.09666666666664,125.01,72.0,55.623333333333335,70.0,70.0,72.0,72.22333333333334,67.0,69.0,68.0,68.0,673
2025-02-07 00:00:00,124.30666666666669,16.706666666666667,28.166666666666668,91.29,125.01,72.0,55.26333333333333,70.0,70.0,72.0,72.16333333333334,67.0,69.0,68.0,68.0,674
2025-02-07 00:15:00,124.30666666666669,12.39,28.5,92.37666666666668,125.01,72.0,57.57333333333333,70.0,70.0,72.0,72.00666666666666,67.0,69.0,68.0,68.0,675
2025-02-07 00:30:00,122.90000000000002,7.47,28.83333333333333,93.94,125.01,72.0,60.696666666666665,70.0,70.0,72.0,71.88,67.0,69.0,68.0,68.0,676
2025-02-07 00:45:00,123.60333333333334,3.473333333333333,29.5,95.62333333333332,125.01,72.0,63.60333333333333,70.0,70.0,72.0,71.79333333333334,67.0,69.0,68.0,68.0,677
2025-02-07 01:00:00,124.30666666666669,0.0,30.166666666666668,97.95666666666666,125.01,72.0,67.81666666666666,70.0,70.0,72.0,71.66333333333334,67.0,69.0,68.0,68.0,678
2025-02-07 01:15:00,125.01,0.0,30.5,99.72666666666667,125.01,72.0,70.61666666666666,70.0,70.0,72.0,71.65,67.0,69.0,68.0,68.0,679
2025-02-07 01:30:00,125.71666666666664,0.0,30.83333333333333,100.82333333333334,125.01,72.0,73.52,70.0,70.0,72.0,71.63666666666667,67.0,69.0,68.0,68.0,680
2025-02-07 01:45:00,124.30666666666669,0.0,31.0,103.04666666666668,125.01,72.0,78.90333333333332,70.0,70.0,72.0,71.52333333333333,67.0,69.0,68.0,68.0,681
2025-02-07 02:00:00,126.42333333333332,0.0,31.5,104.48,125.01,72.0,82.66000000000001,70.0,70.0,72.0,71.51,67.0,69.0,68.0,68.0,682
2025-02-07 02:15:00,124.30666666666669,0.0,32.0,106.15666666666668,125.01,72.0,86.18666666666667,70.0,70.0,72.0,71.51,67.0,69.0,68.0,68.0,683
2025-02-07 02:30:00,124.30666666666669,0.0,32.166666666666664,107.45,125.01,72.0,89.66333333333334,70.0,70.0,72.0,71.52333333333333,67.0,69.0,68.0,68.0,684
2025-02-07 02:45:00,125.01,0.0,32.5,108.7,125.01,72.0,92.31333333333332,70.0,70.0,72.0,71.56,67.0,69.0,68.0,68.0,685
2025-02-07 03:00:00,125.01,0.0,33.0,108.70666666666666,125.01,72.0,93.94,70.0,70.0,72.0,71.62,67.0,69.0,68.0,68.0,686
2025-02-07 03:15:00,125.71666666666664,0.0,33.0,108.79666666666668,125.01,72.0,95.87,70.0,70.0,72.0,71.65,67.0,69.0,68.0,68.0,687
2025-02-07 03:30:00,126.42333333333332,0.0,33.0,108.48666666666666,125.01,72.0,97.71666666666668,70.0,70.0,72.0,71.68333333333334,67.0,69.0,68.0,68.0,688
2025-02-07 03:45:00,125.01333333333334,0.0,33.166666666666664,108.52666666666666,125.71666666666664,72.0,98.63666666666666,70.0,70.0,72.0,71.71666666666665,67.0,69.0,68.0,68.0,689
2025-02-07 04:00:00,126.42333333333332,0.0,33.5,108.18333333333334,127.13,72.0,100.0,70.0,70.0,72.0,71.65,67.0,69.0,68.0,68.0,690
2025-02-07 04:15:00,125.71666666666664,0.0,33.5,108.09666666666668,127.13,72.0,100.0,70.0,70.0,72.0,71.67,67.0,69.0,68.0,68.0,691
2025-02-07 04:30:00,125.01,0.0,33.5,108.48333333333332,127.13,72.0,100.0,70.0,70.0,72.0,71.71333333333334,67.0,69.0,68.0,68.0,692
2025-02-07 04:45:00,124.30666666666669,0.0,34.333333333333336,108.59,127.13,72.0,100.0,70.0,70.0,72.0,71.65666666666668,67.0,69.0,68.0,68.0,693
2025-02-07 05:00:00,126.42333333333332,0.0,35.0,108.17666666666666,127.13,72.0,100.0,70.0,70.0,72.0,71.65,67.0,69.0,68.0,68.0,694
2025-02-07 05:15:00,127.83666666666666,0.0,34.833333333333336,107.96666666666664,127.13,72.0,100.0,70.0,70.0,72.0,71.62666666666667,67.0,69.0,68.0,68.0,695
2025-02-07 05:30:00,128.54333333333332,0.0,33.0,107.89333333333332,127.13,72.0,100.0,70.0,70.0,72.0,71.53,67.0,69.0,68.0,68.0,696
2025-02-07 05:45:00,127.13,0.0,33.0,107.85333333333334,127.13,72.0,100.0,70.0,70.0,72.0,71.52333333333333,67.0,69.0,68.0,68.0,697
2025-02-07 06:00:00,125.71666666666664,0.0,33.0,108.31333333333332,127.13,72.0,100.0,70.0,70.0,72.0,71.51,67.0,69.0,68.0,68.0,698
2025-02-07 06:15:00,127.13,0.0,33.0,108.07333333333334,127.13,72.0,100.0,70.0,70.0,72.0,71.49,67.0,69.0,68.0,68.0,699
2025-02-07 06:30:00,126.42333333333332,0.0,32.666666666666664,108.25666666666666,127.13,72.0,100.0,70.0,70.0,72.0,71.49,67.0,69.0,68.0,68.0,700
2025-02-07 06:45:00,125.71666666666664,0.0,34.0,108.19,127.13,72.0,100.0,70.0,70.0,72.0,71.47333333333333,67.0,69.0,68.0,68.0,701
2025-02-07 07:00:00,125.01333333333334,0.0,33.666666666666664,107.96999999999998,127.13,72.0,100.0,70.0,70.0,72.0,71.39333333333333,67.0,69.0,68.0,68.0,702
2025-02-07 07:15:00,125.71666666666664,0.0,34.5,108.27,127.13,72.0,100.0,70.0,70.0,72.0,71.38,67.0,69.0,68.0,68.0,703
2025-02-07 07:30:00,126.42333333333332,0.0,34.5,108.07666666666668,127.13,72.0,100.0,70.0,70.0,72.0,71.38,67.0,69.0,68.0,68.0,704
2025-02-07 07:45:00,127.83666666666666,0.0,32.5,107.51333333333332,127.13,72.0,100.0,70.0,70.0,72.0,71.33666666666666,67.0,69.0,68.0,68.0,705
2025-02-07 08:00:00,125.71666666666664,0.0,32.5,107.55666666666669,127.13,72.0,100.0,70.0,70.0,72.0,71.29333333333334,67.0,69.0,68.0,68.0,706
2025-02-07 08:15:00,125.01,0.0,32.0,107.395,127.13,72.0,100.0,70.0,70.0,72.0,71.24,67.0,69.0,68.0,68.0,707
2025-02-07 08:30:00,125.5425,0.0,33.625,107.955,127.13,72.0,100.0,70.0,70.0,72.0,71.22999999999999,67.0,69.0,68.0,68.0,708
2025-02-07 08:45:00,126.42333333333332,0.0,34.0,107.5,127.13,72.0,100.0,70.0,70.0,72.0,71.1,67.0,69.0,68.0,68.0,709
2025-02-07 09:00:00,127.83666666666666,0.0,32.833333333333336,107.01333333333332,127.13,72.0,100.0,70.0,70.0,72.0,71.05,67.0,69.0,68.0,68.0,710
2025-02-07 09:15:00,126.42333333333332,0.0,32.5,107.02333333333333,127.13,72.0,100.0,70.0,70.0,72.0,70.95,67.0,69.0,68.0,68.0,711
2025-02-07 09:30:00,127.13,0.0,32.0,106.92,127.13,72.0,100.0,70.0,70.0,72.0,70.93,67.0,69.0,68.0,68.0,712
2025-02-07 09:45:00,125.01333333333334,0.0,32.166666666666664,107.14666666666666,127.13,72.0,100.0,70.0,70.0,72.0,70.90333333333334,67.0,69.0,68.0,68.0,713
2025-02-07 10:00:00,127.83666666666666,0.0,33.833333333333336,106.97666666666667,127.13,72.0,100.0,70.0,70.0,72.0,70.82333333333334,67.0,69.0,68.0,68.0,714
2025-02-07 10:15:00,126.42333333333332,0.0,32.0,106.80333333333334,127.13,72.0,100.0,70.0,70.0,72.0,70.80333333333334,67.0,69.0,68.0,68.0,715
2025-02-07 10:30:00,125.71666666666664,0.0,31.83333333333333,106.68333333333334,127.13,72.0,100.0,70.0,70.0,72.0,70.74,67.0,69.0,68.0,68.0,716
2025-02-07 10:45:00,125.71999999999998,0.0,31.5,107.08666666666666,127.13,72.0,100.0,70.0,70.0,72.0,70.68,67.0,69.0,68.0,68.0,717
2025-02-07 11:00:00,125.71666666666664,0.0,31.5,106.31,127.13,72.0,100.0,70.0,70.0,72.0,70.68,67.0,69.0,68.0,68.0,718
2025-02-07 11:15:00,125.01333333333334,0.0,31.5,106.41,127.13,72.0,100.0,70.0,70.0,72.0,70.63000000000001,67.0,69.0,68.0,68.0,719
2025-02-07 11:30:00,122.89666666666666,0.0,33.0,106.77,127.13,72.0,100.0,70.0,70.0,72.0,70.53333333333335,67.0,69.0,68.0,68.0,720
2025-02-07 11:45:00,127.13,0.0,33.5,106.06666666666666,127.13,72.0,100.0,70.0,70.0,72.0,70.53333333333335,67.0,69.0,68.0,68.0,721
2025-02-07 12:00:00,125.71666666666664,0.0,33.833333333333336,106.43,127.13,72.0,100.0,70.0,70.0,72.0,70.49,67.0,69.0,68.0,68.0,722
2025-02-07 12:15:00,127.13,0.0,32.0,106.14,127.13,72.0,100.0,70.0,70.0,72.0,70.39,67.0,69.0,68.0,68.0,723
2025-02-07 12:30:00,125.71666666666664,0.0,32.0,106.03666666666668,127.13,72.0,100.0,70.0,70.0,72.0,70.39666666666666,67.0,69.0,68.0,68.0,724
2025-02-07 12:45:00,126.42333333333332,0.0,32.0,106.40000000000002,127.13,72.0,100.0,70.0,70.0,72.0,70.39,67.0,69.0,68.0,68.0,725
2025-02-07 13:00:00,126.42333333333332,0.0,32.0,106.39666666666666,127.13,72.0,100.0,70.0,70.0,72.0,70.39,67.0,69.0,68.0,68.0,726
2025-02-07 13:15:00,125.01333333333334,0.0,32.333333333333336,106.65,127.13,72.0,100.0,70.0,70.0,72.0,70.42333333333333,67.0,69.0,68.0,68.0,727
2025-02-07 13:30:00,127.13,0.0,32.833333333333336,106.37333333333332,127.13,72.0,100.0,70.0,70.0,72.0,70.51333333333334,67.0,69.0,68.0,68.0,728
2025-02-07 13:45:00,127.13,0.0,31.5,106.29333333333334,127.13,72.0,100.0,70.0,70.0,72.0,70.87333333333333,67.0,69.0,68.0,68.0,729
2025-02-07 14:00:00,127.13,0.0,31.0,106.49333333333334,127.13,72.0,100.0,70.0,70.0,72.0,71.09333333333332,67.0,69.0,68.0,68.0,730
2025-02-07 14:15:00,126.42333333333332,0.0,31.0,106.94,127.13,72.0,100.0,70.0,70.0,72.0,71.22,67.0,69.0,68.0,68.0,731
2025-02-07 14:30:00,127.13,0.0,30.83333333333333,106.84666666666668,127.13,72.0,100.0,70.0,70.0,72.0,71.35000000000001,67.0,69.0,68.0,68.0,732
2025-02-07 14:45:00,126.42333333333332,0.0,30.5,107.45666666666666,127.13,72.0,100.0,70.0,70.0,72.0,71.38,67.0,69.0,68.0,68.0,733
2025-02-07 15:00:00,126.42333333333332,0.0,30.83333333333333,107.71999999999998,127.13,72.0,100.0,70.0,70.0,72.0,71.56,67.0,69.0,68.0,68.0,734
2025-02-07 15:15:00,127.83666666666666,0.0,30.83333333333333,107.33333333333331,127.13,72.0,100.0,70.0,70.0,72.0,71.68666666666667,67.0,69.0,68.0,68.0,735
2025-02-07 15:30:00,125.01,0.0,31.33333333333333,108.05,127.13,72.0,100.0,70.0,70.0,72.0,71.80666666666666,67.0,69.0,68.0,68.0,736
2025-02-07 15:45:00,125.01,0.0,32.0,107.81,127.13,72.0,100.0,70.0,70.0,72.0,71.93333333333334,67.0,69.0,68.0,68.0,737
2025-02-07 16:00:00,125.01333333333334,1.1766666666666663,32.0,107.98333333333332,126.42333333333332,72.0,99.28666666666668,70.0,70.0,72.0,71.99,67.0,69.0,68.0,68.0,738
2025-02-07 16:15:00,127.13,1.8866666666666667,30.83333333333333,107.77333333333333,125.71666666666664,72.0,98.74,70.0,70.0,72.0,72.01,67.0,69.0,68.0,68.0,739
2025-02-07 16:30:00,127.13,0.0,30.33333333333333,107.74,127.13,72.0,100.0,70.0,70.0,72.0,71.74333333333334,67.0,69.0,68.0,68.0,740
2025-02-07 16:45:00,127.13,0.0,30.0,107.9,127.13,72.0,100.0,70.0,70.0,72.0,71.58666666666666,67.0,69.0,68.0,68.0,741
2025-02-07 17:00:00,126.42333333333332,0.0,30.0,108.29,127.13,72.0,100.0,70.0,70.0,72.0,71.41666666666667,67.0,69.0,68.0,68.0,742
2025-02-07 17:15:00,126.42333333333332,0.0,30.0,108.19666666666669,127.13,72.0,100.0,70.0,70.0,72.0,71.58333333333333,67.0,69.0,68.0,68.0,743
2025-02-07 17:30:00,126.42333333333332,0.0,30.0,108.56666666666666,127.13,72.0,100.0,70.0,70.0,72.0,71.67,67.0,69.0,68.0,68.0,744
2025-02-07 17:45:00,125.01,0.0,30.0,108.58666666666666,127.13,72.0,100.0,70.0,70.0,72.0,71.65,67.0,69.0,68.0,68.0,745
2025-02-07 18:00:00,127.83666666666666,0.0,30.0,108.76666666666668,127.13,72.0,100.0,70.0,70.0,72.0,71.75666666666667,67.0,69.0,68.0,68.0,746
2025-02-07 18:15:00,126.42333333333332,0.0,30.0,108.95,127.13,72.0,100.0,70.0,70.0,72.0,71.78,67.0,69.0,68.0,68.0,747
2025-02-07 18:30:00,124.30666666666669,0.0,29.5,109.10666666666668,127.13,72.0,100.0,70.0,70.0,72.0,71.8,67.0,69.0,68.0,68.0,748
2025-02-07 18:45:00,127.13,0.0,29.666666666666668,109.14333333333332,127.13,72.0,100.0,70.0,70.0,72.0,71.8,67.0,69.0,68.0,68.0,749
2025-02-07 19:00:00,125.71999999999998,0.0,28.5,108.92,127.13,72.0,100.0,70.0,70.0,72.0,71.84666666666666,67.0,69.0,68.0,68.0,750
2025-02-07 19:15:00,126.42333333333332,20.82333333333333,28.5,107.36,125.01,72.0,86.81666666666666,70.0,70.0,72.0,72.56666666666666,67.0,69.0,68.0,68.0,751
2025-02-07 19:30:00,126.42333333333332,36.34666666666666,28.0,102.52333333333333,125.01,72.0,75.14,70.0,70.0,72.0,72.83,67.0,69.0,68.0,68.0,752
2025-02-07 19:45:00,126.42333333333332,26.346666666666668,27.83333333333333,104.05666666666669,125.01,72.0,79.26333333333334,70.0,70.0,72.0,72.41000000000001,67.0,69.0,68.0,68.0,753
2025-02-07 20:00:00,126.42333333333332,25.82,27.33333333333333,103.89,125.01,72.0,78.55666666666667,70.0,70.0,72.0,72.31333333333333,67.0,69.0,68.0,68.0,754
2025-02-07 20:15:00,125.71666666666664,30.016666666666666,27.0,101.96333333333332,125.01,72.0,74.89999999999999,70.0,70.0,72.0,72.36,67.0,69.0,68.0,68.0,755
2025-02-07 20:30:00,125.01,27.7,27.0,102.12,125.01,72.0,75.40333333333332,70.0,70.0,72.0,72.21666666666665,67.0,69.0,68.0,68.0,756
2025-02-07 20:45:00,125.01333333333334,29.606666666666666,27.5,101.46,125.01,72.0,73.57666666666667,70.0,70.0,72.0,72.23,67.0,69.0,68.0,68.0,757
2025-02-07 21:00:00,126.42333333333332,31.33333333333333,27.5,100.56333333333332,125.01,72.0,71.80666666666667,70.0,70.0,72.0,72.23,67.0,69.0,68.0,68.0,758
2025-02-07 21:15:00,125.01,32.15,27.0,100.07,125.01,72.0,70.64333333333333,70.0,70.0,72.0,72.19333333333333,67.0,69.0,68.0,68.0,759
2025-02-07 21:30:00,127.13,28.96,27.0,100.47333333333331,125.01,72.0,72.13,70.0,70.0,72.0,72.07000000000001,67.0,69.0,68.0,68.0,760
2025-02-07 21:45:00,125.01,22.093333333333334,27.0,102.25666666666666,125.01,72.0,76.28666666666668,70.0,70.0,72.0,71.85666666666667,67.0,69.0,68.0,68.0,761
2025-02-07 22:00:00,123.60333333333334,23.22,27.5,102.69,125.01,72.0,76.03666666666668,70.0,70.0,72.0,71.93333333333334,67.0,69.0,68.0,68.0,762
2025-02-07 22:15:00,124.30666666666669,23.146666666666665,28.5,102.5,125.01,72.0,76.22,70.0,70.0,72.0,71.94,67.0,69.0,68.0,68.0,763
2025-02-07 22:30:00,125.01,22.856666666666666,29.0,102.65333333333336,125.01,72.0,76.52666666666666,70.0,70.0,72.0,71.94,67.0,69.0,68.0,68.0,764
2025-02-07 22:45:00,125.01,23.826666666666664,29.33333333333333,102.71333333333332,125.01,72.0,76.05333333333333,70.0,70.0,72.0,71.97666666666667,67.0,69.0,68.0,68.0,765
2025-02-07 23:00:00,125.71666666666664,26.92333333333333,29.5,101.48,125.01,72.0,74.07333333333334,70.0,70.0,72.0,72.06333333333333,67.0,69.0,68.0,68.0,766
2025-02-07 23:15:00,125.71666666666664,27.77,29.5,101.08333333333331,125.01,72.0,73.33666666666666,70.0,70.0,72.0,72.07,67.0,69.0,68.0,68.0,767
2025-02-07 23:30:00,126.42333333333332,28.78,29.5,100.63666666666668,125.01,72.0,72.45,70.0,70.0,72.0,72.08333333333333,67.0,69.0,68.0,68.0,768
2025-02-07 23:45:00,125.71666666666664,29.56,29.5,100.34666666666664,125.01,72.0,71.70333333333333,70.0,70.0,72.0,72.09,67.0,69.0,68.0,68.0,769
2025-02-08 00:00:00,125.71999999999998,30.313333333333333,29.5,99.94333333333331,125.01,72.0,70.95333333333333,70.0,70.0,72.0,72.09,67.0,69.0,68.0,68.0,770
2025-02-08 00:15:00,125.71666666666664,30.41,29.5,99.84333333333336,125.01,72.0,70.62333333333333,70.0,70.0,72.0,72.07,67.0,69.0,68.0,68.0,771
2025-02-08 00:30:00,123.60333333333334,31.59,29.5,99.42333333333332,125.01,72.0,69.64666666666666,70.0,70.0,72.0,72.09,67.0,69.0,68.0,68.0,772
2025-02-08 00:45:00,125.01,32.11333333333334,29.5,99.36666666666667,125.01,72.0,69.05333333333333,70.0,70.0,72.0,72.07666666666667,67.0,69.0,68.0,68.0,773
2025-02-08 01:00:00,124.30666666666669,32.88333333333333,29.5,99.80333333333331,125.01,72.0,68.32666666666667,70.0,70.0,72.0,72.07666666666667,67.0,69.0,68.0,68.0,774
2025-02-08 01:15:00,123.60333333333334,33.09,30.0,99.5,125.01,72.0,67.93666666666667,70.0,70.0,72.0,72.07,67.0,69.0,68.0,68.0,775
2025-02-08 01:30:00,125.01333333333334,33.6,30.5,99.26666666666668,125.01,72.0,67.41333333333334,70.0,70.0,72.0,72.07,67.0,69.0,68.0,68.0,776
2025-02-08 01:45:00,124.30666666666669,34.00666666666667,30.5,98.84,125.01,72.0,66.94666666666667,70.0,70.0,72.0,72.07,67.0,69.0,68.0,68.0,777
2025-02-08 02:00:00,124.30666666666669,33.06,30.666666666666668,99.16666666666669,125.01,72.0,67.34333333333332,70.0,70.0,72.0,72.02,67.0,69.0,68.0,68.0,778
2025-02-08 02:15:00,124.30666666666669,32.02,31.33333333333333,99.47333333333334,125.01,72.0,67.95666666666666,70.0,70.0,72.0,71.99333333333334,67.0,69.0,68.0,68.0,779
2025-02-08 02:30:00,125.71666666666664,30.606666666666666,31.5,99.81,125.01,72.0,68.86333333333333,70.0,70.0,72.0,71.95333333333333,67.0,69.0,68.0,68.0,780
2025-02-08 02:45:00,125.01,30.090000000000003,31.5,100.14666666666666,125.01,72.0,69.29666666666667,70.0,70.0,72.0,71.94,67.0,69.0,68.0,68.0,781
2025-02-08 03:00:00,126.42333333333332,29.766666666666666,31.5,100.39333333333332,125.01,72.0,69.63000000000001,70.0,70.0,72.0,71.94,67.0,69.0,68.0,68.0,782
2025-02-08 03:15:00,125.71666666666664,29.28,31.5,100.43666666666668,125.01,72.0,70.05333333333334,70.0,70.0,72.0,71.94,67.0,69.0,68.0,68.0,783
2025-02-08 03:30:00,125.01,28.83,31.5,100.75333333333332,125.01,72.0,70.48,70.0,70.0,72.0,71.94,67.0,69.0,68.0,68.0,784
2025-02-08 03:45:00,126.42333333333332,28.55333333333333,31.5,100.79,125.01,72.0,70.78666666666668,70.0,70.0,72.0,71.93333333333334,67.0,69.0,68.0,68.0,785
2025-02-08 04:00:00,125.01,27.84,31.5,101.15,125.01,72.0,71.38,70.0,70.0,72.0,71.92666666666666,67.0,69.0,68.0,68.0,786
2025-02-08 04:15:00,127.13,27.46333333333333,31.5,101.04666666666668,125.01,72.0,71.77999999999999,70.0,70.0,72.0,71.92666666666666,67.0,69.0,68.0,68.0,787
2025-02-08 04:30:00,127.13,27.433333333333334,31.33333333333333,100.72333333333331,125.01,72.0,71.94333333333333,70.0,70.0,72.0,71.94,67.0,69.0,68.0,68.0,788
2025-02-08 04:45:00,125.71666666666664,27.016666666666666,30.166666666666668,100.76666666666668,125.01,72.0,72.34333333333333,70.0,70.0,72.0,71.94,67.0,69.0,68.0,68.0,789
2025-02-08 05:00:00,125.71666666666664,26.63,30.0,100.86,125.01,72.0,72.71333333333332,70.0,70.0,72.0,71.94,67.0,69.0,68.0,68.0,790
2025-02-08 05:15:00,126.42333333333332,26.22666666666667,30.0,100.93666666666668,125.01,72.0,73.10333333333334,70.0,70.0,72.0,71.94,67.0,69.0,68.0,68.0,791
2025-02-08 05:30:00,125.01,25.62,30.0,100.98,125.01,72.0,73.62,70.0,70.0,72.0,71.92666666666666,67.0,69.0,68.0,68.0,792
2025-02-08 05:45:00,125.71666666666664,25.126666666666665,30.0,100.95666666666666,125.01,72.0,74.09,70.0,70.0,72.0,71.92666666666666,67.0,69.0,68.0,68.0,793
2025-02-08 06:00:00,126.42333333333332,24.32333333333333,30.0,101.54666666666668,125.01,72.0,74.75999999999999,70.0,70.0,72.0,71.91666666666667,67.0,69.0,68.0,68.0,794
2025-02-08 06:15:00,125.01333333333334,21.916666666666668,30.0,102.34666666666668,125.01,72.0,76.47333333333333,70.0,70.0,72.0,71.87333333333333,67.0,69.0,68.0,68.0,795
2025-02-08 06:30:00,123.60333333333334,20.10333333333333,30.83333333333333,103.18333333333334,125.01,72.0,77.99666666666667,70.0,70.0,72.0,71.84666666666666,67.0,69.0,68.0,68.0,796
2025-02-08 06:45:00,125.01,17.436666666666667,31.5,103.51333333333334,125.01,72.0,80.07666666666667,70.0,70.0,72.0,71.8,67.0,69.0,68.0,68.0,797
2025-02-08 07:00:00,125.71666666666664,15.670000000000002,31.5,104.26,125.01,72.0,81.71,70.0,70.0,72.0,71.79333333333334,67.0,69.0,68.0,68.0,798
2025-02-08 07:15:00,125.01333333333334,14.073333333333332,31.666666666666668,105.15666666666668,125.01,72.0,83.25666666666667,70.0,70.0,72.0,71.78666666666668,67.0,69.0,68.0,68.0,799
2025-02-08 07:30:00,126.07,11.955,32.0,105.96,125.01,72.0,85.22,70.0,70.0,72.0,71.77000000000001,67.0,69.0,68.0,68.0,800
2025-02-08 07:45:00,126.42333333333332,10.159999999999998,31.83333333333333,106.50333333333332,125.01,72.0,86.87,70.0,70.0,72.0,71.76,67.0,69.0,68.0,68.0,801
2025-02-08 08:00:00,125.71666666666664,8.69,31.5,107.07333333333334,125.01,72.0,88.41000000000001,70.0,70.0,72.0,71.77333333333333,67.0,69.0,68.0,68.0,802
2025-02-08 08:15:00,125.01,6.796666666666667,31.5,107.81,125.01,72.0,90.21,70.0,70.0,72.0,71.76,67.0,69.0,68.0,68.0,803
2025-02-08 08:30:00,125.01,5.1066666666666665,31.5,108.51333333333334,125.01,72.0,91.91,70.0,70.0,72.0,71.76666666666667,67.0,69.0,68.0,68.0,804
2025-02-08 08:45:00,125.01,4.13,31.5,108.43333333333334,125.01,72.0,93.12333333333332,70.0,70.0,72.0,71.78,67.0,69.0,68.0,68.0,805
2025-02-08 09:00:00,126.42333333333332,0.99,28.666666666666668,80.67666666666666,125.01,72.0,31.37333333333333,70.0,70.0,72.0,71.63666666666667,67.0,69.0,68.0,68.0,806
2025-02-08 09:15:00,123.60333333333334,0.0,27.0,66.12666666666667,125.01,72.0,7.72,70.0,70.0,72.0,71.07666666666667,67.0,69.0,68.0,68.0,807
2025-02-08 09:30:00,124.30666666666669,0.0,27.5,76.39,125.01,72.0,35.596666666666664,70.0,70.0,72.0,70.62333333333333,67.0,69.0,68.0,68.0,808
2025-02-08 09:45:00,125.01,0.0,27.5,84.48666666666666,125.01,72.0,47.44,70.0,70.0,72.0,70.56333333333333,67.0,69.0,68.0,68.0,809
2025-02-08 10:00:00,122.19333333333334,0.0,27.83333333333333,90.23,125.01,72.0,55.8,70.0,70.0,72.0,70.66666666666667,67.0,69.0,68.0,68.0,810
2025-02-08 10:15:00,125.71666666666664,0.0,29.0,96.07,125.01,72.0,65.24,70.0,70.0,72.0,70.68,67.0,69.0,68.0,68.0,811
2025-02-08 10:30:00,125.01,0.0,29.0,100.61666666666667,125.01,72.0,73.46333333333332,70.0,70.0,72.0,70.74666666666667,67.0,69.0,68.0,68.0,812
2025-02-08 10:45:00,125.71666666666664,0.0,29.5,103.87333333333332,125.01,72.0,81.15333333333332,70.0,70.0,72.0,70.81666666666666,67.0,69.0,68.0,68.0,813
2025-02-08 11:00:00,125.01,0.0,29.5,107.28333333333336,125.01,72.0,89.46333333333332,70.0,70.0,72.0,70.83999999999999,67.0,69.0,68.0,68.0,814
2025-02-08 11:15:00,126.42333333333332,0.0,30.0,108.21333333333332,125.01,72.0,96.27666666666666,70.0,70.0,72.0,70.88666666666667,67.0,69.0,68.0,68.0,815
2025-02-08 11:30:00,125.71666666666664,0.0,30.0,108.40333333333332,127.13,72.0,100.0,70.0,70.0,72.0,70.94333333333334,67.0,69.0,68.0,68.0,816
2025-02-08 11:45:00,125.71666666666664,0.0,30.0,108.34666666666664,127.13,72.0,100.0,70.0,70.0,72.0,70.97000000000001,67.0,69.0,68.0,68.0,817
2025-02-08 12:00:00,124.30666666666669,0.0,30.0,108.30666666666666,127.13,72.0,100.0,70.0,70.0,72.0,71.07333333333334,67.0,69.0,68.0,68.0,818
2025-02-08 12:15:00,125.01,0.0,30.166666666666668,108.32,127.13,72.0,100.0,70.0,70.0,72.0,71.11666666666666,67.0,69.0,68.0,68.0,819
2025-02-08 12:30:00,125.71666666666664,0.0,30.5,108.07333333333334,127.13,72.0,100.0,70.0,70.0,72.0,71.20666666666666,67.0,69.0,68.0,68.0,820
2025-02-08 12:45:00,125.71666666666664,0.0,30.5,108.06666666666666,127.13,72.0,100.0,70.0,70.0,72.0,71.23333333333333,67.0,69.0,68.0,68.0,821
2025-02-08 13:00:00,126.42333333333332,0.0,30.5,108.35,127.13,72.0,100.0,70.0,70.0,72.0,71.32,67.0,69.0,68.0,68.0,822
2025-02-08 13:15:00,126.42333333333332,0.0,30.5,108.20666666666666,127.13,72.0,100.0,70.0,70.0,72.0,71.37333333333333,67.0,69.0,68.0,68.0,823
2025-02-08 13:30:00,125.71666666666664,0.0,30.5,108.53000000000002,127.13,72.0,100.0,70.0,70.0,72.0,71.40666666666665,67.0,69.0,68.0,68.0,824
2025-02-08 13:45:00,126.42333333333332,0.0,30.5,108.48,127.13,72.0,100.0,70.0,70.0,72.0,71.50333333333333,67.0,69.0,68.0,68.0,825
2025-02-08 14:00:00,126.07,0.0,30.5,108.26,127.13,72.0,100.0,70.0,70.0,72.0,71.52000000000001,67.0,69.0,68.0,68.0,826
2025-02-08 14:15:00,126.07,0.0,30.5,108.3725,127.13,72.0,100.0,70.0,70.0,72.0,71.6225,67.0,69.0,68.0,68.0,827
2025-02-08 14:30:00,127.13,0.0,29.5,108.39,127.13,72.0,100.0,70.0,70.0,72.0,71.68666666666667,67.0,69.0,68.0,68.0,828
2025-02-08 14:45:00,126.42333333333332,0.0,29.33333333333333,108.14666666666666,127.13,72.0,100.0,70.0,70.0,72.0,71.78,67.0,69.0,68.0,68.0,829
2025-02-08 15:00:00,125.01,0.0,29.0,107.97666666666667,127.13,72.0,100.0,70.0,70.0,72.0,71.83,67.0,69.0,68.0,68.0,830
2025-02-08 15:15:00,127.13,0.0,29.0,108.01333333333334,127.13,72.0,100.0,70.0,70.0,72.0,71.92666666666666,67.0,69.0,68.0,68.0,831
2025-02-08 15:30:00,126.42333333333332,0.5366666666666667,29.0,108.44,126.42333333333332,72.0,99.67,70.0,70.0,72.0,71.97,67.0,69.0,68.0,68.0,832
2025-02-08 15:45:00,126.42333333333332,3.68,29.0,108.38666666666668,125.01,72.0,97.60666666666668,70.0,70.0,72.0,72.08333333333333,67.0,69.0,68.0,68.0,833
2025-02-08 16:00:00,127.13,8.286666666666667,29.0,108.35,125.01,72.0,94.42,70.0,70.0,72.0,72.19333333333333,67.0,69.0,68.0,68.0,834
2025-02-08 16:15:00,125.71666666666664,11.796666666666669,29.0,108.61666666666667,125.01,72.0,91.63,70.0,70.0,72.0,72.24333333333334,67.0,69.0,68.0,68.0,835
2025-02-08 16:30:00,125.71666666666664,18.16333333333333,29.0,107.34333333333332,125.01,72.0,86.87,70.0,70.0,72.0,72.36666666666667,67.0,69.0,68.0,68.0,836
2025-02-08 16:45:00,126.42333333333332,24.94333333333333,28.5,105.63333333333333,125.01,72.0,81.52333333333333,70.0,70.0,72.0,72.47,67.0,69.0,68.0,68.0,837
2025-02-08 17:00:00,126.42333333333332,32.806666666666665,28.5,103.57333333333334,125.01,72.0,75.18333333333334,70.0,70.0,72.0,72.58999999999999,67.0,69.0,68.0,68.0,838
2025-02-08 17:15:00,125.71666666666664,44.20666666666667,28.166666666666668,99.82333333333332,125.01,72.0,66.32333333333334,70.0,70.0,72.0,72.78333333333335,67.0,69.0,68.0,68.0,839
2025-02-08 17:30:00,126.42333333333332,56.06,28.0,94.28666666666668,125.01,72.0,56.57333333333333,70.0,70.0,72.0,72.94333333333333,67.0,69.0,68.0,68.0,840
2025-02-08 17:45:00,194.23333333333332,57.05666666666667,37.333333333333336,68.05333333333334,194.23333333333332,72.0,0.0,70.0,70.0,72.0,72.77,67.0,69.0,68.0,68.0,841
2025-02-08 18:00:00,189.9933333333333,52.06,35.833333333333336,68.00333333333333,187.8733333333333,72.0,0.0,70.0,70.0,72.0,72.47666666666667,67.0,69.0,68.0,68.0,842
2025-02-08 18:15:00,184.34,47.18333333333334,34.666666666666664,68.15666666666667,182.22,72.0,0.0,70.0,70.0,72.0,72.24,67.0,69.0,68.0,68.0,843
2025-02-08 18:30:00,176.57666666666668,42.303333333333335,33.333333333333336,68.27333333333333,176.57666666666668,72.0,0.0,70.0,70.0,72.0,72.06,67.0,69.0,68.0,68.0,844
2025-02-08 18:45:00,167.39333333333332,34.99,31.83333333333333,65.38666666666667,166.68666666666664,72.0,0.0,70.0,70.0,72.0,71.85000000000001,67.0,69.0,68.0,68.0,845
2025-02-08 19:00:00,139.14,11.473333333333334,28.33333333333333,59.02,138.4333333333333,72.0,0.0,70.0,70.0,72.0,71.22666666666667,67.0,69.0,68.0,68.0,846
2025-02-08 19:15:00,125.01,0.0,26.5,65.95666666666666,125.01,72.0,25.05,70.0,70.0,72.0,70.93,67.0,69.0,68.0,68.0,847
2025-02-08 19:30:00,122.90000000000002,0.0,26.5,70.21,125.01,72.0,32.666666666666664,70.0,70.0,72.0,70.95,67.0,69.0,68.0,68.0,848
2025-02-08 19:45:00,125.01,0.0,26.5,73.74333333333334,125.01,72.0,36.69,70.0,70.0,72.0,71.11,67.0,69.0,68.0,68.0,849
2025-02-08 20:00:00,124.30666666666669,0.0,26.5,76.39,125.01,72.0,39.20666666666667,70.0,70.0,72.0,71.28333333333333,67.0,69.0,68.0,68.0,850
2025-02-08 20:15:00,127.13,0.0,28.0,77.81666666666666,125.01,72.0,40.39,70.0,70.0,72.0,71.46,67.0,69.0,68.0,68.0,851
2025-02-08 20:30:00,124.30666666666669,0.0,28.0,76.92,125.01,72.0,40.126666666666665,70.0,70.0,72.0,71.64,67.0,69.0,68.0,68.0,852
2025-02-08 20:45:00,123.60333333333334,0.0,28.666666666666668,74.19666666666667,125.01,72.0,42.57,70.0,70.0,72.0,71.63666666666667,67.0,69.0,68.0,68.0,853
2025-02-08 21:00:00,122.19333333333334,0.0,29.33333333333333,77.32333333333334,125.01,72.0,48.18666666666667,70.0,70.0,72.0,71.51,67.0,69.0,68.0,68.0,854
2025-02-08 21:15:00,122.90000000000002,0.0,30.5,77.72666666666667,125.01,72.0,49.01,70.0,70.0,72.0,71.63000000000001,67.0,69.0,68.0,68.0,855
2025-02-08 21:30:00,126.42333333333332,0.0,30.5,80.06333333333333,125.01,72.0,52.15333333333333,70.0,70.0,72.0,71.60666666666667,67.0,69.0,68.0,68.0,856
2025-02-08 21:45:00,126.42333333333332,0.0,30.166666666666668,83.69,125.01,72.0,54.41333333333333,70.0,70.0,72.0,71.64333333333333,67.0,69.0,68.0,68.0,857
2025-02-08 22:00:00,125.71666666666664,0.0,28.5,87.52333333333333,125.01,72.0,56.0,70.0,70.0,72.0,71.68333333333334,67.0,69.0,68.0,68.0,858
2025-02-08 22:15:00,127.13,0.0,27.83333333333333,89.04666666666667,125.01,72.0,57.84,70.0,70.0,72.0,71.7,67.0,69.0,68.0,68.0,859
2025-02-08 22:30:00,124.30666666666669,0.0,28.0,88.74333333333334,125.01,72.0,57.056666666666665,70.0,70.0,72.0,71.82333333333334,67.0,69.0,68.0,68.0,860
2025-02-08 22:45:00,125.01333333333334,0.0,28.0,87.48,125.01,72.0,55.723333333333336,70.0,70.0,72.0,71.92666666666666,67.0,69.0,68.0,68.0,861
2025-02-08 23:00:00,123.60333333333334,0.75,28.166666666666668,86.90666666666668,125.01,72.0,54.85,70.0,70.0,72.0,71.99666666666667,67.0,69.0,68.0,68.0,862
2025-02-08 23:15:00,124.30666666666669,3.59,29.5,84.92666666666666,125.01,72.0,52.583333333333336,70.0,70.0,72.0,72.08333333333333,67.0,69.0,68.0,68.0,863
2025-02-08 23:30:00,125.71666666666664,4.6433333333333335,28.83333333333333,88.56666666666666,125.01,72.0,51.67333333333334,70.0,70.0,72.0,72.09,67.0,69.0,68.0,68.0,864
2025-02-08 23:45:00,125.71999999999998,8.85,26.83333333333333,89.12,125.01,72.0,48.71666666666667,70.0,70.0,72.0,72.19333333333333,67.0,69.0,68.0,68.0,865
2025-02-09 00:00:00,126.42333333333332,12.0,26.33333333333333,87.62,125.01,72.0,46.14666666666667,70.0,70.0,72.0,72.22333333333334,67.0,69.0,68.0,68.0,866
2025-02-09 00:15:00,126.42333333333332,13.863333333333337,26.0,86.30333333333333,125.01,72.0,44.29333333333333,70.0,70.0,72.0,72.23,67.0,69.0,68.0,68.0,867
2025-02-09 00:30:00,125.71666666666664,14.99,26.0,85.29666666666667,125.01,72.0,42.95333333333334,70.0,70.0,72.0,72.20333333333333,67.0,69.0,68.0,68.0,868
2025-02-09 00:45:00,125.71666666666664,16.44,25.5,84.03666666666668,125.01,72.0,41.39333333333334,70.0,70.0,72.0,72.2,67.0,69.0,68.0,68.0,869
2025-02-09 01:00:00,125.71999999999998,13.636666666666663,25.5,84.52999999999999,125.01,72.0,42.60333333333333,70.0,70.0,72.0,72.08333333333333,67.0,69.0,68.0,68.0,870
2025-02-09 01:15:00,124.30666666666669,11.233333333333334,25.5,85.08,125.01,72.0,43.86333333333334,70.0,70.0,72.0,72.0,67.0,69.0,68.0,68.0,871
2025-02-09 01:30:00,125.71666666666664,8.94,25.5,85.78666666666668,125.01,72.0,45.3,70.0,70.0,72.0,71.93333333333334,67.0,69.0,68.0,68.0,872
2025-02-09 01:45:00,125.01,5.026666666666666,25.5,87.35666666666667,125.01,72.0,47.92666666666667,70.0,70.0,72.0,71.83666666666666,67.0,69.0,68.0,68.0,873
2025-02-09 02:00:00,124.30666666666669,1.8500000000000003,25.5,88.92666666666666,125.01,72.0,50.38999999999999,70.0,70.0,72.0,71.78,67.0,69.0,68.0,68.0,874
2025-02-09 02:15:00,123.60333333333334,0.0,26.666666666666668,91.42333333333332,125.01,72.0,54.56666666666666,70.0,70.0,72.0,71.65666666666668,67.0,69.0,68.0,68.0,875
2025-02-09 02:30:00,124.30666666666669,0.0,27.33333333333333,93.52666666666666,125.01,72.0,58.626666666666665,70.0,70.0,72.0,71.59,67.0,69.0,68.0,68.0,876
2025-02-09 02:45:00,123.60333333333334,0.0,27.666666666666668,96.11666666666667,125.01,72.0,63.74666666666667,70.0,70.0,72.0,71.50333333333333,67.0,69.0,68.0,68.0,877
2025-02-09 03:00:00,127.13,0.0,27.0,98.92333333333332,125.01,72.0,70.42333333333333,70.0,70.0,72.0,71.38333333333334,67.0,69.0,68.0,68.0,878
2025-02-09 03:15:00,124.30666666666669,0.0,27.33333333333333,101.58,125.01,72.0,75.3,70.0,70.0,72.0,71.36666666666666,67.0,69.0,68.0,68.0,879
2025-02-09 03:30:00,125.01,0.0,28.5,103.65,125.01,72.0,80.32,70.0,70.0,72.0,71.37,67.0,69.0,68.0,68.0,880
2025-02-09 03:45:00,124.30666666666669,0.0,29.666666666666668,105.77666666666666,125.01,72.0,84.55666666666667,70.0,70.0,72.0,71.37333333333333,67.0,69.0,68.0,68.0,881
2025-02-09 04:00:00,123.60333333333334,0.0,30.33333333333333,107.64666666666666,125.01,72.0,89.55666666666667,70.0,70.0,72.0,71.35,67.0,69.0,68.0,68.0,882
2025-02-09 04:15:00,124.30666666666669,0.0,30.83333333333333,108.76333333333332,125.01,72.0,94.51666666666668,70.0,70.0,72.0,71.35,67.0,69.0,68.0,68.0,883
2025-02-09 04:30:00,123.60333333333334,0.0,31.5,108.71333333333332,125.71666666666664,72.0,99.55333333333331,70.0,70.0,72.0,71.28666666666668,67.0,69.0,68.0,68.0,884
2025-02-09 04:45:00,125.71666666666664,0.0,31.666666666666668,108.69,127.13,72.0,100.0,70.0,70.0,72.0,71.24,67.0,69.0,68.0,68.0,885
2025-02-09 05:00:00,125.01,0.0,32.0,108.57,127.13,72.0,100.0,70.0,70.0,72.0,71.23333333333333,67.0,69.0,68.0,68.0,886
2025-02-09 05:15:00,127.13,0.0,31.83333333333333,108.02,127.13,72.0,100.0,70.0,70.0,72.0,71.17333333333333,67.0,69.0,68.0,68.0,887
2025-02-09 05:30:00,125.71666666666664,0.0,30.5,108.07,127.13,72.0,100.0,70.0,70.0,72.0,71.12,67.0,69.0,68.0,68.0,888
2025-02-09 05:45:00,125.01,0.0,30.5,107.6,127.13,72.0,100.0,70.0,70.0,72.0,71.115,67.0,69.0,68.0,68.0,889
2025-02-09 06:00:00,128.19,0.0,30.375,107.88,127.13,72.0,100.0,70.0,70.0,72.0,71.095,67.0,69.0,68.0,68.0,890
2025-02-09 06:15:00,125.71666666666664,0.0,30.0,107.89333333333332,127.13,72.0,100.0,70.0,70.0,72.0,71.08,67.0,69.0,68.0,68.0,891
2025-02-09 06:30:00,126.42333333333332,0.0,30.0,107.53333333333336,127.13,72.0,100.0,70.0,70.0,72.0,71.08,67.0,69.0,68.0,68.0,892
2025-02-09 06:45:00,125.01,0.0,31.666666666666668,108.03666666666668,127.13,72.0,100.0,70.0,70.0,72.0,70.99333333333334,67.0,69.0,68.0,68.0,893
2025-02-09 07:00:00,125.01,0.0,32.5,108.06,127.13,72.0,100.0,70.0,70.0,72.0,70.95,67.0,69.0,68.0,68.0,894
2025-02-09 07:15:00,127.13,0.0,32.166666666666664,107.82333333333334,127.13,72.0,100.0,70.0,70.0,72.0,70.94333333333334,67.0,69.0,68.0,68.0,895
2025-02-09 07:30:00,127.13,0.0,30.666666666666668,107.60666666666668,127.13,72.0,100.0,70.0,70.0,72.0,70.95,67.0,69.0,68.0,68.0,896
2025-02-09 07:45:00,124.31,0.0,31.666666666666668,108.33333333333331,127.13,72.0,100.0,70.0,70.0,72.0,70.95666666666666,67.0,69.0,68.0,68.0,897
2025-02-09 08:00:00,127.13,0.0,31.83333333333333,107.64333333333332,127.13,72.0,100.0,70.0,70.0,72.0,70.94333333333334,67.0,69.0,68.0,68.0,898
2025-02-09 08:15:00,127.83666666666666,0.0,31.0,107.63,127.13,72.0,100.0,70.0,70.0,72.0,70.92333333333333,67.0,69.0,68.0,68.0,899
2025-02-09 08:30:00,125.71666666666664,0.0,30.0,107.80666666666666,127.13,72.0,100.0,70.0,70.0,72.0,70.95,67.0,69.0,68.0,68.0,900
2025-02-09 08:45:00,125.71666666666664,0.0,30.0,107.60666666666668,127.13,72.0,100.0,70.0,70.0,72.0,70.95,67.0,69.0,68.0,68.0,901
2025-02-09 09:00:00,126.42333333333332,0.0,29.83333333333333,107.29666666666668,127.13,72.0,100.0,70.0,70.0,72.0,70.92,67.0,69.0,68.0,68.0,902
2025-02-09 09:15:00,127.13,0.0,29.5,107.42666666666666,127.13,72.0,100.0,70.0,70.0,72.0,70.93666666666667,67.0,69.0,68.0,68.0,903
2025-02-09 09:30:00,126.42333333333332,0.0,29.5,107.51,127.13,72.0,100.0,70.0,70.0,72.0,70.95,67.0,69.0,68.0,68.0,904
2025-02-09 09:45:00,125.01333333333334,0.0,29.5,107.53666666666668,127.13,72.0,100.0,70.0,70.0,72.0,70.93,67.0,69.0,68.0,68.0,905
2025-02-09 10:00:00,125.71666666666664,0.0,31.0,107.96,127.13,72.0,100.0,70.0,70.0,72.0,70.91333333333334,67.0,69.0,68.0,68.0,906
2025-02-09 10:15:00,125.01,0.0,30.83333333333333,107.43666666666668,127.13,72.0,100.0,70.0,70.0,72.0,70.90666666666667,67.0,69.0,68.0,68.0,907
2025-02-09 10:30:00,126.42333333333332,0.0,29.5,107.50666666666666,127.13,72.0,100.0,70.0,70.0,72.0,70.91666666666667,67.0,69.0,68.0,68.0,908
2025-02-09 10:45:00,126.42333333333332,0.0,29.5,107.50666666666666,127.13,72.0,100.0,70.0,70.0,72.0,70.92,67.0,69.0,68.0,68.0,909
2025-02-09 11:00:00,127.13,0.0,29.0,107.39333333333332,127.13,72.0,100.0,70.0,70.0,72.0,70.83999999999999,67.0,69.0,68.0,68.0,910
2025-02-09 11:15:00,126.42333333333332,0.0,29.0,107.45,127.13,72.0,100.0,70.0,70.0,72.0,70.84666666666666,67.0,69.0,68.0,68.0,911
2025-02-09 11:30:00,127.13,0.0,29.0,107.36,127.13,72.0,100.0,70.0,70.0,72.0,70.83,67.0,69.0,68.0,68.0,912
2025-02-09 11:45:00,126.42333333333332,0.0,29.666666666666668,107.71999999999998,127.13,72.0,100.0,70.0,70.0,72.0,70.82333333333334,67.0,69.0,68.0,68.0,913
2025-02-09 12:00:00,125.01333333333334,0.0,31.166666666666668,107.75,127.13,72.0,100.0,70.0,70.0,72.0,70.80333333333334,67.0,69.0,68.0,68.0,914
2025-02-09 12:15:00,127.13,0.0,31.0,107.34,127.13,72.0,100.0,70.0,70.0,72.0,70.81,67.0,69.0,68.0,68.0,915
2025-02-09 12:30:00,127.83666666666666,0.0,30.33333333333333,107.29,127.13,72.0,100.0,70.0,70.0,72.0,70.81666666666666,67.0,69.0,68.0,68.0,916
2025-02-09 12:45:00,127.13,0.0,30.0,107.41333333333334,127.13,72.0,100.0,70.0,70.0,72.0,70.80333333333334,67.0,69.0,68.0,68.0,917
2025-02-09 13:00:00,126.42333333333332,0.0,29.5,107.14,127.13,72.0,100.0,70.0,70.0,72.0,70.79,67.0,69.0,68.0,68.0,918
2025-02-09 13:15:00,126.42333333333332,0.0,29.5,107.27333333333333,127.13,72.0,100.0,70.0,70.0,72.0,70.78333333333335,67.0,69.0,68.0,68.0,919
2025-02-09 13:30:00,126.42333333333332,0.0,29.5,107.0,127.13,72.0,100.0,70.0,70.0,72.0,70.79666666666667,67.0,69.0,68.0,68.0,920
2025-02-09 13:45:00,125.71666666666664,0.0,29.5,107.14333333333332,127.13,72.0,100.0,70.0,70.0,72.0,70.79666666666667,67.0,69.0,68.0,68.0,921
2025-02-09 14:00:00,127.83666666666666,0.0,29.33333333333333,107.15666666666664,127.13,72.0,100.0,70.0,70.0,72.0,70.80333333333334,67.0,69.0,68.0,68.0,922
2025-02-09 14:15:00,125.71666666666664,0.0,29.0,107.27,127.13,72.0,100.0,70.0,70.0,72.0,70.82666666666667,67.0,69.0,68.0,68.0,923
2025-02-09 14:30:00,127.13,0.0,29.0,107.15,127.13,72.0,100.0,70.0,70.0,72.0,70.90666666666667,67.0,69.0,68.0,68.0,924
2025-02-09 14:45:00,127.83666666666666,0.0,28.5,107.31333333333332,127.13,72.0,100.0,70.0,70.0,72.0,70.94333333333334,67.0,69.0,68.0,68.0,925
2025-02-09 15:00:00,125.71666666666664,0.0,28.5,107.25333333333332,127.13,72.0,100.0,70.0,70.0,72.0,71.05333333333333,67.0,69.0,68.0,68.0,926
2025-02-09 15:15:00,127.13,0.0,28.666666666666668,107.56666666666666,127.13,72.0,100.0,70.0,70.0,72.0,71.12333333333333,67.0,69.0,68.0,68.0,927
2025-02-09 15:30:00,124.30666666666669,0.0,29.666666666666668,107.99666666666668,127.13,72.0,100.0,70.0,70.0,72.0,71.22,67.0,69.0,68.0,68.0,928
2025-02-09 15:45:00,126.42333333333332,0.0,30.0,107.65666666666668,127.13,72.0,100.0,70.0,70.0,72.0,71.31333333333333,67.0,69.0,68.0,68.0,929
2025-02-09 16:00:00,127.83666666666666,0.0,29.33333333333333,107.64,127.13,72.0,100.0,70.0,70.0,72.0,71.41,67.0,69.0,68.0,68.0,930
2025-02-09 16:15:00,127.13,0.0,28.33333333333333,107.55,127.13,72.0,100.0,70.0,70.0,72.0,71.54,67.0,69.0,68.0,68.0,931
2025-02-09 16:30:00,127.13,0.0,28.0,107.59,127.13,72.0,100.0,70.0,70.0,72.0,71.65666666666668,67.0,69.0,68.0,68.0,932
2025-02-09 16:45:00,126.42333333333332,0.0,28.0,107.49333333333334,127.13,72.0,100.0,70.0,70.0,72.0,71.78,67.0,69.0,68.0,68.0,933
2025-02-09 17:00:00,127.13,0.0,28.0,107.89,127.13,72.0,100.0,70.0,70.0,72.0,71.90666666666667,67.0,69.0,68.0,68.0,934
2025-02-09 17:15:00,126.42333333333332,1.5233333333333334,28.0,107.82333333333334,125.71666666666664,72.0,99.04333333333334,70.0,70.0,72.0,72.03333333333333,67.0,69.0,68.0,68.0,935
2025-02-09 17:30:00,126.42333333333332,4.946666666666666,28.0,107.40333333333336,125.01,72.0,96.73666666666666,70.0,70.0,72.0,72.12,67.0,69.0,68.0,68.0,936
2025-02-09 17:45:00,126.42333333333332,10.9,27.5,107.58,125.01,72.0,92.55666666666669,70.0,70.0,72.0,72.24666666666667,67.0,69.0,68.0,68.0,937
2025-02-09 18:00:00,126.42333333333332,16.763333333333332,27.5,106.36333333333334,125.01,72.0,88.11,70.0,70.0,72.0,72.35666666666667,67.0,69.0,68.0,68.0,938
2025-02-09 18:15:00,126.42333333333332,22.63,27.5,104.96,125.01,72.0,83.37,70.0,70.0,72.0,72.44,67.0,69.0,68.0,68.0,939
2025-02-09 18:30:00,126.42333333333332,29.55333333333333,27.5,103.10333333333334,125.01,72.0,77.8,70.0,70.0,72.0,72.54333333333334,67.0,69.0,68.0,68.0,940
2025-02-09 18:45:00,124.30666666666669,38.09,27.5,99.68666666666668,125.01,72.0,70.70666666666666,70.0,70.0,72.0,72.64333333333333,67.0,69.0,68.0,68.0,941
2025-02-09 19:00:00,125.71666666666664,44.80666666666667,27.5,96.32,125.01,72.0,64.61333333333333,70.0,70.0,72.0,72.69,67.0,69.0,68.0,68.0,942
2025-02-09 19:15:00,125.01333333333334,52.156666666666666,27.5,92.16666666666669,125.01,72.0,58.083333333333336,70.0,70.0,72.0,72.75,67.0,69.0,68.0,68.0,943
2025-02-09 19:30:00,125.71666666666664,54.95,27.5,89.59333333333335,125.01,72.0,54.13666666666666,70.0,70.0,72.0,72.67333333333333,67.0,69.0,68.0,68.0,944
2025-02-09 19:45:00,123.60333333333334,59.57,28.0,86.38999999999999,125.01,72.0,49.35333333333333,70.0,70.0,72.0,72.65333333333332,67.0,69.0,68.0,68.0,945
2025-02-09 20:00:00,125.71666666666664,60.97,28.0,84.35666666666667,125.01,72.0,46.63666666666666,70.0,70.0,72.0,72.55,67.0,69.0,68.0,68.0,946
2025-02-09 20:15:00,125.01333333333334,59.616666666666674,27.33333333333333,83.78,125.01,72.0,45.97,70.0,70.0,72.0,72.39999999999999,67.0,69.0,68.0,68.0,947
2025-02-09 20:30:00,124.30666666666669,59.473333333333336,27.0,83.33333333333333,125.01,72.0,44.89000000000001,70.0,70.0,72.0,72.31666666666666,67.0,69.0,68.0,68.0,948
2025-02-09 20:45:00,124.30666666666669,56.67,27.0,83.76,125.01,72.0,45.806666666666665,70.0,70.0,72.0,72.17,67.0,69.0,68.0,68.0,949
2025-02-09 21:00:00,126.42333333333332,54.54666666666666,27.0,84.45,125.01,72.0,46.696666666666665,70.0,70.0,72.0,72.08333333333333,67.0,69.0,68.0,68.0,950
2025-02-09 21:15:00,125.71666666666664,52.39000000000001,26.5,85.11666666666666,125.01,72.0,47.78666666666667,70.0,70.0,72.0,71.99,67.0,69.0,68.0,68.0,951
2025-02-09 21:30:00,124.30666666666669,46.66,26.5,87.43333333333334,125.01,72.0,51.43666666666667,70.0,70.0,72.0,71.85333333333334,67.0,69.0,68.0,68.0,952
2025-02-09 21:45:00,125.01,43.22,26.5,89.38333333333333,125.01,72.0,54.06,70.0,70.0,72.0,71.78,67.0,69.0,68.0,68.0,953
2025-02-09 22:00:00,123.60333333333334,38.446666666666665,26.666666666666668,91.54,125.01,72.0,57.61666666666667,70.0,70.0,72.0,71.68666666666667,67.0,69.0,68.0,68.0,954
2025-02-09 22:15:00,124.30666666666669,33.93666666666667,27.83333333333333,93.85666666666668,125.01,72.0,61.31333333333333,70.0,70.0,72.0,71.63,67.0,69.0,68.0,68.0,955
2025-02-09 22:30:00,123.60333333333334,27.17,28.0,97.16,125.01,72.0,66.63,70.0,70.0,72.0,71.53,67.0,69.0,68.0,68.0,956
2025-02-09 22:45:00,124.30666666666669,21.66333333333333,28.0,99.36666666666667,125.01,72.0,71.37,70.0,70.0,72.0,71.46666666666667,67.0,69.0,68.0,68.0,957
2025-02-09 23:00:00,124.30666666666669,14.513333333333334,28.5,101.87666666666668,125.01,72.0,77.39666666666666,70.0,70.0,72.0,71.38,67.0,69.0,68.0,68.0,958
2025-02-09 23:15:00,122.90000000000002,9.41,28.5,104.09,125.01,72.0,82.16333333333334,70.0,70.0,72.0,71.36333333333333,67.0,69.0,68.0,68.0,959
2025-02-09 23:30:00,125.01333333333334,1.0633333333333332,28.5,106.71666666666664,125.01,72.0,89.59666666666665,70.0,70.0,72.0,71.26,67.0,69.0,68.0,68.0,960
2025-02-09 23:45:00,125.01,0.0,29.0,107.96999999999998,125.01,72.0,95.25666666666666,70.0,70.0,72.0,71.24,67.0,69.0,68.0,68.0,961
2025-02-10 00:00:00,125.01,0.0,29.0,107.79666666666668,126.42333333333332,72.0,99.71999999999998,70.0,70.0,72.0,71.24,67.0,69.0,68.0,68.0,962
2025-02-10 00:15:00,125.71666666666664,0.0,29.33333333333333,107.89,127.13,72.0,100.0,70.0,70.0,72.0,71.24,67.0,69.0,68.0,68.0,963
2025-02-10 00:30:00,125.01,0.0,29.5,107.61333333333334,127.13,72.0,100.0,70.0,70.0,72.0,71.24,67.0,69.0,68.0,68.0,964
2025-02-10 00:45:00,127.13,0.0,29.33333333333333,107.33333333333331,127.13,72.0,100.0,70.0,70.0,72.0,71.25666666666666,67.0,69.0,68.0,68.0,965
2025-02-10 01:00:00,127.13,0.0,28.5,107.31,127.13,72.0,100.0,70.0,70.0,72.0,71.28333333333333,67.0,69.0,68.0,68.0,966
2025-02-10 01:15:00,128.54333333333332,0.0,28.0,107.18333333333334,127.13,72.0,100.0,70.0,70.0,72.0,71.3,67.0,69.0,68.0,68.0,967
2025-02-10 01:30:00,125.71666666666664,0.0,28.0,107.10666666666668,127.13,72.0,100.0,70.0,70.0,72.0,71.35,67.0,69.0,68.0,68.0,968
2025-02-10 01:45:00,127.13,0.0,28.0,107.12,127.13,72.0,100.0,70.0,70.0,72.0,71.35,67.0,69.0,68.0,68.0,969
2025-02-10 02:00:00,126.42333333333332,0.0,27.666666666666668,107.38666666666666,127.13,72.0,100.0,70.0,70.0,72.0,71.35666666666667,67.0,69.0,68.0,68.0,970
2025-02-10 02:15:00,126.42333333333332,0.0,27.5,107.27666666666666,127.13,72.0,100.0,70.0,70.0,72.0,71.37,67.0,69.0,68.0,68.0,971
2025-02-10 02:30:00,125.71999999999998,0.0,27.5,107.28333333333336,127.13,72.0,100.0,70.0,70.0,72.0,71.37,67.0,69.0,68.0,68.0,972
2025-02-10 02:45:00,125.71666666666664,0.0,27.5,107.28666666666668,127.13,72.0,100.0,70.0,70.0,72.0,71.37,67.0,69.0,68.0,68.0,973
2025-02-10 03:00:00,125.01,0.0,27.5,107.18666666666668,127.13,72.0,100.0,70.0,70.0,72.0,71.37666666666667,67.0,69.0,68.0,68.0,974
2025-02-10 03:15:00,125.01,0.0,27.5,107.22666666666667,127.13,72.0,100.0,70.0,70.0,72.0,71.36333333333333,67.0,69.0,68.0,68.0,975
2025-02-10 03:30:00,125.71666666666664,0.0,27.5,107.06333333333332,127.13,72.0,100.0,70.0,70.0,72.0,71.36333333333333,67.0,69.0,68.0,68.0,976
2025-02-10 03:45:00,125.71666666666664,0.0,27.83333333333333,107.26333333333332,127.13,72.0,100.0,70.0,70.0,72.0,71.35000000000001,67.0,69.0,68.0,68.0,977
2025-02-10 04:00:00,126.42333333333332,0.0,28.166666666666668,107.18,127.13,72.0,100.0,70.0,70.0,72.0,71.30666666666667,67.0,69.0,68.0,68.0,978
2025-02-10 04:15:00,126.42333333333332,0.0,29.0,107.18,127.13,72.0,100.0,70.0,70.0,72.0,71.24666666666667,67.0,69.0,68.0,68.0,979
2025-02-10 04:30:00,127.13,0.0,29.0,106.67,127.13,72.0,100.0,70.0,70.0,72.0,71.24,67.0,69.0,68.0,68.0,980
2025-02-10 04:45:00,125.71666666666664,0.0,29.0,106.77,127.13,72.0,100.0,70.0,70.0,72.0,71.22666666666667,67.0,69.0,68.0,68.0,981
2025-02-10 05:00:00,126.42333333333332,0.0,29.0,106.66333333333334,127.13,72.0,100.0,70.0,70.0,72.0,71.22,67.0,69.0,68.0,68.0,982
2025-02-10 05:15:00,125.71666666666664,0.0,29.5,106.90333333333336,127.13,72.0,100.0,70.0,70.0,72.0,71.12666666666667,67.0,69.0,68.0,68.0,983
2025-02-10 05:30:00,125.01,0.0,29.5,106.67,127.13,72.0,100.0,70.0,70.0,72.0,71.1,67.0,69.0,68.0,68.0,984
2025-02-10 05:45:00,125.01,0.0,30.33333333333333,107.10333333333334,127.13,72.0,100.0,70.0,70.0,72.0,71.09333333333332,67.0,69.0,68.0,68.0,985
2025-02-10 06:00:00,125.01,0.0,31.166666666666668,107.15666666666668,127.13,72.0,100.0,70.0,70.0,72.0,70.97333333333334,67.0,69.0,68.0,68.0,986
2025-02-10 06:15:00,127.83666666666666,0.0,31.33333333333333,106.65666666666668,127.13,72.0,100.0,70.0,70.0,72.0,70.95,67.0,69.0,68.0,68.0,987
2025-02-10 06:30:00,127.13,0.0,30.0,106.71333333333332,127.13,72.0,100.0,70.0,70.0,72.0,70.95,67.0,69.0,68.0,68.0,988
2025-02-10 06:45:00,127.83666666666666,0.0,29.666666666666668,106.32666666666668,127.13,72.0,100.0,70.0,70.0,72.0,70.86333333333333,67.0,69.0,68.0,68.0,989
2025-02-10 07:00:00,127.83666666666666,0.0,29.5,106.27,127.13,72.0,100.0,70.0,70.0,72.0,70.81,67.0,69.0,68.0,68.0,990
2025-02-10 07:15:00,125.71666666666664,0.0,29.0,106.39666666666666,127.13,72.0,100.0,70.0,70.0,72.0,70.79666666666667,67.0,69.0,68.0,68.0,991
2025-02-10 07:30:00,124.30666666666669,0.0,29.5,106.71666666666664,127.13,72.0,100.0,70.0,70.0,72.0,70.68,67.0,69.0,68.0,68.0,992
2025-02-10 07:45:00,125.71666666666664,0.0,29.5,106.66333333333334,127.13,72.0,100.0,70.0,70.0,72.0,70.65666666666667,67.0,69.0,68.0,68.0,993
2025-02-10 08:00:00,124.30666666666669,0.0,29.5,106.20666666666666,127.13,72.0,100.0,70.0,70.0,72.0,70.55,67.0,69.0,68.0,68.0,994
2025-02-10 08:15:00,125.71666666666664,0.0,29.5,106.33666666666666,127.13,72.0,100.0,70.0,70.0,72.0,70.50666666666666,67.0,69.0,68.0,68.0,995
2025-02-10 08:30:00,125.01,0.0,29.666666666666668,106.34,127.13,72.0,100.0,70.0,70.0,72.0,70.47333333333334,67.0,69.0,68.0,68.0,996
2025-02-10 08:45:00,124.30666666666669,0.0,30.5,106.38,127.13,72.0,100.0,70.0,70.0,72.0,70.39,67.0,69.0,68.0,68.0,997
2025-02-10 09:00:00,125.01333333333334,0.0,30.666666666666668,106.1,127.13,72.0,100.0,70.0,70.0,72.0,70.35000000000001,67.0,69.0,68.0,68.0,998
2025-02-10 09:15:00,125.01,0.0,31.0,105.98666666666668,127.13,72.0,100.0,70.0,70.0,72.0,70.26333333333334,67.0,69.0,68.0,68.0,999
2025-02-10 09:30:00,126.42333333333332,0.0,31.0,105.88,127.13,72.0,100.0,70.0,70.0,72.0,70.26333333333334,67.0,69.0,68.0,68.0,1000
2025-02-10 09:45:00,125.71666666666664,0.0,31.0,106.03,127.13,72.0,100.0,70.0,70.0,72.0,70.23666666666666,67.0,69.0,68.0,68.0,1001
2025-02-10 10:00:00,127.13,0.0,31.0,106.01333333333334,127.13,72.0,100.0,70.0,70.0,72.0,70.22333333333334,67.0,69.0,68.0,68.0,1002
2025-02-10 10:15:00,125.71666666666664,0.0,31.0,106.03000000000002,127.13,72.0,100.0,70.0,70.0,72.0,70.13333333333334,67.0,69.0,68.0,68.0,1003
2025-02-10 10:30:00,125.71666666666664,0.0,30.83333333333333,105.29666666666668,127.13,72.0,100.0,70.0,70.0,72.0,70.10333333333334,67.0,69.0,68.0,68.0,1004
2025-02-10 10:45:00,127.83666666666666,0.0,29.666666666666668,105.35666666666668,127.13,72.0,100.0,70.0,70.0,72.0,70.09666666666668,67.0,69.0,68.0,68.0,1005
2025-02-10 11:00:00,125.01,0.0,29.5,105.66333333333334,127.13,72.0,100.0,70.0,70.0,72.0,70.09666666666666,67.0,69.0,68.0,68.0,1006
2025-02-10 11:15:00,127.83666666666666,0.0,32.333333333333336,105.66333333333334,127.13,72.0,100.0,70.0,70.0,72.0,69.98,67.0,69.0,68.0,68.0,1007
2025-02-10 11:30:00,127.13,0.0,32.0,105.33,127.13,72.0,100.0,70.0,70.0,72.0,69.97,67.0,69.0,68.0,68.0,1008
2025-02-10 11:45:00,127.13,0.0,31.0,105.1825,127.13,72.0,100.0,70.0,70.0,72.0,69.98,67.0,69.0,68.0,68.0,1009
2025-02-10 12:00:00,126.42333333333332,0.0,30.5,105.17666666666666,127.13,72.0,100.0,70.0,70.0,72.0,69.98,67.0,69.0,68.0,68.0,1010
2025-02-10 12:15:00,127.13,0.0,30.666666666666668,104.49333333333334,127.13,72.0,100.0,70.0,70.0,72.0,69.96,67.0,69.0,68.0,68.0,1011
2025-02-10 12:30:00,127.83666666666666,0.0,31.0,104.0,127.13,72.0,100.0,70.0,70.0,72.0,69.87666666666667,67.0,69.0,68.0,68.0,1012
2025-02-10 12:45:00,126.42333333333332,0.0,30.0,104.19666666666669,127.13,72.0,100.0,70.0,70.0,72.0,69.85,67.0,69.0,68.0,68.0,1013
2025-02-10 13:00:00,127.83666666666666,0.0,30.0,104.09,127.13,72.0,100.0,70.0,70.0,72.0,69.85,67.0,69.0,68.0,68.0,1014
2025-02-10 13:15:00,125.71666666666664,0.0,30.166666666666668,104.41,127.13,72.0,100.0,70.0,70.0,72.0,69.84666666666666,67.0,69.0,68.0,68.0,1015
2025-02-10 13:30:00,126.42333333333332,0.0,30.33333333333333,104.46333333333332,127.13,72.0,100.0,70.0,70.0,72.0,69.94,67.0,69.0,68.0,68.0,1016
2025-02-10 13:45:00,127.13,0.0,29.5,104.21999999999998,127.13,72.0,100.0,70.0,70.0,72.0,70.24333333333333,67.0,69.0,68.0,68.0,1017
2025-02-10 14:00:00,127.13,0.0,29.5,104.43666666666668,127.13,72.0,100.0,70.0,70.0,72.0,70.42999999999999,67.0,69.0,68.0,68.0,1018
2025-02-10 14:15:00,127.83666666666666,0.0,29.5,104.66666666666669,127.13,72.0,100.0,70.0,70.0,72.0,70.67,67.0,69.0,68.0,68.0,1019
2025-02-10 14:30:00,127.13,0.0,29.0,104.89333333333332,127.13,72.0,100.0,70.0,70.0,72.0,70.85333333333334,67.0,69.0,68.0,68.0,1020
2025-02-10 14:45:00,126.42333333333332,0.0,28.5,104.79666666666668,127.13,72.0,100.0,70.0,70.0,72.0,70.95,67.0,69.0,68.0,68.0,1021
2025-02-10 15:00:00,127.13,0.0,28.5,104.64,127.13,72.0,100.0,70.0,70.0,72.0,71.07000000000001,67.0,69.0,68.0,68.0,1022
2025-02-10 15:15:00,127.13,0.0,28.5,104.93,127.13,72.0,100.0,70.0,70.0,72.0,71.61,67.0,69.0,68.0,68.0,1023
2025-02-10 15:30:00,127.83666666666666,1.8166666666666669,28.5,104.96,125.71666666666664,72.0,98.85666666666668,70.0,70.0,72.0,72.01333333333334,67.0,69.0,68.0,68.0,1024
2025-02-10 15:45:00,127.13,0.0,28.5,105.6,127.13,72.0,100.0,70.0,70.0,72.0,71.88666666666667,67.0,69.0,68.0,68.0,1025
2025-02-10 16:00:00,125.01,0.0,28.166666666666668,105.71,127.13,72.0,100.0,70.0,70.0,72.0,71.78666666666668,67.0,69.0,68.0,68.0,1026
2025-02-10 16:15:00,126.42333333333332,0.0,28.0,106.0,127.13,72.0,100.0,70.0,70.0,72.0,71.8,67.0,69.0,68.0,68.0,1027
2025-02-10 16:30:00,125.01333333333334,0.0,27.83333333333333,106.43,127.13,72.0,100.0,70.0,70.0,72.0,71.83333333333333,67.0,69.0,68.0,68.0,1028
2025-02-10 16:45:00,127.13,0.0,28.0,106.41666666666669,127.13,72.0,100.0,70.0,70.0,72.0,71.94,67.0,69.0,68.0,68.0,1029
2025-02-10 17:00:00,127.13,3.51,27.5,106.28000000000002,125.71666666666664,72.0,97.82666666666668,70.0,70.0,72.0,72.10333333333334,67.0,69.0,68.0,68.0,1030
2025-02-10 17:15:00,125.71999999999998,24.87,27.83333333333333,104.30666666666666,125.01,72.0,83.98333333333333,70.0,70.0,72.0,72.65666666666667,67.0,69.0,68.0,68.0,1031
2025-02-10 17:30:00,169.51,37.29666666666667,33.666666666666664,77.09666666666666,170.92333333333332,72.0,24.5,70.0,70.0,72.0,72.85666666666667,67.0,69.0,68.0,68.0,1032
2025-02-10 17:45:00,156.79666666666665,28.936666666666667,32.333333333333336,64.95,158.91666666666666,72.0,0.0,70.0,70.0,72.0,72.46,67.0,69.0,68.0,68.0,1033
2025-02-10 18:00:00,167.39,35.669999999999995,33.833333333333336,64.98333333333333,167.39,72.0,0.0,70.0,70.0,72.0,72.50666666666666,67.0,69.0,68.0,68.0,1034
2025-02-10 18:15:00,162.44333333333336,30.82333333333333,31.83333333333333,65.19333333333333,161.03333333333333,72.0,0.0,70.0,70.0,72.0,72.27666666666666,67.0,69.0,68.0,68.0,1035
2025-02-10 18:30:00,153.97333333333333,23.183333333333334,30.33333333333333,65.43333333333334,152.56,72.0,0.0,70.0,70.0,72.0,72.01666666666667,67.0,69.0,68.0,68.0,1036
2025-02-10 18:45:00,137.02,9.376666666666669,27.666666666666668,65.57,135.60666666666668,72.0,0.0,70.0,70.0,72.0,71.64666666666666,67.0,69.0,68.0,68.0,1037
2025-02-10 19:00:00,125.01,0.06,25.666666666666668,65.67333333333333,125.01,72.0,0.0,70.0,70.0,72.0,71.33666666666666,67.0,69.0,68.0,68.0,1038
2025-02-10 19:15:00,124.30666666666669,0.0,25.5,66.49,125.01,72.0,6.673333333333333,70.0,70.0,72.0,71.08,67.0,69.0,68.0,68.0,1039
2025-02-10 19:30:00,126.42333333333332,0.0,25.5,73.37666666666667,125.01,72.0,26.37,70.0,70.0,72.0,70.93,67.0,69.0,68.0,68.0,1040
2025-02-10 19:45:00,125.71666666666664,0.0,25.0,76.61666666666666,125.01,72.0,32.046666666666674,70.0,70.0,72.0,71.04,67.0,69.0,68.0,68.0,1041
2025-02-10 20:00:00,125.01,0.0,24.5,80.00666666666667,125.01,72.0,38.59666666666666,70.0,70.0,72.0,71.04666666666667,67.0,69.0,68.0,68.0,1042
2025-02-10 20:15:00,127.13,0.0,24.33333333333333,85.15333333333334,125.01,72.0,46.830000000000005,70.0,70.0,72.0,71.00666666666666,67.0,69.0,68.0,68.0,1043
2025-02-10 20:30:00,125.71666666666664,0.0,23.83333333333333,89.3,125.01,72.0,52.93666666666667,70.0,70.0,72.0,71.06,67.0,69.0,68.0,68.0,1044
2025-02-10 20:45:00,125.01333333333334,0.0,23.5,92.53333333333336,125.01,72.0,57.77333333333333,70.0,70.0,72.0,71.14999999999999,67.0,69.0,68.0,68.0,1045
2025-02-10 21:00:00,125.71999999999998,0.0,23.666666666666668,94.86666666666667,125.01,72.0,62.03,70.0,70.0,72.0,71.24,67.0,69.0,68.0,68.0,1046
2025-02-10 21:15:00,123.60333333333334,0.0,24.0,97.48666666666668,125.01,72.0,66.14999999999999,70.0,70.0,72.0,71.3,67.0,69.0,68.0,68.0,1047
2025-02-10 21:30:00,125.01333333333334,0.0,23.83333333333333,96.13333333333333,125.01,72.0,63.42333333333334,70.0,70.0,72.0,71.63666666666667,67.0,69.0,68.0,68.0,1048
2025-02-10 21:45:00,125.01333333333334,0.0,23.33333333333333,96.51666666666668,125.01,72.0,64.86333333333333,70.0,70.0,72.0,71.66333333333334,67.0,69.0,68.0,68.0,1049
2025-02-10 22:00:00,125.71666666666664,0.0,24.33333333333333,97.91,125.01,72.0,67.63666666666667,70.0,70.0,72.0,71.65666666666668,67.0,69.0,68.0,68.0,1050
2025-02-10 22:15:00,125.71666666666664,0.0,24.33333333333333,97.16666666666669,125.01,72.0,66.37,70.0,70.0,72.0,71.82333333333334,67.0,69.0,68.0,68.0,1051
2025-02-10 22:30:00,125.71666666666664,0.0,24.166666666666668,97.17333333333332,125.01,72.0,66.52333333333333,70.0,70.0,72.0,71.87666666666667,67.0,69.0,68.0,68.0,1052
2025-02-10 22:45:00,125.01333333333334,0.0,24.0,96.29666666666668,125.01,72.0,65.94333333333334,70.0,70.0,72.0,71.92666666666666,67.0,69.0,68.0,68.0,1053
2025-02-10 23:00:00,124.30666666666669,0.0,24.166666666666668,96.41,125.01,72.0,66.59333333333332,70.0,70.0,72.0,71.91666666666667,67.0,69.0,68.0,68.0,1054
2025-02-10 23:15:00,125.71666666666664,0.0,25.33333333333333,96.92666666666666,125.01,72.0,68.53666666666666,70.0,70.0,72.0,71.85333333333334,67.0,69.0,68.0,68.0,1055
2025-02-10 23:30:00,123.60333333333334,0.0,25.5,98.4,125.01,72.0,70.99666666666667,70.0,70.0,72.0,71.80666666666666,67.0,69.0,68.0,68.0,1056
2025-02-10 23:45:00,124.30666666666669,0.0,25.666666666666668,99.69,125.01,72.0,75.07333333333334,70.0,70.0,72.0,71.68333333333334,67.0,69.0,68.0,68.0,1057
2025-02-11 00:00:00,123.60333333333334,0.0,26.666666666666668,104.72666666666667,125.01,72.0,87.56333333333333,70.0,70.0,72.0,71.24666666666667,67.0,69.0,68.0,68.0,1058
2025-02-11 00:15:00,125.71666666666664,0.0,27.0,104.88333333333333,125.01,72.0,86.20333333333333,70.0,70.0,72.0,71.53333333333335,67.0,69.0,68.0,68.0,1059
2025-02-11 00:30:00,124.30666666666669,0.0,27.166666666666668,105.61,125.01,72.0,90.48666666666668,70.0,70.0,72.0,71.49,67.0,69.0,68.0,68.0,1060
2025-02-11 00:45:00,125.01,0.0,27.83333333333333,106.63333333333333,125.71666666666664,72.0,98.79,70.0,70.0,72.0,71.27666666666666,67.0,69.0,68.0,68.0,1061
2025-02-11 01:00:00,125.71666666666664,0.0,28.0,106.62666666666668,126.42333333333332,72.0,99.77666666666666,70.0,70.0,72.0,71.37333333333333,67.0,69.0,68.0,68.0,1062
2025-02-11 01:15:00,127.13,0.0,28.0,106.42,126.42333333333332,72.0,99.98,70.0,70.0,72.0,71.44666666666666,67.0,69.0,68.0,68.0,1063
2025-02-11 01:30:00,125.71666666666664,0.0,28.166666666666668,106.56666666666668,127.13,72.0,100.0,70.0,70.0,72.0,71.23333333333333,67.0,69.0,68.0,68.0,1064
2025-02-11 01:45:00,125.01,0.0,28.83333333333333,106.97333333333334,127.13,72.0,100.0,70.0,70.0,72.0,71.23333333333333,67.0,69.0,68.0,68.0,1065
2025-02-11 02:00:00,127.83666666666666,0.0,28.5,106.55666666666669,127.13,72.0,100.0,70.0,70.0,72.0,71.20666666666666,67.0,69.0,68.0,68.0,1066
2025-02-11 02:15:00,127.83666666666666,0.0,27.666666666666668,106.53333333333336,127.13,72.0,100.0,70.0,70.0,72.0,71.21,67.0,69.0,68.0,68.0,1067
2025-02-11 02:30:00,125.01333333333334,0.0,27.5,106.63333333333333,127.13,72.0,100.0,70.0,70.0,72.0,71.12333333333333,67.0,69.0,68.0,68.0,1068
2025-02-11 02:45:00,124.30666666666669,0.0,28.33333333333333,107.24666666666668,127.13,72.0,100.0,70.0,70.0,72.0,71.13666666666667,67.0,69.0,68.0,68.0,1069
2025-02-11 03:00:00,125.71666666666664,0.0,29.0,107.27,127.13,72.0,100.0,70.0,70.0,72.0,71.17,67.0,69.0,68.0,68.0,1070
2025-02-11 03:15:00,125.71999999999998,0.0,29.0,107.19,127.13,72.0,100.0,70.0,70.0,72.0,71.1,67.0,69.0,68.0,68.0,1071
2025-02-11 03:30:00,127.13,0.0,29.5,106.91333333333334,127.13,72.0,100.0,70.0,70.0,72.0,71.1,67.0,69.0,68.0,68.0,1072
2025-02-11 03:45:00,127.13,0.0,28.666666666666668,106.77333333333333,127.13,72.0,100.0,70.0,70.0,72.0,71.1,67.0,69.0,68.0,68.0,1073
2025-02-11 04:00:00,126.42333333333332,0.0,28.0,106.92666666666666,127.13,72.0,100.0,70.0,70.0,72.0,71.08,67.0,69.0,68.0,68.0,1074
2025-02-11 04:15:00,125.71666666666664,0.0,28.5,107.24333333333334,127.13,72.0,100.0,70.0,70.0,72.0,71.1,67.0,69.0,68.0,68.0,1075
2025-02-11 04:30:00,125.71666666666664,0.0,29.0,107.2,127.13,72.0,100.0,70.0,70.0,72.0,71.1,67.0,69.0,68.0,68.0,1076
2025-02-11 04:45:00,127.13,0.0,29.0,107.34333333333332,127.13,72.0,100.0,70.0,70.0,72.0,71.09333333333332,67.0,69.0,68.0,68.0,1077
2025-02-11 05:00:00,125.01,0.0,29.0,107.26333333333332,127.13,72.0,100.0,70.0,70.0,72.0,71.09333333333332,67.0,69.0,68.0,68.0,1078
2025-02-11 05:15:00,124.30666666666669,0.0,29.33333333333333,107.46,127.13,72.0,100.0,70.0,70.0,72.0,71.09333333333332,67.0,69.0,68.0,68.0,1079
2025-02-11 05:30:00,125.01333333333334,0.0,29.5,107.22666666666667,127.13,72.0,100.0,70.0,70.0,72.0,71.08,67.0,69.0,68.0,68.0,1080
2025-02-11 05:45:00,126.42333333333332,0.0,29.5,107.17333333333332,127.13,72.0,100.0,70.0,70.0,72.0,71.1,67.0,69.0,68.0,68.0,1081
2025-02-11 06:00:00,126.42333333333332,0.0,29.5,107.26666666666668,127.13,72.0,100.0,70.0,70.0,72.0,71.1,67.0,69.0,68.0,68.0,1082
2025-02-11 06:15:00,127.13,0.0,30.0,106.86666666666667,127.13,72.0,100.0,70.0,70.0,72.0,71.08666666666666,67.0,69.0,68.0,68.0,1083
2025-02-11 06:30:00,127.13,0.0,29.83333333333333,107.0,127.13,72.0,100.0,70.0,70.0,72.0,71.1,67.0,69.0,68.0,68.0,1084
2025-02-11 06:45:00,126.42333333333332,0.0,29.33333333333333,106.92,127.13,72.0,100.0,70.0,70.0,72.0,71.08666666666666,67.0,69.0,68.0,68.0,1085
2025-02-11 07:00:00,125.71666666666664,0.0,28.0,106.92333333333332,127.13,72.0,100.0,70.0,70.0,72.0,71.08666666666666,67.0,69.0,68.0,68.0,1086
2025-02-11 07:15:00,124.31,0.0,28.33333333333333,107.29,127.13,72.0,100.0,70.0,70.0,72.0,71.1,67.0,69.0,68.0,68.0,1087
2025-02-11 07:30:00,125.71666666666664,0.0,28.5,107.05,127.13,72.0,100.0,70.0,70.0,72.0,71.1,67.0,69.0,68.0,68.0,1088
2025-02-11 07:45:00,127.13,0.0,28.5,107.08333333333331,127.13,72.0,100.0,70.0,70.0,72.0,71.1,67.0,69.0,68.0,68.0,1089
2025-02-11 08:00:00,124.30666666666669,0.0,28.5,107.10666666666668,127.13,72.0,100.0,70.0,70.0,72.0,71.1,67.0,69.0,68.0,68.0,1090
2025-02-11 08:15:00,127.83666666666666,0.0,28.166666666666668,106.89333333333332,127.13,72.0,100.0,70.0,70.0,72.0,71.1,67.0,69.0,68.0,68.0,1091
2025-02-11 08:30:00,126.42333333333332,0.0,28.166666666666668,107.25333333333332,127.13,72.0,100.0,70.0,70.0,72.0,71.11,67.0,69.0,68.0,68.0,1092
2025-02-11 08:45:00,127.13,0.0,28.33333333333333,106.74333333333334,127.13,72.0,100.0,70.0,70.0,72.0,71.1,67.0,69.0,68.0,68.0,1093
2025-02-11 09:00:00,125.71666666666664,0.0,28.0,107.29666666666668,127.13,72.0,100.0,70.0,70.0,72.0,71.16333333333334,67.0,69.0,68.0,68.0,1094
2025-02-11 09:15:00,125.01,0.0,28.0,107.06666666666666,127.13,72.0,100.0,70.0,70.0,72.0,71.22,67.0,69.0,68.0,68.0,1095
2025-02-11 09:30:00,126.42333333333332,0.0,28.0,106.39666666666666,127.13,72.0,100.0,70.0,70.0,72.0,71.24,67.0,69.0,68.0,68.0,1096
2025-02-11 09:45:00,126.42333333333332,0.0,28.0,105.47666666666667,127.13,72.0,100.0,70.0,70.0,72.0,71.23333333333333,67.0,69.0,68.0,68.0,1097
2025-02-11 10:00:00,125.01,0.0,28.5,105.53,127.13,72.0,100.0,70.0,70.0,72.0,71.22999999999999,67.0,69.0,68.0,68.0,1098
2025-02-11 10:15:00,124.30666666666669,0.0,28.83333333333333,105.81333333333332,127.13,72.0,100.0,70.0,70.0,72.0,71.15333333333332,67.0,69.0,68.0,68.0,1099
2025-02-11 10:30:00,124.30666666666669,0.0,29.5,105.50666666666666,127.13,72.0,100.0,70.0,70.0,72.0,71.09333333333332,67.0,69.0,68.0,68.0,1100
2025-02-11 10:45:00,127.13,0.0,28.666666666666668,105.09,127.13,72.0,100.0,70.0,70.0,72.0,71.04,67.0,69.0,68.0,68.0,1101
2025-02-11 11:00:00,125.71666666666664,0.0,28.5,104.83333333333331,127.13,72.0,100.0,70.0,70.0,72.0,70.95666666666666,67.0,69.0,68.0,68.0,1102
2025-02-11 11:15:00,126.42333333333332,0.0,28.5,104.70666666666666,127.13,72.0,100.0,70.0,70.0,72.0,70.92333333333333,67.0,69.0,68.0,68.0,1103
2025-02-11 11:30:00,125.01333333333334,0.0,28.5,104.95333333333332,127.13,72.0,100.0,70.0,70.0,72.0,70.89333333333333,67.0,69.0,68.0,68.0,1104
2025-02-11 11:45:00,124.30666666666669,0.0,29.166666666666668,105.46,127.13,72.0,100.0,70.0,70.0,72.0,70.82333333333334,67.0,69.0,68.0,68.0,1105
2025-02-11 12:00:00,125.01,0.0,29.666666666666668,105.25333333333332,127.13,72.0,100.0,70.0,70.0,72.0,70.79,67.0,69.0,68.0,68.0,1106
2025-02-11 12:15:00,126.42333333333332,0.0,28.666666666666668,105.17666666666666,127.13,72.0,100.0,70.0,70.0,72.0,70.68,67.0,69.0,68.0,68.0,1107
2025-02-11 12:30:00,126.42333333333332,0.0,29.83333333333333,104.94666666666666,127.13,72.0,100.0,70.0,70.0,72.0,70.65666666666667,67.0,69.0,68.0,68.0,1108
2025-02-11 12:45:00,125.01333333333334,0.0,29.666666666666668,105.37333333333332,127.13,72.0,100.0,70.0,70.0,72.0,70.67333333333333,67.0,69.0,68.0,68.0,1109
2025-02-11 13:00:00,127.13,0.0,29.5,105.2,127.13,72.0,100.0,70.0,70.0,72.0,70.62333333333333,67.0,69.0,68.0,68.0,1110
2025-02-11 13:15:00,124.30666666666669,0.0,29.5,105.52333333333333,127.13,72.0,100.0,70.0,70.0,72.0,70.66666666666667,67.0,69.0,68.0,68.0,1111
2025-02-11 13:30:00,124.30666666666669,0.0,29.83333333333333,105.71999999999998,127.13,72.0,100.0,70.0,70.0,72.0,70.67333333333333,67.0,69.0,68.0,68.0,1112
2025-02-11 13:45:00,125.71666666666664,0.0,29.5,105.15333333333336,127.13,72.0,100.0,70.0,70.0,72.0,70.54666666666667,67.0,69.0,68.0,68.0,1113
2025-02-11 14:00:00,125.01,0.0,29.5,105.08666666666666,127.13,72.0,100.0,70.0,70.0,72.0,70.59666666666666,67.0,69.0,68.0,68.0,1114
2025-02-11 14:15:00,125.71666666666664,0.0,29.166666666666668,104.92666666666666,127.13,72.0,100.0,70.0,70.0,72.0,70.58999999999999,67.0,69.0,68.0,68.0,1115
2025-02-11 14:30:00,125.01333333333334,0.0,29.33333333333333,105.06666666666666,127.13,72.0,100.0,70.0,70.0,72.0,70.67333333333333,67.0,69.0,68.0,68.0,1116
2025-02-11 14:45:00,127.13,0.0,29.5,104.65,127.13,72.0,100.0,70.0,70.0,72.0,70.79,67.0,69.0,68.0,68.0,1117
2025-02-11 15:00:00,125.71999999999998,0.0,28.5,104.50333333333332,127.13,72.0,100.0,70.0,70.0,72.0,70.81,67.0,69.0,68.0,68.0,1118
2025-02-11 15:15:00,127.13,0.0,30.0,104.88333333333333,127.13,72.0,100.0,70.0,70.0,72.0,70.85333333333334,67.0,69.0,68.0,68.0,1119
2025-02-11 15:30:00,126.42333333333332,0.0,30.0,104.94666666666669,127.13,72.0,100.0,70.0,70.0,72.0,70.95,67.0,69.0,68.0,68.0,1120
2025-02-11 15:45:00,126.42333333333332,0.0,30.0,104.97,127.13,72.0,100.0,70.0,70.0,72.0,71.05666666666667,67.0,69.0,68.0,68.0,1121
2025-02-11 16:00:00,127.83666666666666,0.0,29.33333333333333,104.78000000000002,127.13,72.0,100.0,70.0,70.0,72.0,71.48,67.0,69.0,68.0,68.0,1122
2025-02-11 16:15:00,126.42333333333332,8.156666666666666,28.33333333333333,104.69666666666669,125.01,72.0,94.91333333333334,70.0,70.0,72.0,72.21,67.0,69.0,68.0,68.0,1123
2025-02-11 16:30:00,126.42333333333332,12.493333333333334,28.0,104.47333333333334,125.01,72.0,91.32,70.0,70.0,72.0,72.28333333333333,67.0,69.0,68.0,68.0,1124
2025-02-11 16:45:00,85.46,5.95,55.333333333333336,102.30666666666669,125.71666666666664,72.0,95.29333333333334,70.0,70.0,72.0,71.96666666666667,67.0,69.0,68.0,68.0,1125
2025-02-11 17:00:00,125.01,0.0,39.66666666666666,106.17,127.13,72.0,100.0,70.0,70.0,72.0,71.79333333333334,67.0,69.0,68.0,68.0,1126
2025-02-11 17:15:00,126.42333333333332,0.6699999999999999,39.333333333333336,105.73333333333332,125.71666666666664,72.0,99.9,70.0,70.0,72.0,71.91333333333334,67.0,69.0,68.0,68.0,1127
2025-02-11 17:30:00,125.71999999999998,10.206666666666663,38.66666666666666,105.74333333333334,125.01,72.0,92.95,70.0,70.0,72.0,72.22333333333334,67.0,69.0,68.0,68.0,1128
2025-02-11 17:45:00,126.42333333333332,5.236666666666667,40.833333333333336,106.37333333333332,125.01,72.0,95.42333333333332,70.0,70.0,72.0,72.04666666666667,67.0,69.0,68.0,68.0,1129
2025-02-11 18:00:00,127.13,2.8233333333333337,40.833333333333336,105.92666666666666,125.71666666666664,72.0,97.57,70.0,70.0,72.0,71.96333333333332,67.0,69.0,68.0,68.0,1130
2025-02-11 18:15:00,125.71999999999998,6.4,40.16666666666666,106.37666666666668,125.01,72.0,94.7,70.0,70.0,72.0,72.06666666666666,67.0,69.0,68.0,68.0,1131
2025-02-11 18:30:00,125.01333333333334,0.0733333333333333,40.333333333333336,106.23333333333332,126.42333333333332,72.0,99.48333333333332,70.0,70.0,72.0,71.83666666666666,67.0,69.0,68.0,68.0,1132
2025-02-11 18:45:00,127.83666666666666,0.0,38.833333333333336,105.99333333333334,125.71666666666664,72.0,99.58,70.0,70.0,72.0,71.88333333333333,67.0,69.0,68.0,68.0,1133
2025-02-11 19:00:00,125.71999999999998,0.0,40.0,106.59333333333332,127.13,72.0,99.97333333333334,70.0,70.0,72.0,71.87666666666667,67.0,69.0,68.0,68.0,1134
2025-02-11 19:15:00,127.13,0.0,39.5,106.25333333333332,127.13,72.0,100.0,70.0,70.0,72.0,71.85333333333334,67.0,69.0,68.0,68.0,1135
2025-02-11 19:30:00,128.54333333333332,0.0,38.16666666666666,105.95666666666666,127.13,72.0,100.0,70.0,70.0,72.0,71.80666666666666,67.0,69.0,68.0,68.0,1136
2025-02-11 19:45:00,125.71999999999998,0.0,38.16666666666666,105.95,127.13,72.0,100.0,70.0,70.0,72.0,71.85333333333334,67.0,69.0,68.0,68.0,1137
2025-02-11 20:00:00,127.13,0.0,39.5,105.94,127.13,72.0,100.0,70.0,70.0,72.0,71.88333333333334,67.0,69.0,68.0,68.0,1138
2025-02-11 20:15:00,128.54333333333332,0.0,38.16666666666666,105.38333333333333,127.13,72.0,100.0,70.0,70.0,72.0,71.8,67.0,69.0,68.0,68.0,1139
2025-02-11 20:30:00,126.42333333333332,0.0,37.5,105.68333333333334,127.13,72.0,100.0,70.0,70.0,72.0,71.8,67.0,69.0,68.0,68.0,1140
2025-02-11 20:45:00,124.31,0.0,39.66666666666666,106.1,127.13,72.0,100.0,70.0,70.0,72.0,71.80666666666666,67.0,69.0,68.0,68.0,1141
2025-02-11 21:00:00,126.42333333333332,0.0,40.833333333333336,105.76666666666668,127.13,72.0,100.0,70.0,70.0,72.0,71.77999999999999,67.0,69.0,68.0,68.0,1142
2025-02-11 21:15:00,126.42333333333332,0.0,39.5,105.75,127.13,72.0,100.0,70.0,70.0,72.0,71.64666666666666,67.0,69.0,68.0,68.0,1143
2025-02-11 21:30:00,127.13,0.0,39.833333333333336,105.81,127.13,72.0,100.0,70.0,70.0,72.0,71.54666666666667,67.0,69.0,68.0,68.0,1144
2025-02-11 21:45:00,126.42333333333332,0.0,41.0,106.22333333333331,127.13,72.0,100.0,70.0,70.0,72.0,71.48,67.0,69.0,68.0,68.0,1145
2025-02-11 22:00:00,126.42333333333332,0.0,40.333333333333336,105.79,127.13,72.0,100.0,70.0,70.0,72.0,71.38333333333334,67.0,69.0,68.0,68.0,1146
2025-02-11 22:15:00,126.42333333333332,0.0,39.5,105.93333333333332,127.13,72.0,100.0,70.0,70.0,72.0,71.36666666666666,67.0,69.0,68.0,68.0,1147
2025-02-11 22:30:00,126.42333333333332,0.0,40.333333333333336,106.09333333333332,127.13,72.0,100.0,70.0,70.0,72.0,71.24,67.0,69.0,68.0,68.0,1148
2025-02-11 22:45:00,127.13,0.0,40.66666666666666,105.70333333333332,127.13,72.0,100.0,70.0,70.0,72.0,71.19666666666667,67.0,69.0,68.0,68.0,1149
2025-02-11 23:00:00,125.71999999999998,0.0,39.16666666666666,105.79,127.13,72.0,100.0,70.0,70.0,72.0,71.1,67.0,69.0,68.0,68.0,1150
2025-02-11 23:15:00,125.01,0.0,41.0,106.32,127.13,72.0,100.0,70.0,70.0,72.0,71.05333333333333,67.0,69.0,68.0,68.0,1151
2025-02-11 23:30:00,127.83666666666666,0.0,41.833333333333336,106.16,127.13,72.0,100.0,70.0,70.0,72.0,70.95,67.0,69.0,68.0,68.0,1152
2025-02-11 23:45:00,127.13,0.0,41.0,106.04,127.13,72.0,100.0,70.0,70.0,72.0,70.94333333333334,67.0,69.0,68.0,68.0,1153
2025-02-12 00:00:00,127.13,0.0,39.833333333333336,106.22666666666667,127.13,72.0,100.0,70.0,70.0,72.0,70.82333333333334,67.0,69.0,68.0,68.0,1154
2025-02-12 00:15:00,124.30666666666669,0.0,40.833333333333336,106.81666666666666,127.13,72.0,100.0,70.0,70.0,72.0,70.96,67.0,69.0,68.0,68.0,1155
2025-02-12 00:30:00,127.83666666666666,0.0,41.0,106.32,127.13,72.0,100.0,70.0,70.0,72.0,71.13333333333333,67.0,69.0,68.0,68.0,1156
2025-02-12 00:45:00,125.01333333333334,0.0,40.333333333333336,107.04,127.13,72.0,100.0,70.0,70.0,72.0,70.75333333333333,67.0,69.0,68.0,68.0,1157
2025-02-12 01:00:00,126.42333333333332,0.0,42.66666666666666,107.20333333333332,127.13,72.0,100.0,70.0,70.0,72.0,70.68,67.0,69.0,68.0,68.0,1158
2025-02-12 01:15:00,127.13,0.0,41.66666666666666,106.93333333333334,127.13,72.0,100.0,70.0,70.0,72.0,70.66666666666667,67.0,69.0,68.0,68.0,1159
2025-02-12 01:30:00,127.13,0.0,40.833333333333336,106.84333333333332,127.13,72.0,100.0,70.0,70.0,72.0,70.65333333333334,67.0,69.0,68.0,68.0,1160
2025-02-12 01:45:00,125.71666666666664,0.0,41.333333333333336,107.24666666666668,127.13,72.0,100.0,70.0,70.0,72.0,70.66333333333334,67.0,69.0,68.0,68.0,1161
2025-02-12 02:00:00,127.13,0.0,41.333333333333336,106.79666666666668,127.13,72.0,100.0,70.0,70.0,72.0,70.63000000000001,67.0,69.0,68.0,68.0,1162
2025-02-12 02:15:00,127.13,0.0,40.333333333333336,106.77,127.13,72.0,100.0,70.0,70.0,72.0,70.58,67.0,69.0,68.0,68.0,1163
2025-02-12 02:30:00,126.42333333333332,0.0,40.66666666666666,107.29666666666668,127.13,72.0,100.0,70.0,70.0,72.0,70.63333333333334,67.0,69.0,68.0,68.0,1164
2025-02-12 02:45:00,126.42333333333332,0.0,43.16666666666666,107.79333333333334,127.13,72.0,100.0,70.0,70.0,72.0,70.59333333333335,67.0,69.0,68.0,68.0,1165
2025-02-12 03:00:00,127.13,0.0,41.333333333333336,107.00333333333332,127.13,72.0,100.0,70.0,70.0,72.0,70.52,67.0,69.0,68.0,68.0,1166
2025-02-12 03:15:00,126.42333333333332,0.0,40.5,107.07666666666668,127.13,72.0,100.0,70.0,70.0,72.0,70.52,67.0,69.0,68.0,68.0,1167
2025-02-12 03:30:00,125.71666666666664,0.0,42.5,107.49,127.13,72.0,100.0,70.0,70.0,72.0,70.47,67.0,69.0,68.0,68.0,1168
2025-02-12 03:45:00,126.42333333333332,0.0,41.0,107.04333333333334,127.13,72.0,100.0,70.0,70.0,72.0,70.39,67.0,69.0,68.0,68.0,1169
2025-02-12 04:00:00,125.01,0.0,41.0,107.57,127.13,72.0,100.0,70.0,70.0,72.0,70.41666666666667,67.0,69.0,68.0,68.0,1170
2025-02-12 04:15:00,125.72,0.0,42.5,107.09666666666668,127.13,72.0,100.0,70.0,70.0,72.0,70.39,67.0,69.0,68.0,68.0,1171
2025-02-12 04:30:00,126.42333333333332,0.0,43.0,107.69666666666669,127.13,72.0,100.0,70.0,70.0,72.0,70.37666666666667,67.0,69.0,68.0,68.0,1172
2025-02-12 04:45:00,127.13,0.0,41.0,107.12,127.13,72.0,100.0,70.0,70.0,72.0,70.38333333333333,67.0,69.0,68.0,68.0,1173
2025-02-12 05:00:00,124.30666666666669,0.0,41.66666666666666,107.52,127.13,72.0,100.0,70.0,70.0,72.0,70.37333333333333,67.0,69.0,68.0,68.0,1174
2025-02-12 05:15:00,127.13,0.0,42.333333333333336,107.43666666666668,127.13,72.0,100.0,70.0,70.0,72.0,70.37333333333333,67.0,69.0,68.0,68.0,1175
2025-02-12 05:30:00,127.13,0.0,40.5,107.05333333333334,127.13,72.0,100.0,70.0,70.0,72.0,70.38,67.0,69.0,68.0,68.0,1176
2025-02-12 05:45:00,125.71666666666664,0.0,41.66666666666666,107.58333333333331,127.13,72.0,100.0,70.0,70.0,72.0,70.38,67.0,69.0,68.0,68.0,1177
2025-02-12 06:00:00,128.54333333333332,0.0,43.16666666666666,107.56,127.13,72.0,100.0,70.0,70.0,72.0,70.38333333333333,67.0,69.0,68.0,68.0,1178
2025-02-12 06:15:00,127.13,0.0,41.5,107.23,127.13,72.0,100.0,70.0,70.0,72.0,70.38666666666667,67.0,69.0,68.0,68.0,1179
2025-02-12 06:30:00,125.71666666666664,0.0,41.333333333333336,107.36666666666667,127.13,72.0,100.0,70.0,70.0,72.0,70.33999999999999,67.0,69.0,68.0,68.0,1180
2025-02-12 06:45:00,125.71666666666664,0.0,41.16666666666666,107.32666666666668,127.13,72.0,100.0,70.0,70.0,72.0,70.35333333333334,67.0,69.0,68.0,68.0,1181
2025-02-12 07:00:00,127.13,0.0,40.333333333333336,107.03333333333336,127.13,72.0,100.0,70.0,70.0,72.0,70.38,67.0,69.0,68.0,68.0,1182
2025-02-12 07:15:00,127.83666666666666,0.0,40.0,107.15,127.13,72.0,100.0,70.0,70.0,72.0,70.33333333333333,67.0,69.0,68.0,68.0,1183
2025-02-12 07:30:00,125.71666666666664,0.0,41.66666666666666,107.82666666666668,127.13,72.0,100.0,70.0,70.0,72.0,70.36,67.0,69.0,68.0,68.0,1184
2025-02-12 07:45:00,128.54333333333332,0.0,42.333333333333336,107.52333333333333,127.13,72.0,100.0,70.0,70.0,72.0,70.38,67.0,69.0,68.0,68.0,1185
2025-02-12 08:00:00,127.83666666666666,0.0,40.66666666666666,107.05,127.13,72.0,100.0,70.0,70.0,72.0,70.36666666666666,67.0,69.0,68.0,68.0,1186
2025-02-12 08:15:00,125.01,0.0,40.333333333333336,107.49333333333334,127.13,72.0,100.0,70.0,70.0,72.0,70.37333333333333,67.0,69.0,68.0,68.0,1187
2025-02-12 08:30:00,127.83666666666666,0.0,40.0,106.84333333333332,127.13,72.0,100.0,70.0,70.0,72.0,70.38666666666667,67.0,69.0,68.0,68.0,1188
2025-02-12 08:45:00,123.60333333333334,0.0,42.333333333333336,108.03333333333336,127.13,72.0,100.0,70.0,70.0,72.0,70.39,67.0,69.0,68.0,68.0,1189
2025-02-12 09:00:00,126.42333333333332,0.0,42.16666666666666,107.31333333333332,127.13,72.0,100.0,70.0,70.0,72.0,70.34333333333332,67.0,69.0,68.0,68.0,1190
2025-02-12 09:15:00,128.54333333333332,0.0,40.16666666666666,106.95333333333332,127.13,72.0,100.0,70.0,70.0,72.0,70.36666666666666,67.0,69.0,68.0,68.0,1191
2025-02-12 09:30:00,127.13,0.0,40.66666666666666,107.44,127.13,72.0,100.0,70.0,70.0,72.0,70.38333333333333,67.0,69.0,68.0,68.0,1192
2025-02-12 09:45:00,127.83666666666666,0.0,41.5,107.12,127.13,72.0,100.0,70.0,70.0,72.0,70.38333333333333,67.0,69.0,68.0,68.0,1193
2025-02-12 10:00:00,126.42333333333332,0.0,40.66666666666666,107.35333333333334,127.13,72.0,100.0,70.0,70.0,72.0,70.39,67.0,69.0,68.0,68.0,1194
2025-02-12 10:15:00,127.83666666666666,0.0,41.16666666666666,107.13,127.13,72.0,100.0,70.0,70.0,72.0,70.39,67.0,69.0,68.0,68.0,1195
2025-02-12 10:30:00,127.83666666666666,0.0,40.0,106.95,127.13,72.0,100.0,70.0,70.0,72.0,70.39666666666666,67.0,69.0,68.0,68.0,1196
2025-02-12 10:45:00,127.83666666666666,0.0,39.5,106.63333333333333,127.13,72.0,100.0,70.0,70.0,72.0,70.40333333333332,67.0,69.0,68.0,68.0,1197
2025-02-12 11:00:00,125.01333333333334,0.0,40.0,106.59666666666664,127.13,72.0,100.0,70.0,70.0,72.0,70.41,67.0,69.0,68.0,68.0,1198
2025-02-12 11:15:00,125.01,0.0,42.0,107.06333333333332,127.13,72.0,100.0,70.0,70.0,72.0,70.46,67.0,69.0,68.0,68.0,1199
2025-02-12 11:30:00,127.13,0.0,41.5,106.62333333333332,127.13,72.0,100.0,70.0,70.0,72.0,70.46,67.0,69.0,68.0,68.0,1200
2025-02-12 11:45:00,127.83666666666666,0.0,40.0,106.31666666666666,127.13,72.0,100.0,70.0,70.0,72.0,70.39666666666666,67.0,69.0,68.0,68.0,1201
2025-02-12 12:00:00,127.13,0.0,39.333333333333336,106.25,127.13,72.0,100.0,70.0,70.0,72.0,70.39666666666666,67.0,69.0,68.0,68.0,1202
2025-02-12 12:15:00,125.71666666666664,0.0,41.833333333333336,107.31,127.13,72.0,100.0,70.0,70.0,72.0,70.46,67.0,69.0,68.0,68.0,1203
2025-02-12 12:30:00,127.83666666666666,0.0,43.0,107.24666666666668,127.13,72.0,100.0,70.0,70.0,72.0,70.39666666666666,67.0,69.0,68.0,68.0,1204
2025-02-12 12:45:00,127.83666666666666,0.0,41.66666666666666,107.01333333333334,127.13,72.0,100.0,70.0,70.0,72.0,70.41,67.0,69.0,68.0,68.0,1205
2025-02-12 13:00:00,127.83666666666666,0.0,40.333333333333336,106.62666666666668,127.13,72.0,100.0,70.0,70.0,72.0,70.50666666666666,67.0,69.0,68.0,68.0,1206
2025-02-12 13:15:00,124.30666666666669,0.0,38.5,105.56,127.13,72.0,100.0,70.0,70.0,72.0,70.53333333333335,67.0,69.0,68.0,68.0,1207
2025-02-12 13:30:00,127.13,0.0,37.66666666666666,105.50333333333332,127.13,72.0,100.0,70.0,70.0,72.0,70.55,67.0,69.0,68.0,68.0,1208
2025-02-12 13:45:00,127.13,0.0,37.0,105.72333333333331,127.13,72.0,100.0,70.0,70.0,72.0,70.70333333333333,67.0,69.0,68.0,68.0,1209
2025-02-12 14:00:00,126.42333333333332,0.0,37.0,105.52,127.13,72.0,100.0,70.0,70.0,72.0,71.09666666666666,67.0,69.0,68.0,68.0,1210
2025-02-12 14:15:00,42.376666666666665,0.0,63.5,98.61,127.13,72.0,100.0,70.0,70.0,72.0,71.52666666666667,67.0,69.0,68.0,68.0,1211
2025-02-12 14:30:00,88.28666666666668,0.0,60.5,96.35,127.13,72.0,100.0,70.0,70.0,72.0,71.7,67.0,69.0,68.0,68.0,1212
2025-02-12 14:45:00,123.60333333333334,0.0,37.0,106.76666666666668,127.13,72.0,100.0,70.0,70.0,72.0,71.92999999999999,67.0,69.0,68.0,68.0,1213
2025-02-12 15:00:00,126.42333333333332,0.82,38.0,106.09333333333332,125.71666666666664,72.0,99.48666666666666,70.0,70.0,72.0,71.99666666666667,67.0,69.0,68.0,68.0,1214
2025-02-12 15:15:00,126.42333333333332,2.066666666666667,38.0,105.43333333333334,125.01,72.0,98.55,70.0,70.0,72.0,72.02666666666666,67.0,69.0,68.0,68.0,1215
2025-02-12 15:30:00,125.01,0.0,40.333333333333336,107.07333333333334,127.13,72.0,100.0,70.0,70.0,72.0,71.94,67.0,69.0,68.0,68.0,1216
2025-02-12 15:45:00,127.83666666666666,0.0,41.66666666666666,106.63333333333333,127.13,72.0,100.0,70.0,70.0,72.0,71.92333333333333,67.0,69.0,68.0,68.0,1217
2025-02-12 16:00:00,125.71666666666664,0.0,39.5,106.61333333333334,127.13,72.0,100.0,70.0,70.0,72.0,71.86666666666666,67.0,69.0,68.0,68.0,1218
2025-02-12 16:15:00,122.90000000000002,0.0,40.66666666666666,107.25,127.13,72.0,100.0,70.0,70.0,72.0,71.91333333333334,67.0,69.0,68.0,68.0,1219
2025-02-12 16:30:00,126.42333333333332,0.0,42.0,107.04666666666668,127.13,72.0,100.0,70.0,70.0,72.0,71.93333333333334,67.0,69.0,68.0,68.0,1220
2025-02-12 16:45:00,127.13,0.0,41.16666666666666,106.70333333333332,127.13,72.0,100.0,70.0,70.0,72.0,71.92666666666666,67.0,69.0,68.0,68.0,1221
2025-02-12 17:00:00,127.83666666666666,0.0,39.5,106.65666666666668,127.13,72.0,100.0,70.0,70.0,72.0,71.88666666666667,67.0,69.0,68.0,68.0,1222
2025-02-12 17:15:00,126.42333333333332,9.17,38.5,106.66,125.01,72.0,94.21999999999998,70.0,70.0,72.0,72.24666666666667,67.0,69.0,68.0,68.0,1223
2025-02-12 17:30:00,126.42333333333332,22.89,40.5,105.01333333333334,125.01,72.0,84.66666666666667,70.0,70.0,72.0,72.56333333333333,67.0,69.0,68.0,68.0,1224
2025-02-12 17:45:00,127.13,33.04666666666667,39.333333333333336,101.50333333333332,125.01,72.0,76.64,70.0,70.0,72.0,72.71,67.0,69.0,68.0,68.0,1225
2025-02-12 18:00:00,125.71666666666664,45.88333333333333,40.5,97.15,125.01,72.0,66.42666666666666,70.0,70.0,72.0,72.90666666666667,67.0,69.0,68.0,68.0,1226
2025-02-12 18:15:00,126.42333333333332,54.586666666666666,38.0,91.92,125.01,72.0,58.29666666666666,70.0,70.0,72.0,72.95,67.0,69.0,68.0,68.0,1227
2025-02-12 18:30:00,127.13,61.73333333333333,36.833333333333336,87.08,125.01,72.0,51.12,70.0,70.0,72.0,72.95,67.0,69.0,68.0,68.0,1228
2025-02-12 18:45:00,126.42333333333332,66.77999999999999,36.333333333333336,83.17,125.01,72.0,45.26333333333334,70.0,70.0,72.0,72.89,67.0,69.0,68.0,68.0,1229
2025-02-12 19:00:00,123.60333333333334,68.09666666666666,36.0,81.27,125.01,72.0,42.01,70.0,70.0,72.0,72.74,67.0,69.0,68.0,68.0,1230
2025-02-12 19:15:00,126.42333333333332,67.75666666666666,35.833333333333336,80.13000000000001,125.01,72.0,40.24666666666667,70.0,70.0,72.0,72.58666666666666,67.0,69.0,68.0,68.0,1231
2025-02-12 19:30:00,125.01,78.28333333333335,35.5,74.98,125.01,72.0,31.786666666666665,70.0,70.0,72.0,72.75333333333333,67.0,69.0,68.0,68.0,1232
2025-02-12 19:45:00,125.01,73.74666666666667,35.5,75.17999999999999,125.01,72.0,32.63999999999999,70.0,70.0,72.0,72.46333333333332,67.0,69.0,68.0,68.0,1233
2025-02-12 20:00:00,125.01,68.73333333333333,35.5,76.39999999999999,125.01,72.0,34.53,70.0,70.0,72.0,72.24333333333334,67.0,69.0,68.0,68.0,1234
2025-02-12 20:15:00,127.13,71.99,35.5,75.19,125.01,72.0,31.925,70.0,70.0,72.0,72.28,67.0,69.0,68.0,68.0,1235
2025-02-12 20:30:00,123.955,68.10249999999999,35.0,75.85499999999999,125.01,72.0,33.6225,70.0,70.0,72.0,72.1175,67.0,69.0,68.0,68.0,1236
2025-02-12 20:45:00,124.30666666666669,62.74333333333334,35.0,77.96,125.01,72.0,36.67333333333334,70.0,70.0,72.0,71.94,67.0,69.0,68.0,68.0,1237
2025-02-12 21:00:00,123.60333333333334,58.24,35.0,79.65666666666668,125.01,72.0,39.64333333333334,70.0,70.0,72.0,71.83,67.0,69.0,68.0,68.0,1238
2025-02-12 21:15:00,124.30666666666669,58.67666666666667,35.0,79.98333333333333,125.01,72.0,39.82333333333333,70.0,70.0,72.0,71.86333333333333,67.0,69.0,68.0,68.0,1239
2025-02-12 21:30:00,124.30666666666669,55.23333333333333,35.0,81.71333333333332,125.01,72.0,42.35,70.0,70.0,72.0,71.80666666666666,67.0,69.0,68.0,68.0,1240
2025-02-12 21:45:00,124.30666666666669,51.98,35.166666666666664,83.17666666666666,125.01,72.0,44.88333333333333,70.0,70.0,72.0,71.75,67.0,69.0,68.0,68.0,1241
2025-02-12 22:00:00,122.90000000000002,42.4,36.333333333333336,87.79,125.01,72.0,51.626666666666665,70.0,70.0,72.0,71.53333333333335,67.0,69.0,68.0,68.0,1242
2025-02-12 22:15:00,124.30666666666669,38.56,37.0,90.30666666666669,125.01,72.0,55.32666666666666,70.0,70.0,72.0,71.52333333333333,67.0,69.0,68.0,68.0,1243
2025-02-12 22:30:00,125.01333333333334,20.52333333333333,37.0,97.69,125.01,72.0,68.11,70.0,70.0,72.0,71.13,67.0,69.0,68.0,68.0,1244
2025-02-12 22:45:00,123.60333333333334,13.886666666666663,37.0,101.35666666666668,125.01,72.0,74.74666666666667,70.0,70.0,72.0,71.13666666666667,67.0,69.0,68.0,68.0,1245
2025-02-12 23:00:00,124.30666666666669,11.543333333333337,37.16666666666666,102.65333333333332,125.01,72.0,78.49333333333333,70.0,70.0,72.0,71.24,67.0,69.0,68.0,68.0,1246
2025-02-12 23:15:00,124.30666666666669,8.616666666666667,37.5,104.25,125.01,72.0,82.40333333333334,70.0,70.0,72.0,71.29333333333334,67.0,69.0,68.0,68.0,1247
2025-02-12 23:30:00,125.71666666666664,4.25,37.5,105.96333333333332,125.01,72.0,87.02666666666666,70.0,70.0,72.0,71.33666666666666,67.0,69.0,68.0,68.0,1248
2025-02-12 23:45:00,126.42333333333332,4.13,37.66666666666666,106.71333333333332,125.01,72.0,88.78666666666668,70.0,70.0,72.0,71.45333333333333,67.0,69.0,68.0,68.0,1249
2025-02-13 00:00:00,125.71666666666664,1.0333333333333332,38.0,107.43666666666668,125.01,72.0,92.3,70.0,70.0,72.0,71.47666666666667,67.0,69.0,68.0,68.0,1250
2025-02-13 00:15:00,127.13,0.0,38.0,107.68333333333334,125.01,72.0,95.50666666666666,70.0,70.0,72.0,71.51,67.0,69.0,68.0,68.0,1251
2025-02-13 00:30:00,123.60333333333334,0.0,38.0,108.15333333333336,125.01,72.0,97.43666666666668,70.0,70.0,72.0,71.57666666666667,67.0,69.0,68.0,68.0,1252
2025-02-13 00:45:00,124.30666666666669,0.0,38.0,108.25,125.01,72.0,98.42,70.0,70.0,72.0,71.65666666666668,67.0,69.0,68.0,68.0,1253
2025-02-13 01:00:00,125.71666666666664,0.0,38.16666666666666,108.20333333333332,127.13,72.0,100.0,70.0,70.0,72.0,71.65,67.0,69.0,68.0,68.0,1254
2025-02-13 01:15:00,125.71999999999998,0.0,38.5,108.23333333333332,127.13,72.0,100.0,70.0,70.0,72.0,71.65666666666668,67.0,69.0,68.0,68.0,1255
2025-02-13 01:30:00,127.13,0.0,38.833333333333336,108.70333333333332,127.13,72.0,100.0,70.0,70.0,72.0,71.68333333333334,67.0,69.0,68.0,68.0,1256
2025-02-13 01:45:00,127.83666666666666,0.0,38.833333333333336,108.72333333333334,127.13,72.0,100.0,70.0,70.0,72.0,71.8,67.0,69.0,68.0,68.0,1257
2025-02-13 02:00:00,125.01,0.0,38.5,108.94666666666666,127.13,72.0,100.0,70.0,70.0,72.0,71.8,67.0,69.0,68.0,68.0,1258
2025-02-13 02:15:00,125.71666666666664,0.0,39.0,109.26333333333334,127.13,72.0,100.0,70.0,70.0,72.0,71.89999999999999,67.0,69.0,68.0,68.0,1259
2025-02-13 02:30:00,125.71666666666664,0.0,39.0,109.08,127.13,72.0,100.0,70.0,70.0,72.0,71.94,67.0,69.0,68.0,68.0,1260
2025-02-13 02:45:00,125.71666666666664,0.6533333333333333,38.5,109.02666666666666,125.71666666666664,72.0,99.59666666666668,70.0,70.0,72.0,72.00666666666666,67.0,69.0,68.0,68.0,1261
2025-02-13 03:00:00,127.83666666666666,2.95,38.5,108.98666666666668,125.01,72.0,98.05666666666666,70.0,70.0,72.0,72.06333333333333,67.0,69.0,68.0,68.0,1262
2025-02-13 03:15:00,125.71666666666664,3.983333333333333,37.5,109.00333333333332,125.01,72.0,97.2,70.0,70.0,72.0,72.08333333333333,67.0,69.0,68.0,68.0,1263
2025-02-13 03:30:00,125.71666666666664,5.086666666666667,37.5,109.0,125.01,72.0,96.24333333333334,70.0,70.0,72.0,72.09333333333333,67.0,69.0,68.0,68.0,1264
2025-02-13 03:45:00,127.13,9.786666666666669,37.5,108.87,125.01,72.0,92.98,70.0,70.0,72.0,72.19,67.0,69.0,68.0,68.0,1265
2025-02-13 04:00:00,124.30666666666669,11.283333333333331,38.0,108.97666666666667,125.01,72.0,91.46333333333332,70.0,70.0,72.0,72.18666666666667,67.0,69.0,68.0,68.0,1266
2025-02-13 04:15:00,127.13,11.636666666666663,39.333333333333336,108.51666666666668,125.01,72.0,90.69666666666666,70.0,70.0,72.0,72.17,67.0,69.0,68.0,68.0,1267
2025-02-13 04:30:00,125.71666666666664,14.29,39.5,107.69333333333331,125.01,72.0,88.55,70.0,70.0,72.0,72.19666666666666,67.0,69.0,68.0,68.0,1268
2025-02-13 04:45:00,124.30666666666669,11.923333333333332,39.5,107.85666666666668,125.01,72.0,89.44,70.0,70.0,72.0,72.09,67.0,69.0,68.0,68.0,1269
2025-02-13 05:00:00,123.6,12.153333333333334,39.5,107.81666666666666,125.01,72.0,89.02,70.0,70.0,72.0,72.07666666666667,67.0,69.0,68.0,68.0,1270
2025-02-13 05:15:00,124.30666666666669,10.806666666666668,39.5,108.01,125.01,72.0,89.60666666666667,70.0,70.0,72.0,72.02,67.0,69.0,68.0,68.0,1271
2025-02-13 05:30:00,122.90000000000002,7.916666666666667,40.16666666666666,108.45,125.01,72.0,91.41,70.0,70.0,72.0,71.93333333333334,67.0,69.0,68.0,68.0,1272
2025-02-13 05:45:00,123.60333333333334,4.776666666666666,41.5,108.83,125.01,72.0,93.53333333333336,70.0,70.0,72.0,71.86,67.0,69.0,68.0,68.0,1273
2025-02-13 06:00:00,125.01,1.5033333333333332,42.5,109.28666666666668,125.01,72.0,96.00666666666666,70.0,70.0,72.0,71.8,67.0,69.0,68.0,68.0,1274
2025-02-13 06:15:00,125.01333333333334,0.0366666666666666,43.833333333333336,109.28333333333336,125.71666666666664,72.0,98.41333333333334,70.0,70.0,72.0,71.75,67.0,69.0,68.0,68.0,1275
2025-02-13 06:30:00,128.54333333333332,0.0,41.5,108.53000000000002,127.13,72.0,100.0,70.0,70.0,72.0,71.64333333333333,67.0,69.0,68.0,68.0,1276
2025-02-13 06:45:00,128.54333333333332,0.0,40.66666666666666,108.33666666666666,127.13,72.0,100.0,70.0,70.0,72.0,71.55333333333333,67.0,69.0,68.0,68.0,1277
2025-02-13 07:00:00,126.42333333333332,0.0,40.333333333333336,108.41333333333334,127.13,72.0,100.0,70.0,70.0,72.0,71.48666666666666,67.0,69.0,68.0,68.0,1278
2025-02-13 07:15:00,125.71666666666664,0.0,40.0,108.08666666666666,127.13,72.0,100.0,70.0,70.0,72.0,71.38,67.0,69.0,68.0,68.0,1279
2025-02-13 07:30:00,126.42333333333332,0.0,39.833333333333336,107.97666666666667,127.13,72.0,100.0,70.0,70.0,72.0,71.35000000000001,67.0,69.0,68.0,68.0,1280
2025-02-13 07:45:00,126.42333333333332,0.0,39.5,107.69,127.13,72.0,100.0,70.0,70.0,72.0,71.22666666666667,67.0,69.0,68.0,68.0,1281
2025-02-13 08:00:00,125.01,0.0,40.333333333333336,108.23666666666668,127.13,72.0,100.0,70.0,70.0,72.0,71.16666666666667,67.0,69.0,68.0,68.0,1282
2025-02-13 08:15:00,125.01,0.0,42.66666666666666,108.16666666666669,127.13,72.0,100.0,70.0,70.0,72.0,71.02333333333333,67.0,69.0,68.0,68.0,1283
2025-02-13 08:30:00,126.42333333333332,0.0,43.333333333333336,108.27666666666666,127.13,72.0,100.0,70.0,70.0,72.0,70.90333333333334,67.0,69.0,68.0,68.0,1284
2025-02-13 08:45:00,127.83666666666666,0.0,42.66666666666666,108.11333333333332,127.13,72.0,100.0,70.0,70.0,72.0,70.85333333333334,67.0,69.0,68.0,68.0,1285
2025-02-13 09:00:00,125.71666666666664,0.0,42.16666666666666,108.28666666666668,127.13,72.0,100.0,70.0,70.0,72.0,70.78,67.0,69.0,68.0,68.0,1286
2025-02-13 09:15:00,127.13,0.0,41.333333333333336,107.70333333333332,127.13,72.0,100.0,70.0,70.0,72.0,70.67333333333333,67.0,69.0,68.0,68.0,1287
2025-02-13 09:30:00,125.01333333333334,0.0,41.66666666666666,108.63333333333333,127.13,72.0,100.0,70.0,70.0,72.0,70.68,67.0,69.0,68.0,68.0,1288
2025-02-13 09:45:00,126.42333333333332,0.0,42.5,107.93,127.13,72.0,100.0,70.0,70.0,72.0,70.65666666666667,67.0,69.0,68.0,68.0,1289
2025-02-13 10:00:00,126.42333333333332,0.0,42.5,107.34333333333332,127.13,72.0,100.0,70.0,70.0,72.0,70.53333333333335,67.0,69.0,68.0,68.0,1290
2025-02-13 10:15:00,127.13,0.0,41.5,107.20333333333332,127.13,72.0,100.0,70.0,70.0,72.0,70.43333333333334,67.0,69.0,68.0,68.0,1291
2025-02-13 10:30:00,127.13,0.0,41.0,107.26333333333332,127.13,72.0,100.0,70.0,70.0,72.0,70.38333333333333,67.0,69.0,68.0,68.0,1292
2025-02-13 10:45:00,127.83666666666666,0.0,40.5,107.51,127.13,72.0,100.0,70.0,70.0,72.0,70.38333333333333,67.0,69.0,68.0,68.0,1293
2025-02-13 11:00:00,127.13,0.0,40.333333333333336,106.07,127.13,72.0,100.0,70.0,70.0,72.0,70.35333333333334,67.0,69.0,68.0,68.0,1294
2025-02-13 11:15:00,125.71666666666664,0.0,40.0,105.93333333333334,127.13,72.0,100.0,70.0,70.0,72.0,70.25666666666666,67.0,69.0,68.0,68.0,1295
2025-02-13 11:30:00,125.01333333333334,0.0,40.66666666666666,106.3,127.13,72.0,100.0,70.0,70.0,72.0,70.25,67.0,69.0,68.0,68.0,1296
2025-02-13 11:45:00,126.42666666666666,0.0,43.66666666666666,106.72666666666667,127.13,72.0,100.0,70.0,70.0,72.0,70.18666666666667,67.0,69.0,68.0,68.0,1297
2025-02-13 12:00:00,126.42333333333332,0.0,42.0,106.22666666666667,127.13,72.0,100.0,70.0,70.0,72.0,70.09666666666666,67.0,69.0,68.0,68.0,1298
2025-02-13 12:15:00,127.13,0.0,41.5,105.96333333333332,127.13,72.0,100.0,70.0,70.0,72.0,69.97333333333334,67.0,69.0,68.0,68.0,1299
2025-02-13 12:30:00,127.13,0.0,41.333333333333336,106.20666666666666,127.13,72.0,100.0,70.0,70.0,72.0,69.98,67.0,69.0,68.0,68.0,1300
2025-02-13 12:45:00,127.83666666666666,0.0,40.833333333333336,105.98,127.13,72.0,100.0,70.0,70.0,72.0,69.97333333333334,67.0,69.0,68.0,68.0,1301
2025-02-13 13:00:00,127.13,0.0,40.333333333333336,105.66666666666669,127.13,72.0,100.0,70.0,70.0,72.0,69.93666666666667,67.0,69.0,68.0,68.0,1302
2025-02-13 13:15:00,125.71666666666664,0.0,40.0,105.84,127.13,72.0,100.0,70.0,70.0,72.0,69.93666666666667,67.0,69.0,68.0,68.0,1303
2025-02-13 13:30:00,126.42333333333332,0.0,41.833333333333336,106.10333333333334,127.13,72.0,100.0,70.0,70.0,72.0,69.96,67.0,69.0,68.0,68.0,1304
2025-02-13 13:45:00,127.83666666666666,0.0,40.16666666666666,105.28333333333336,127.13,72.0,100.0,70.0,70.0,72.0,69.89999999999999,67.0,69.0,68.0,68.0,1305
2025-02-13 14:00:00,127.13,0.0,40.0,105.05333333333331,127.13,72.0,100.0,70.0,70.0,72.0,70.48333333333333,67.0,69.0,68.0,68.0,1306
2025-02-13 14:15:00,126.42333333333332,0.0,39.66666666666666,105.19333333333331,127.13,72.0,100.0,70.0,70.0,72.0,70.89333333333333,67.0,69.0,68.0,68.0,1307
2025-02-13 14:30:00,126.42333333333332,0.0,39.833333333333336,105.26333333333334,127.13,72.0,100.0,70.0,70.0,72.0,71.12,67.0,69.0,68.0,68.0,1308
2025-02-13 14:45:00,126.42333333333332,0.0,39.5,104.91666666666669,127.13,72.0,100.0,70.0,70.0,72.0,71.19666666666666,67.0,69.0,68.0,68.0,1309
2025-02-13 15:00:00,125.71666666666664,0.0,40.0,105.23,127.13,72.0,100.0,70.0,70.0,72.0,71.67333333333333,67.0,69.0,68.0,68.0,1310
2025-02-13 15:15:00,125.71666666666664,5.91,41.0,105.35666666666668,125.01,72.0,96.33,70.0,70.0,72.0,72.15666666666667,67.0,69.0,68.0,68.0,1311
2025-02-13 15:30:00,127.13,17.87333333333333,39.833333333333336,103.46999999999998,125.01,72.0,88.07666666666667,70.0,70.0,72.0,72.44666666666667,67.0,69.0,68.0,68.0,1312
2025-02-13 15:45:00,127.13,18.47,39.333333333333336,102.69333333333331,125.01,72.0,86.48666666666668,70.0,70.0,72.0,72.35333333333334,67.0,69.0,68.0,68.0,1313
2025-02-13 16:00:00,126.42333333333332,13.603333333333332,39.0,103.26666666666668,125.01,72.0,88.58333333333333,70.0,70.0,72.0,72.14666666666666,67.0,69.0,68.0,68.0,1314
2025-02-13 16:15:00,127.83666666666666,17.866666666666664,39.0,102.15666666666668,125.01,72.0,85.42999999999999,70.0,70.0,72.0,72.22333333333334,67.0,69.0,68.0,68.0,1315
2025-02-13 16:30:00,124.30666666666669,10.193333333333332,40.333333333333336,103.82,125.01,72.0,89.56666666666666,70.0,70.0,72.0,71.96333333333332,67.0,69.0,68.0,68.0,1316
2025-02-13 16:45:00,127.13,6.5,41.5,104.16,125.01,72.0,91.98,70.0,70.0,72.0,71.88333333333333,67.0,69.0,68.0,68.0,1317
2025-02-13 17:00:00,127.13,1.9666666666666668,40.333333333333336,103.76333333333332,125.01,72.0,95.18333333333334,70.0,70.0,72.0,71.78,67.0,69.0,68.0,68.0,1318
2025-02-13 17:15:00,127.13,0.0,39.5,103.91666666666669,125.71666666666664,72.0,99.38,70.0,70.0,72.0,71.65333333333334,67.0,69.0,68.0,68.0,1319
2025-02-13 17:30:00,128.54333333333332,0.0,39.333333333333336,104.20333333333332,127.13,72.0,100.0,70.0,70.0,72.0,71.56666666666666,67.0,69.0,68.0,68.0,1320
2025-02-13 17:45:00,126.42333333333332,0.0,39.0,104.1,127.13,72.0,100.0,70.0,70.0,72.0,71.48666666666666,67.0,69.0,68.0,68.0,1321
2025-02-13 18:00:00,125.72,0.0,39.0,104.24666666666668,127.13,72.0,100.0,70.0,70.0,72.0,71.47333333333333,67.0,69.0,68.0,68.0,1322
2025-02-13 18:15:00,125.71666666666664,0.0,39.0,104.25666666666666,127.13,72.0,100.0,70.0,70.0,72.0,71.38,67.0,69.0,68.0,68.0,1323
2025-02-13 18:30:00,125.01,0.0,41.16666666666666,105.18,127.13,72.0,100.0,70.0,70.0,72.0,71.38,67.0,69.0,68.0,68.0,1324
2025-02-13 18:45:00,128.54333333333332,0.0,41.5,104.81,127.13,72.0,100.0,70.0,70.0,72.0,71.38,67.0,69.0,68.0,68.0,1325
2025-02-13 19:00:00,127.83666666666666,0.0,40.833333333333336,104.71999999999998,127.13,72.0,100.0,70.0,70.0,72.0,71.37666666666667,67.0,69.0,68.0,68.0,1326
2025-02-13 19:15:00,127.13,0.0,40.66666666666666,104.55,127.13,72.0,100.0,70.0,70.0,72.0,71.41333333333334,67.0,69.0,68.0,68.0,1327
2025-02-13 19:30:00,127.13,0.0,40.0,104.48,127.13,72.0,100.0,70.0,70.0,72.0,71.37333333333333,67.0,69.0,68.0,68.0,1328
2025-02-13 19:45:00,125.01333333333334,0.0,39.66666666666666,104.90000000000002,127.13,72.0,100.0,70.0,70.0,72.0,71.37333333333333,67.0,69.0,68.0,68.0,1329
2025-02-13 20:00:00,125.71666666666664,0.0,40.5,105.11333333333334,127.13,72.0,100.0,70.0,70.0,72.0,71.37,67.0,69.0,68.0,68.0,1330
2025-02-13 20:15:00,126.42333333333332,0.0,40.16666666666666,104.84666666666668,127.13,72.0,100.0,70.0,70.0,72.0,71.36333333333333,67.0,69.0,68.0,68.0,1331
2025-02-13 20:30:00,125.01,0.0,38.833333333333336,104.59666666666668,127.13,72.0,100.0,70.0,70.0,72.0,71.45,67.0,69.0,68.0,68.0,1332
2025-02-13 20:45:00,125.01,0.0,38.5,104.81,127.13,72.0,100.0,70.0,70.0,72.0,71.38666666666667,67.0,69.0,68.0,68.0,1333
2025-02-13 21:00:00,125.01333333333334,0.0,40.0,105.15333333333332,127.13,72.0,100.0,70.0,70.0,72.0,71.58,67.0,69.0,68.0,68.0,1334
2025-02-13 21:15:00,126.42333333333332,0.0,40.0,104.88,127.13,72.0,100.0,70.0,70.0,72.0,71.81666666666666,67.0,69.0,68.0,68.0,1335
2025-02-13 21:30:00,127.13,0.6733333333333333,40.0,104.5,126.42333333333332,72.0,99.59,70.0,70.0,72.0,71.96333333333332,67.0,69.0,68.0,68.0,1336
2025-02-13 21:45:00,125.71666666666664,2.333333333333333,40.0,104.80333333333331,125.01,72.0,98.43333333333334,70.0,70.0,72.0,72.04,67.0,69.0,68.0,68.0,1337
2025-02-13 22:00:00,126.42333333333332,0.6166666666666667,40.0,104.65333333333332,125.71666666666664,72.0,99.50333333333332,70.0,70.0,72.0,71.98333333333333,67.0,69.0,68.0,68.0,1338
2025-02-13 22:15:00,127.13,0.0,39.16666666666666,104.59333333333332,127.13,72.0,100.0,70.0,70.0,72.0,71.87,67.0,69.0,68.0,68.0,1339
2025-02-13 22:30:00,123.60333333333334,0.0,38.66666666666666,105.21,127.13,72.0,100.0,70.0,70.0,72.0,71.71,67.0,69.0,68.0,68.0,1340
2025-02-13 22:45:00,125.71666666666664,0.0,39.0,104.88,127.13,72.0,100.0,70.0,70.0,72.0,71.36,67.0,69.0,68.0,68.0,1341
2025-02-13 23:00:00,125.71666666666664,0.0,39.0,104.63,127.13,72.0,100.0,70.0,70.0,72.0,71.15666666666667,67.0,69.0,68.0,68.0,1342
2025-02-13 23:15:00,127.83666666666666,0.0,39.0,103.96999999999998,127.13,72.0,100.0,70.0,70.0,72.0,70.88666666666667,67.0,69.0,68.0,68.0,1343
2025-02-13 23:30:00,125.71999999999998,0.0,39.0,104.02333333333333,127.13,72.0,100.0,70.0,70.0,72.0,70.61666666666667,67.0,69.0,68.0,68.0,1344
2025-02-13 23:45:00,124.30666666666669,0.0,40.66666666666666,104.56,127.13,72.0,100.0,70.0,70.0,72.0,70.40333333333332,67.0,69.0,68.0,68.0,1345
2025-02-14 00:00:00,125.01,0.0,41.0,104.28666666666668,127.13,72.0,100.0,70.0,70.0,72.0,70.28,67.0,69.0,68.0,68.0,1346
2025-02-14 00:15:00,126.42333333333332,0.0,41.0,104.05333333333331,127.13,72.0,100.0,70.0,70.0,72.0,70.01666666666667,67.0,69.0,68.0,68.0,1347
2025-02-14 00:30:00,127.83666666666666,0.0,40.5,103.57333333333334,127.13,72.0,100.0,70.0,70.0,72.0,69.87333333333333,67.0,69.0,68.0,68.0,1348
2025-02-14 00:45:00,127.13,0.0,39.5,103.87333333333332,127.13,72.0,100.0,70.0,70.0,72.0,69.78333333333332,67.0,69.0,68.0,68.0,1349
2025-02-14 01:00:00,127.13,0.0,39.0,103.77666666666666,127.13,72.0,100.0,70.0,70.0,72.0,69.52,67.0,69.0,68.0,68.0,1350
2025-02-14 01:15:00,127.13,0.0,39.0,103.55333333333331,127.13,72.0,100.0,70.0,70.0,72.0,69.28666666666668,67.0,69.0,68.0,68.0,1351
2025-02-14 01:30:00,125.71666666666664,0.0,39.0,103.65333333333332,127.13,72.0,100.0,70.0,70.0,72.0,70.07000000000001,67.0,69.0,68.0,68.0,1352
2025-02-14 01:45:00,125.01333333333334,0.0,40.0,103.98333333333332,127.13,72.0,100.0,70.0,70.0,72.0,70.11666666666667,67.0,69.0,68.0,68.0,1353
2025-02-14 02:00:00,124.30666666666669,0.0,40.833333333333336,103.97666666666667,127.13,72.0,100.0,70.0,70.0,72.0,69.97333333333334,67.0,69.0,68.0,68.0,1354
2025-02-14 02:15:00,124.30666666666669,0.0,41.5,104.12,127.13,72.0,100.0,70.0,70.0,72.0,69.0,67.0,69.0,68.0,68.0,1355
2025-02-14 02:30:00,124.30666666666669,0.0,41.5,104.34666666666664,127.13,72.0,100.0,70.0,70.0,72.0,68.74333333333334,67.0,69.0,68.0,68.0,1356
2025-02-14 02:45:00,125.01,0.0,41.5,104.4,127.13,72.0,100.0,70.0,70.0,72.0,68.58999999999999,67.0,69.0,68.0,68.0,1357
2025-02-14 03:00:00,127.13,0.0,41.5,104.00666666666666,127.13,72.0,100.0,70.0,70.0,72.0,68.47,67.0,69.0,68.0,68.0,1358
2025-02-14 03:15:00,127.13,0.0,40.16666666666666,103.66333333333334,127.13,72.0,100.0,70.0,70.0,72.0,68.35666666666667,67.0,69.0,68.0,68.0,1359
2025-02-14 03:30:00,127.13,0.0,39.66666666666666,103.79666666666668,127.13,72.0,100.0,70.0,70.0,72.0,68.23,67.0,69.0,68.0,68.0,1360
2025-02-14 03:45:00,126.42333333333332,0.0,39.5,103.63,127.13,72.0,100.0,70.0,70.0,72.0,68.18666666666667,67.0,69.0,68.0,68.0,1361
2025-02-14 04:00:00,127.13,0.0,39.5,103.72,127.13,72.0,100.0,70.0,70.0,72.0,68.08666666666666,67.0,69.0,68.0,68.0,1362
2025-02-14 04:15:00,125.01,0.0,39.5,103.74666666666668,127.13,72.0,100.0,70.0,70.0,72.0,67.95333333333333,67.0,69.0,68.0,68.0,1363
2025-02-14 04:30:00,125.01333333333334,0.0,40.833333333333336,104.05333333333334,127.13,72.0,100.0,70.0,70.0,72.0,67.89,67.0,69.0,68.0,68.0,1364
2025-02-14 04:45:00,125.71666666666664,0.0,41.333333333333336,104.21666666666664,127.13,72.0,100.0,70.0,70.0,72.0,67.81,67.0,69.0,68.0,68.0,1365
2025-02-14 05:00:00,125.71666666666664,0.0,41.5,103.95333333333332,127.13,72.0,100.0,70.0,70.0,72.0,67.73,67.0,69.0,68.0,68.0,1366
2025-02-14 05:15:00,128.54333333333332,0.0,40.333333333333336,103.31,127.13,72.0,100.0,70.0,70.0,72.0,67.64,67.0,69.0,68.0,68.0,1367
2025-02-14 05:30:00,127.83666666666666,0.0,39.5,103.30333333333331,127.13,72.0,100.0,70.0,70.0,72.0,67.60333333333334,67.0,69.0,68.0,68.0,1368
2025-02-14 05:45:00,127.13,0.0,39.16666666666666,103.38333333333333,127.13,72.0,100.0,70.0,70.0,72.0,67.45,67.0,69.0,68.0,68.0,1369
2025-02-14 06:00:00,125.01,0.0,39.5,103.9,127.13,72.0,100.0,70.0,70.0,72.0,67.37,67.0,69.0,68.0,68.0,1370
2025-02-14 06:15:00,126.42333333333332,0.0,39.5,103.4,127.13,72.0,100.0,70.0,70.0,72.0,67.31333333333333,67.0,69.0,68.0,68.0,1371
2025-02-14 06:30:00,127.13,0.0,39.5,103.11,127.13,72.0,100.0,70.0,70.0,72.0,67.21,67.0,69.0,68.0,68.0,1372
2025-02-14 06:45:00,125.71666666666664,0.0,39.5,103.37,127.13,72.0,100.0,70.0,70.0,72.0,67.09333333333332,67.0,69.0,68.0,68.0,1373
2025-02-14 07:00:00,125.71666666666664,0.0,40.0,103.38,127.13,72.0,100.0,70.0,70.0,72.0,67.08666666666666,67.0,69.0,68.0,68.0,1374
2025-02-14 07:15:00,125.71666666666664,0.0,40.833333333333336,103.18666666666668,127.13,72.0,100.0,70.0,70.0,72.0,66.95666666666666,67.0,69.0,68.0,68.0,1375
2025-02-14 07:30:00,125.71666666666664,0.0,41.0,102.96,127.13,72.0,100.0,70.0,70.0,72.0,66.84666666666666,67.0,69.0,68.0,68.0,1376
2025-02-14 07:45:00,127.83666666666666,0.0,40.66666666666666,102.59,127.13,72.0,100.0,70.0,70.0,72.0,66.81,67.0,69.0,68.0,68.0,1377
2025-02-14 08:00:00,126.42333333333332,0.0,39.5,102.72666666666667,127.13,72.0,100.0,70.0,70.0,72.0,66.73,67.0,69.0,68.0,68.0,1378
2025-02-14 08:15:00,127.13,0.0,39.5,102.56,127.13,72.0,100.0,70.0,70.0,72.0,66.66333333333334,67.0,69.0,68.0,68.0,1379
2025-02-14 08:30:00,125.71666666666664,0.0,39.0,102.62,127.13,72.0,100.0,70.0,70.0,72.0,66.57333333333334,67.0,69.0,68.0,68.0,1380
2025-02-14 08:45:00,124.30666666666669,0.0,40.5,102.98,127.13,72.0,100.0,70.0,70.0,72.0,66.55333333333334,67.0,69.0,68.0,68.0,1381
2025-02-14 09:00:00,123.60333333333334,0.0,41.0,102.65333333333336,127.13,72.0,100.0,70.0,70.0,72.0,66.43333333333334,67.0,69.0,68.0,68.0,1382
2025-02-14 09:15:00,125.71666666666664,0.0,41.16666666666666,102.65666666666668,127.13,72.0,100.0,70.0,70.0,72.0,66.34,67.0,69.0,68.0,68.0,1383
2025-02-14 09:30:00,125.72,0.0,43.833333333333336,103.14333333333332,127.13,72.0,100.0,70.0,70.0,72.0,66.30333333333334,67.0,69.0,68.0,68.0,1384
2025-02-14 09:45:00,126.42333333333332,0.0,40.5,102.59666666666664,127.13,72.0,100.0,70.0,70.0,72.0,66.23333333333333,67.0,69.0,68.0,68.0,1385
2025-02-14 10:00:00,128.54333333333332,0.0,40.0,101.81666666666666,127.13,72.0,100.0,70.0,70.0,72.0,66.15666666666667,67.0,69.0,68.0,68.0,1386
2025-02-14 10:15:00,125.01333333333334,0.0,39.5,102.33666666666666,127.13,72.0,100.0,70.0,70.0,72.0,66.15,67.0,69.0,68.0,68.0,1387
2025-02-14 10:30:00,123.60333333333334,0.0,42.0,102.71333333333332,127.13,72.0,100.0,70.0,70.0,72.0,66.08666666666666,67.0,69.0,68.0,68.0,1388
2025-02-14 10:45:00,128.54333333333332,0.0,41.0,101.80333333333331,127.13,72.0,100.0,70.0,70.0,72.0,66.03333333333335,67.0,69.0,68.0,68.0,1389
2025-02-14 11:00:00,126.42333333333332,0.0,40.0,101.54,127.13,72.0,100.0,70.0,70.0,72.0,66.00666666666666,67.0,69.0,68.0,68.0,1390
2025-02-14 11:15:00,128.54333333333332,0.0,39.66666666666666,100.79333333333334,127.13,72.0,100.0,70.0,70.0,72.0,65.94,67.0,69.0,68.0,68.0,1391
2025-02-14 11:30:00,126.42333333333332,0.0,39.5,100.87333333333332,127.13,72.0,100.0,70.0,70.0,72.0,65.90333333333332,67.0,69.0,68.0,68.0,1392
2025-02-14 11:45:00,125.01,0.0,39.5,101.07666666666668,127.13,72.0,100.0,70.0,70.0,72.0,65.87333333333333,67.0,69.0,68.0,68.0,1393
2025-02-14 12:00:00,127.13,0.0,40.66666666666666,100.84999999999998,127.13,72.0,100.0,70.0,70.0,72.0,65.87333333333333,67.0,69.0,68.0,68.0,1394
2025-02-14 12:15:00,127.13,0.0,39.5,100.92,127.13,72.0,100.0,70.0,70.0,72.0,65.77,67.0,69.0,68.0,68.0,1395
2025-02-14 12:30:00,125.71666666666664,0.0,39.0,100.81333333333332,127.13,72.0,100.0,70.0,70.0,72.0,65.73666666666666,67.0,69.0,68.0,68.0,1396
2025-02-14 12:45:00,125.71666666666664,0.0,38.66666666666666,101.23333333333332,127.13,72.0,100.0,70.0,70.0,72.0,65.75,67.0,69.0,68.0,68.0,1397
2025-02-14 13:00:00,125.71666666666664,0.0,41.833333333333336,102.02666666666666,127.13,72.0,100.0,70.0,70.0,72.0,65.77999999999999,67.0,69.0,68.0,68.0,1398
2025-02-14 13:15:00,127.83666666666666,0.0,39.66666666666666,101.88,127.13,72.0,100.0,70.0,70.0,72.0,65.85333333333334,67.0,69.0,68.0,68.0,1399
2025-02-14 13:30:00,127.83666666666666,0.0,39.16666666666666,101.97666666666667,127.13,72.0,100.0,70.0,70.0,72.0,66.11,67.0,69.0,68.0,68.0,1400
2025-02-14 13:45:00,125.71666666666664,0.0,39.0,102.68,127.13,72.0,100.0,70.0,70.0,72.0,67.48333333333333,67.0,69.0,68.0,68.0,1401
2025-02-14 14:00:00,126.42333333333332,0.0,40.833333333333336,102.81,127.13,72.0,100.0,70.0,70.0,72.0,68.24666666666667,67.0,69.0,68.0,68.0,1402
2025-02-14 14:15:00,128.54333333333332,0.0,39.833333333333336,102.54333333333334,127.13,72.0,100.0,70.0,70.0,72.0,68.73,67.0,69.0,68.0,68.0,1403
2025-02-14 14:30:00,126.42333333333332,0.0,39.5,103.22333333333334,127.13,72.0,100.0,70.0,70.0,72.0,69.17666666666668,67.0,69.0,68.0,68.0,1404
2025-02-14 14:45:00,127.83666666666666,0.0,38.16666666666666,102.98,127.13,72.0,100.0,70.0,70.0,72.0,69.53666666666668,67.0,69.0,68.0,68.0,1405
2025-02-14 15:00:00,126.42333333333332,0.0,37.16666666666666,102.96,127.13,72.0,100.0,70.0,70.0,72.0,69.8,67.0,69.0,68.0,68.0,1406
2025-02-14 15:15:00,125.01,0.0,37.333333333333336,103.64333333333332,127.13,72.0,100.0,70.0,70.0,72.0,69.99666666666667,67.0,69.0,68.0,68.0,1407
2025-02-14 15:30:00,124.30666666666669,0.0,39.66666666666666,104.51,127.13,72.0,100.0,70.0,70.0,72.0,70.22,67.0,69.0,68.0,68.0,1408
2025-02-14 15:45:00,127.83666666666666,0.0,40.0,104.38,127.13,72.0,100.0,70.0,70.0,72.0,70.27666666666666,67.0,69.0,68.0,68.0,1409
2025-02-14 16:00:00,127.83666666666666,0.0,38.5,104.44666666666669,127.13,72.0,100.0,70.0,70.0,72.0,70.49,67.0,69.0,68.0,68.0,1410
2025-02-14 16:15:00,126.42333333333332,0.0,38.5,104.93,127.13,72.0,100.0,70.0,70.0,72.0,70.76,67.0,69.0,68.0,68.0,1411
2025-02-14 16:30:00,125.71666666666664,0.0,38.5,105.21,127.13,72.0,100.0,70.0,70.0,72.0,71.08333333333333,67.0,69.0,68.0,68.0,1412
2025-02-14 16:45:00,125.01,0.0,38.5,105.80666666666669,127.13,72.0,100.0,70.0,70.0,72.0,71.18666666666667,67.0,69.0,68.0,68.0,1413
2025-02-14 17:00:00,123.60333333333334,0.9266666666666666,39.333333333333336,106.8,126.42333333333332,72.0,99.43666666666668,70.0,70.0,72.0,71.83333333333333,67.0,69.0,68.0,68.0,1414
2025-02-14 17:15:00,124.30666666666669,9.566666666666668,40.333333333333336,106.57333333333334,125.01,72.0,93.67666666666666,70.0,70.0,72.0,72.23333333333333,67.0,69.0,68.0,68.0,1415
2025-02-14 17:30:00,124.30666666666669,11.49,40.5,106.84333333333332,125.01,72.0,92.14,70.0,70.0,72.0,72.24666666666667,67.0,69.0,68.0,68.0,1416
2025-02-14 17:45:00,127.13,29.01,39.5,102.54666666666668,125.01,72.0,80.00333333333333,70.0,70.0,72.0,72.66666666666667,67.0,69.0,68.0,68.0,1417
2025-02-14 18:00:00,127.83666666666666,40.76,38.333333333333336,98.94333333333331,125.01,72.0,70.82666666666667,70.0,70.0,72.0,72.86,67.0,69.0,68.0,68.0,1418
2025-02-14 18:15:00,124.30666666666669,39.123333333333335,38.0,98.36666666666667,125.01,72.0,69.42,70.0,70.0,72.0,72.64333333333333,67.0,69.0,68.0,68.0,1419
2025-02-14 18:30:00,125.71666666666664,36.22,37.66666666666666,98.20333333333332,125.01,72.0,69.60000000000001,70.0,70.0,72.0,72.42,67.0,69.0,68.0,68.0,1420
2025-02-14 18:45:00,127.13,46.196666666666665,37.16666666666666,94.49666666666668,125.01,72.0,62.05,70.0,70.0,72.0,72.60000000000001,67.0,69.0,68.0,68.0,1421
2025-02-14 19:00:00,125.01,52.88666666666666,36.66666666666666,90.98,125.01,72.0,56.09666666666666,70.0,70.0,72.0,72.65333333333332,67.0,69.0,68.0,68.0,1422
2025-02-14 19:15:00,125.71666666666664,56.94,36.16666666666666,88.02,125.01,72.0,51.63666666666666,70.0,70.0,72.0,72.64,67.0,69.0,68.0,68.0,1423
2025-02-14 19:30:00,124.31,56.27,35.666666666666664,86.43333333333334,125.01,72.0,50.25666666666666,70.0,70.0,72.0,72.46333333333332,67.0,69.0,68.0,68.0,1424
2025-02-14 19:45:00,125.01,55.580000000000005,36.0,86.21,125.01,72.0,49.52666666666666,70.0,70.0,72.0,72.37,67.0,69.0,68.0,68.0,1425
2025-02-14 20:00:00,127.13,54.903333333333336,35.666666666666664,85.16666666666667,125.01,72.0,48.84333333333333,70.0,70.0,72.0,72.26666666666667,67.0,69.0,68.0,68.0,1426
2025-02-14 20:15:00,126.42333333333332,56.88666666666666,35.0,83.88,125.01,72.0,46.85,70.0,70.0,72.0,72.24666666666667,67.0,69.0,68.0,68.0,1427
2025-02-14 20:30:00,125.01333333333334,45.803333333333335,34.833333333333336,87.82333333333334,125.01,72.0,53.19333333333333,70.0,70.0,72.0,71.91333333333334,67.0,69.0,68.0,68.0,1428
2025-02-14 20:45:00,126.42333333333332,40.77666666666667,34.5,90.19333333333331,125.01,72.0,56.63666666666666,70.0,70.0,72.0,71.79333333333334,67.0,69.0,68.0,68.0,1429
2025-02-14 21:00:00,125.01,37.73,34.5,91.60333333333334,125.01,72.0,59.16666666666666,70.0,70.0,72.0,71.75333333333333,67.0,69.0,68.0,68.0,1430
2025-02-14 21:15:00,125.71666666666664,32.49333333333333,34.166666666666664,93.77666666666666,125.01,72.0,63.00333333333333,70.0,70.0,72.0,71.65333333333334,67.0,69.0,68.0,68.0,1431
2025-02-14 21:30:00,124.30666666666669,19.9,34.333333333333336,98.82333333333332,125.01,72.0,72.13333333333333,70.0,70.0,72.0,71.39999999999999,67.0,69.0,68.0,68.0,1432
2025-02-14 21:45:00,125.71666666666664,4.8566666666666665,36.0,103.10666666666668,125.01,72.0,83.38333333333333,70.0,70.0,72.0,71.10333333333334,67.0,69.0,68.0,68.0,1433
2025-02-14 22:00:00,123.60333333333334,0.0,36.5,106.08666666666666,125.01,72.0,90.23666666666666,70.0,70.0,72.0,71.09333333333332,67.0,69.0,68.0,68.0,1434
2025-02-14 22:15:00,123.60333333333334,0.0,37.16666666666666,107.02333333333333,125.01,72.0,95.34666666666664,70.0,70.0,72.0,71.16666666666667,67.0,69.0,68.0,68.0,1435
2025-02-14 22:30:00,125.01,0.0,37.5,106.89333333333332,126.42333333333332,72.0,99.49,70.0,70.0,72.0,71.23333333333333,67.0,69.0,68.0,68.0,1436
2025-02-14 22:45:00,125.71666666666664,0.0,37.5,106.73,126.42333333333332,72.0,99.92,70.0,70.0,72.0,71.42,67.0,69.0,68.0,68.0,1437
2025-02-14 23:00:00,126.42333333333332,0.0,37.5,106.43333333333334,127.13,72.0,100.0,70.0,70.0,72.0,71.21333333333332,67.0,69.0,68.0,68.0,1438
2025-02-14 23:15:00,128.54333333333332,0.0,36.66666666666666,105.91333333333334,127.13,72.0,100.0,70.0,70.0,72.0,71.23333333333333,67.0,69.0,68.0,68.0,1439
2025-02-14 23:30:00,126.42333333333332,0.0,36.0,106.12333333333332,127.13,72.0,100.0,70.0,70.0,72.0,71.30666666666667,67.0,69.0,68.0,68.0,1440
2025-02-14 23:45:00,125.01,0.0,36.0,106.19666666666669,127.13,72.0,100.0,70.0,70.0,72.0,71.33666666666666,67.0,69.0,68.0,68.0,1441
2025-02-15 00:00:00,124.30666666666669,0.0,37.5,106.36333333333334,127.13,72.0,100.0,70.0,70.0,72.0,71.29333333333334,67.0,69.0,68.0,68.0,1442
2025-02-15 00:15:00,125.71666666666664,0.0,37.16666666666666,106.06333333333332,127.13,72.0,100.0,70.0,70.0,72.0,71.24,67.0,69.0,68.0,68.0,1443
2025-02-15 00:30:00,125.01333333333334,0.0,37.16666666666666,106.46,127.13,72.0,100.0,70.0,70.0,72.0,71.24,67.0,69.0,68.0,68.0,1444
2025-02-15 00:45:00,126.42333333333332,0.0,38.0,106.42666666666666,127.13,72.0,100.0,70.0,70.0,72.0,71.22666666666667,67.0,69.0,68.0,68.0,1445
2025-02-15 01:00:00,125.71666666666664,0.0,38.5,107.20666666666666,127.13,72.0,100.0,70.0,70.0,72.0,71.2,67.0,69.0,68.0,68.0,1446
2025-02-15 01:15:00,124.30666666666669,0.0,38.833333333333336,107.75333333333332,127.13,72.0,100.0,70.0,70.0,72.0,71.22,67.0,69.0,68.0,68.0,1447
2025-02-15 01:30:00,127.13,0.0,37.5,107.40333333333336,127.13,72.0,100.0,70.0,70.0,72.0,71.24,67.0,69.0,68.0,68.0,1448
2025-02-15 01:45:00,126.42333333333332,0.0,37.833333333333336,107.23333333333332,127.13,72.0,100.0,70.0,70.0,72.0,71.24,67.0,69.0,68.0,68.0,1449
2025-02-15 02:00:00,125.01333333333334,0.0,37.0,107.25666666666666,127.13,72.0,100.0,70.0,70.0,72.0,71.24,67.0,69.0,68.0,68.0,1450
2025-02-15 02:15:00,127.13,0.0,37.5,107.3,127.13,72.0,100.0,70.0,70.0,72.0,71.24,67.0,69.0,68.0,68.0,1451
2025-02-15 02:30:00,127.13,0.0,37.5,107.17666666666666,127.13,72.0,100.0,70.0,70.0,72.0,71.24,67.0,69.0,68.0,68.0,1452
2025-02-15 02:45:00,125.71666666666664,0.0,37.0,107.28666666666668,127.13,72.0,100.0,70.0,70.0,72.0,71.25333333333333,67.0,69.0,68.0,68.0,1453
2025-02-15 03:00:00,127.83666666666666,0.0,37.0,107.74666666666668,127.13,72.0,100.0,70.0,70.0,72.0,71.30666666666667,67.0,69.0,68.0,68.0,1454
2025-02-15 03:15:00,125.71999999999998,0.0,37.16666666666666,107.53000000000002,127.13,72.0,100.0,70.0,70.0,72.0,71.34333333333332,67.0,69.0,68.0,68.0,1455
2025-02-15 03:30:00,125.71666666666664,0.0,37.16666666666666,108.04666666666668,127.13,72.0,100.0,70.0,70.0,72.0,71.35,67.0,69.0,68.0,68.0,1456
2025-02-15 03:45:00,125.71666666666664,0.0,38.333333333333336,107.66,127.13,72.0,100.0,70.0,70.0,72.0,71.36333333333333,67.0,69.0,68.0,68.0,1457
2025-02-15 04:00:00,125.71666666666664,0.0,38.5,107.63666666666668,127.13,72.0,100.0,70.0,70.0,72.0,71.37333333333333,67.0,69.0,68.0,68.0,1458
2025-02-15 04:15:00,127.13,0.0,38.5,107.54666666666668,127.13,72.0,100.0,70.0,70.0,72.0,71.38,67.0,69.0,68.0,68.0,1459
2025-02-15 04:30:00,125.01,0.0,38.5,108.13,127.13,72.0,100.0,70.0,70.0,72.0,71.38,67.0,69.0,68.0,68.0,1460
2025-02-15 04:45:00,126.42333333333332,0.0,39.5,108.27,127.13,72.0,100.0,70.0,70.0,72.0,71.38,67.0,69.0,68.0,68.0,1461
2025-02-15 05:00:00,125.71999999999998,0.0,38.66666666666666,108.13333333333333,127.13,72.0,100.0,70.0,70.0,72.0,71.43333333333334,67.0,69.0,68.0,68.0,1462
2025-02-15 05:15:00,127.13,0.0,38.833333333333336,107.94333333333331,127.13,72.0,100.0,70.0,70.0,72.0,71.42,67.0,69.0,68.0,68.0,1463
2025-02-15 05:30:00,126.42333333333332,0.0,37.5,108.08666666666666,127.13,72.0,100.0,70.0,70.0,72.0,71.47333333333333,67.0,69.0,68.0,68.0,1464
2025-02-15 05:45:00,127.13,0.0,37.5,108.01666666666668,127.13,72.0,100.0,70.0,70.0,72.0,71.49,67.0,69.0,68.0,68.0,1465
2025-02-15 06:00:00,126.42333333333332,0.0,38.16666666666666,107.94333333333331,127.13,72.0,100.0,70.0,70.0,72.0,71.49666666666667,67.0,69.0,68.0,68.0,1466
2025-02-15 06:15:00,124.30666666666669,0.0,37.333333333333336,108.07666666666668,127.13,72.0,100.0,70.0,70.0,72.0,71.49666666666667,67.0,69.0,68.0,68.0,1467
2025-02-15 06:30:00,125.01333333333334,0.0,37.0,107.87666666666668,127.13,72.0,100.0,70.0,70.0,72.0,71.49,67.0,69.0,68.0,68.0,1468
2025-02-15 06:45:00,127.13,0.0,37.5,108.24333333333334,127.13,72.0,100.0,70.0,70.0,72.0,71.48333333333333,67.0,69.0,68.0,68.0,1469
2025-02-15 07:00:00,127.13,0.0,37.5,108.11333333333334,127.13,72.0,100.0,70.0,70.0,72.0,71.49,67.0,69.0,68.0,68.0,1470
2025-02-15 07:15:00,127.13,0.0,37.5,108.07,127.13,72.0,100.0,70.0,70.0,72.0,71.47666666666667,67.0,69.0,68.0,68.0,1471
2025-02-15 07:30:00,125.01333333333334,0.0,38.333333333333336,108.19333333333331,127.13,72.0,100.0,70.0,70.0,72.0,71.49666666666667,67.0,69.0,68.0,68.0,1472
2025-02-15 07:45:00,127.13,0.0,38.5,108.34333333333332,127.13,72.0,100.0,70.0,70.0,72.0,71.51,67.0,69.0,68.0,68.0,1473
2025-02-15 08:00:00,125.72,0.0,37.0,108.14666666666666,127.13,72.0,100.0,70.0,70.0,72.0,71.51666666666667,67.0,69.0,68.0,68.0,1474
2025-02-15 08:15:00,125.71666666666664,0.0,38.16666666666666,108.30666666666669,127.13,72.0,100.0,70.0,70.0,72.0,71.52333333333333,67.0,69.0,68.0,68.0,1475
2025-02-15 08:30:00,125.01333333333334,0.0,39.16666666666666,108.36,127.13,72.0,100.0,70.0,70.0,72.0,71.51,67.0,69.0,68.0,68.0,1476
2025-02-15 08:45:00,125.71666666666664,0.0,37.833333333333336,107.82666666666668,127.13,72.0,100.0,70.0,70.0,72.0,71.51666666666667,67.0,69.0,68.0,68.0,1477
2025-02-15 09:00:00,126.42333333333332,0.0,37.5,108.14333333333332,127.13,72.0,100.0,70.0,70.0,72.0,71.53,67.0,69.0,68.0,68.0,1478
2025-02-15 09:15:00,126.42333333333332,0.0,38.0,108.37,127.13,72.0,100.0,70.0,70.0,72.0,71.57333333333334,67.0,69.0,68.0,68.0,1479
2025-02-15 09:30:00,125.01333333333334,0.0,37.5,107.85,127.13,72.0,100.0,70.0,70.0,72.0,71.58666666666666,67.0,69.0,68.0,68.0,1480
2025-02-15 09:45:00,125.01333333333334,0.0,38.16666666666666,108.11,127.13,72.0,100.0,70.0,70.0,72.0,71.58,67.0,69.0,68.0,68.0,1481
2025-02-15 10:00:00,127.13,0.0,38.66666666666666,107.68333333333334,127.13,72.0,100.0,70.0,70.0,72.0,71.57333333333334,67.0,69.0,68.0,68.0,1482
2025-02-15 10:15:00,127.13,0.0,38.5,107.75,127.13,72.0,100.0,70.0,70.0,72.0,71.58,67.0,69.0,68.0,68.0,1483
2025-02-15 10:30:00,125.01,0.0,38.0,107.67,127.13,72.0,100.0,70.0,70.0,72.0,71.55333333333333,67.0,69.0,68.0,68.0,1484
2025-02-15 10:45:00,127.13,0.0,38.0,107.40666666666668,127.13,72.0,100.0,70.0,70.0,72.0,71.53,67.0,69.0,68.0,68.0,1485
2025-02-15 11:00:00,125.71666666666664,0.0,37.5,107.73333333333332,127.13,72.0,100.0,70.0,70.0,72.0,71.53,67.0,69.0,68.0,68.0,1486
2025-02-15 11:15:00,126.42333333333332,0.0,37.5,107.67,127.13,72.0,100.0,70.0,70.0,72.0,71.53,67.0,69.0,68.0,68.0,1487
2025-02-15 11:30:00,125.71999999999998,0.0,37.5,107.62333333333332,127.13,72.0,100.0,70.0,70.0,72.0,71.53,67.0,69.0,68.0,68.0,1488
2025-02-15 11:45:00,125.01333333333334,0.0,37.833333333333336,108.02,127.13,72.0,100.0,70.0,70.0,72.0,71.53,67.0,69.0,68.0,68.0,1489
2025-02-15 12:00:00,126.42333333333332,0.0,38.0,107.77333333333333,127.13,72.0,100.0,70.0,70.0,72.0,71.52333333333333,67.0,69.0,68.0,68.0,1490
2025-02-15 12:15:00,126.42333333333332,0.0,38.0,107.93,127.13,72.0,100.0,70.0,70.0,72.0,71.54,67.0,69.0,68.0,68.0,1491
2025-02-15 12:30:00,127.13,0.0,37.5,107.9,127.13,72.0,100.0,70.0,70.0,72.0,71.59333333333332,67.0,69.0,68.0,68.0,1492
2025-02-15 12:45:00,126.42333333333332,0.0,37.5,107.69666666666666,127.13,72.0,100.0,70.0,70.0,72.0,71.61333333333333,67.0,69.0,68.0,68.0,1493
2025-02-15 13:00:00,125.01,0.0,37.5,107.86333333333334,127.13,72.0,100.0,70.0,70.0,72.0,71.63333333333334,67.0,69.0,68.0,68.0,1494
2025-02-15 13:15:00,125.71666666666664,0.0,37.5,107.57,127.13,72.0,100.0,70.0,70.0,72.0,71.64333333333333,67.0,69.0,68.0,68.0,1495
2025-02-15 13:30:00,127.83666666666666,0.0,37.5,107.56666666666666,127.13,72.0,100.0,70.0,70.0,72.0,71.64333333333333,67.0,69.0,68.0,68.0,1496
2025-02-15 13:45:00,126.42333333333332,0.0,37.16666666666666,107.45333333333332,127.13,72.0,100.0,70.0,70.0,72.0,71.65666666666668,67.0,69.0,68.0,68.0,1497
2025-02-15 14:00:00,125.71666666666664,0.0,37.0,107.49666666666668,127.13,72.0,100.0,70.0,70.0,72.0,71.65,67.0,69.0,68.0,68.0,1498
2025-02-15 14:15:00,124.30666666666669,0.0,37.16666666666666,107.45333333333332,127.13,72.0,100.0,70.0,70.0,72.0,71.65,67.0,69.0,68.0,68.0,1499
2025-02-15 14:30:00,126.42333333333332,0.0,37.5,107.74333333333334,127.13,72.0,100.0,70.0,70.0,72.0,71.65,67.0,69.0,68.0,68.0,1500
2025-02-15 14:45:00,127.13,0.0,37.333333333333336,107.75666666666666,127.13,72.0,100.0,70.0,70.0,72.0,71.65,67.0,69.0,68.0,68.0,1501
2025-02-15 15:00:00,125.71666666666664,0.0,37.0,108.01333333333334,127.13,72.0,100.0,70.0,70.0,72.0,71.65,67.0,69.0,68.0,68.0,1502
2025-02-15 15:15:00,127.13,0.0,37.0,107.81333333333332,127.13,72.0,100.0,70.0,70.0,72.0,71.65,67.0,69.0,68.0,68.0,1503
2025-02-15 15:30:00,126.42333333333332,0.0,37.0,108.21666666666664,127.13,72.0,100.0,70.0,70.0,72.0,71.65,67.0,69.0,68.0,68.0,1504
2025-02-15 15:45:00,125.01,0.0,37.5,108.64666666666666,127.13,72.0,100.0,70.0,70.0,72.0,71.71666666666667,67.0,69.0,68.0,68.0,1505
2025-02-15 16:00:00,125.01,0.0,38.16666666666666,108.60333333333334,127.13,72.0,100.0,70.0,70.0,72.0,71.78,67.0,69.0,68.0,68.0,1506
2025-02-15 16:15:00,126.42333333333332,0.0,38.5,108.56,127.13,72.0,100.0,70.0,70.0,72.0,71.8,67.0,69.0,68.0,68.0,1507
2025-02-15 16:30:00,125.71666666666664,0.0,38.16666666666666,108.47666666666667,127.13,72.0,100.0,70.0,70.0,72.0,71.84666666666666,67.0,69.0,68.0,68.0,1508
2025-02-15 16:45:00,125.71666666666664,0.0,38.0,108.46,127.13,72.0,100.0,70.0,70.0,72.0,71.89,67.0,69.0,68.0,68.0,1509
2025-02-15 17:00:00,126.42333333333332,0.0,38.0,108.68,127.13,72.0,100.0,70.0,70.0,72.0,71.90333333333332,67.0,69.0,68.0,68.0,1510
2025-02-15 17:15:00,127.13,0.0,37.5,108.79333333333334,127.13,72.0,100.0,70.0,70.0,72.0,71.91,67.0,69.0,68.0,68.0,1511
2025-02-15 17:30:00,127.13,0.0,37.0,108.73,127.13,72.0,100.0,70.0,70.0,72.0,71.81,67.0,69.0,68.0,68.0,1512
2025-02-15 17:45:00,125.01333333333334,0.0,36.5,108.96,127.13,72.0,100.0,70.0,70.0,72.0,71.8,67.0,69.0,68.0,68.0,1513
2025-02-15 18:00:00,125.71666666666664,0.0,36.5,109.13666666666668,127.13,72.0,100.0,70.0,70.0,72.0,71.78666666666668,67.0,69.0,68.0,68.0,1514
2025-02-15 18:15:00,125.01,0.0,36.5,109.30333333333331,127.13,72.0,100.0,70.0,70.0,72.0,71.78,67.0,69.0,68.0,68.0,1515
2025-02-15 18:30:00,125.71666666666664,0.0,36.5,109.71,127.13,72.0,100.0,70.0,70.0,72.0,71.8,67.0,69.0,68.0,68.0,1516
2025-02-15 18:45:00,126.42333333333332,0.0,36.5,110.02333333333333,127.13,72.0,100.0,70.0,70.0,72.0,71.78666666666668,67.0,69.0,68.0,68.0,1517
2025-02-15 19:00:00,125.71666666666664,0.0,36.833333333333336,110.41666666666669,127.13,72.0,100.0,70.0,70.0,72.0,71.77333333333333,67.0,69.0,68.0,68.0,1518
2025-02-15 19:15:00,127.13,0.0,36.833333333333336,110.63,127.13,72.0,100.0,70.0,70.0,72.0,71.75333333333333,67.0,69.0,68.0,68.0,1519
2025-02-15 19:30:00,127.13,0.0,36.5,110.12333333333332,127.13,72.0,100.0,70.0,70.0,72.0,71.69666666666666,67.0,69.0,68.0,68.0,1520
2025-02-15 19:45:00,124.30666666666669,0.0,36.5,110.67666666666666,127.13,72.0,100.0,70.0,70.0,72.0,71.65666666666668,67.0,69.0,68.0,68.0,1521
2025-02-15 20:00:00,126.42333333333332,0.0,36.5,110.69,127.13,72.0,100.0,70.0,70.0,72.0,71.71999999999998,67.0,69.0,68.0,68.0,1522
2025-02-15 20:15:00,127.13,0.0,36.5,110.69666666666669,127.13,72.0,100.0,70.0,70.0,72.0,71.66333333333334,67.0,69.0,68.0,68.0,1523
2025-02-15 20:30:00,127.83666666666666,0.0,36.333333333333336,110.70666666666666,127.13,72.0,100.0,70.0,70.0,72.0,71.73666666666666,67.0,69.0,68.0,68.0,1524
2025-02-15 20:45:00,127.83666666666666,0.0,36.0,111.09333333333332,127.13,72.0,100.0,70.0,70.0,72.0,71.69,67.0,69.0,68.0,68.0,1525
2025-02-15 21:00:00,126.42333333333332,0.0,35.666666666666664,111.31666666666666,127.13,72.0,100.0,70.0,70.0,72.0,71.75666666666667,67.0,69.0,68.0,68.0,1526
2025-02-15 21:15:00,127.83666666666666,0.0,35.5,111.05666666666669,127.13,72.0,100.0,70.0,70.0,72.0,71.77333333333333,67.0,69.0,68.0,68.0,1527
2025-02-15 21:30:00,126.42333333333332,0.0,35.5,111.35666666666668,127.13,72.0,100.0,70.0,70.0,72.0,71.76,67.0,69.0,68.0,68.0,1528
2025-02-15 21:45:00,126.42333333333332,0.0,35.5,111.14,127.13,72.0,100.0,70.0,70.0,72.0,71.78,67.0,69.0,68.0,68.0,1529
2025-02-15 22:00:00,125.01,0.0,35.5,111.51,127.13,72.0,100.0,70.0,70.0,72.0,71.76666666666667,67.0,69.0,68.0,68.0,1530
2025-02-15 22:15:00,125.01,0.0,35.5,111.14666666666666,127.13,72.0,100.0,70.0,70.0,72.0,71.67,67.0,69.0,68.0,68.0,1531
2025-02-15 22:30:00,126.42333333333332,0.0,36.0,111.11333333333334,127.13,72.0,100.0,70.0,70.0,72.0,71.68333333333334,67.0,69.0,68.0,68.0,1532
2025-02-15 22:45:00,125.01,0.0,36.0,110.84333333333332,127.13,72.0,100.0,70.0,70.0,72.0,71.64333333333333,67.0,69.0,68.0,68.0,1533
2025-02-15 23:00:00,125.01,0.0,36.333333333333336,111.21666666666664,127.13,72.0,100.0,70.0,70.0,72.0,71.62,67.0,69.0,68.0,68.0,1534
2025-02-15 23:15:00,126.42333333333332,0.0,37.0,111.17,127.13,72.0,100.0,70.0,70.0,72.0,71.53666666666668,67.0,69.0,68.0,68.0,1535
2025-02-15 23:30:00,125.71666666666664,0.0,37.0,111.11666666666667,127.13,72.0,100.0,70.0,70.0,72.0,71.51666666666667,67.0,69.0,68.0,68.0,1536
2025-02-15 23:45:00,126.42333333333332,0.0,37.0,111.11666666666667,127.13,72.0,100.0,70.0,70.0,72.0,71.50333333333333,67.0,69.0,68.0,68.0,1537
2025-02-16 00:00:00,125.71666666666664,0.0,37.0,111.01333333333334,127.13,72.0,100.0,70.0,70.0,72.0,71.50333333333333,67.0,69.0,68.0,68.0,1538
2025-02-16 00:15:00,125.71666666666664,0.0,37.0,111.14666666666666,127.13,72.0,100.0,70.0,70.0,72.0,71.44333333333333,67.0,69.0,68.0,68.0,1539
2025-02-16 00:30:00,127.13,0.0,37.0,111.42333333333332,127.13,72.0,100.0,70.0,70.0,72.0,71.49,67.0,69.0,68.0,68.0,1540
2025-02-16 00:45:00,125.01,0.0,37.0,111.39333333333332,127.13,72.0,100.0,70.0,70.0,72.0,71.46666666666665,67.0,69.0,68.0,68.0,1541
2025-02-16 01:00:00,126.42333333333332,0.0,37.0,111.55333333333331,127.13,72.0,100.0,70.0,70.0,72.0,71.42,67.0,69.0,68.0,68.0,1542
2025-02-16 01:15:00,124.30666666666669,0.0,37.0,111.19,127.13,72.0,100.0,70.0,70.0,72.0,71.45666666666666,67.0,69.0,68.0,68.0,1543
2025-02-16 01:30:00,127.13,0.0,37.0,110.59333333333332,127.13,72.0,100.0,70.0,70.0,72.0,71.39333333333333,67.0,69.0,68.0,68.0,1544
2025-02-16 01:45:00,125.01,0.0,37.16666666666666,110.92333333333332,127.13,72.0,100.0,70.0,70.0,72.0,71.38,67.0,69.0,68.0,68.0,1545
2025-02-16 02:00:00,125.71666666666664,0.0,37.5,111.13333333333333,127.13,72.0,100.0,70.0,70.0,72.0,71.37333333333333,67.0,69.0,68.0,68.0,1546
2025-02-16 02:15:00,125.01333333333334,0.0,37.5,110.98,127.13,72.0,100.0,70.0,70.0,72.0,71.37,67.0,69.0,68.0,68.0,1547
2025-02-16 02:30:00,125.71666666666664,0.0,37.5,111.19666666666669,127.13,72.0,100.0,70.0,70.0,72.0,71.37666666666667,67.0,69.0,68.0,68.0,1548
2025-02-16 02:45:00,126.42333333333332,0.0,37.5,110.89,127.13,72.0,100.0,70.0,70.0,72.0,71.38,67.0,69.0,68.0,68.0,1549
2025-02-16 03:00:00,127.83666666666666,0.0,37.5,110.92,127.13,72.0,100.0,70.0,70.0,72.0,71.37666666666667,67.0,69.0,68.0,68.0,1550
2025-02-16 03:15:00,125.01,0.0,37.5,110.70333333333332,127.13,72.0,100.0,70.0,70.0,72.0,71.38,67.0,69.0,68.0,68.0,1551
2025-02-16 03:30:00,125.71666666666664,0.0,37.5,111.21333333333332,127.13,72.0,100.0,70.0,70.0,72.0,71.47333333333333,67.0,69.0,68.0,68.0,1552
2025-02-16 03:45:00,126.42333333333332,0.0,37.5,111.02333333333333,127.13,72.0,100.0,70.0,70.0,72.0,71.49666666666667,67.0,69.0,68.0,68.0,1553
2025-02-16 04:00:00,125.71666666666664,0.0,37.5,111.22666666666667,127.13,72.0,100.0,70.0,70.0,72.0,71.48333333333333,67.0,69.0,68.0,68.0,1554
2025-02-16 04:15:00,125.01333333333334,0.0,37.5,111.20666666666666,127.13,72.0,100.0,70.0,70.0,72.0,71.50333333333333,67.0,69.0,68.0,68.0,1555
2025-02-16 04:30:00,125.71666666666664,0.0,37.5,111.11,127.13,72.0,100.0,70.0,70.0,72.0,71.51,67.0,69.0,68.0,68.0,1556
2025-02-16 04:45:00,125.01,0.0,37.5,110.91333333333334,127.13,72.0,100.0,70.0,70.0,72.0,71.51666666666667,67.0,69.0,68.0,68.0,1557
2025-02-16 05:00:00,125.01,0.0,37.5,110.97666666666667,127.13,72.0,100.0,70.0,70.0,72.0,71.50333333333333,67.0,69.0,68.0,68.0,1558
2025-02-16 05:15:00,125.01333333333334,0.0,37.66666666666666,111.00666666666666,127.13,72.0,100.0,70.0,70.0,72.0,71.51,67.0,69.0,68.0,68.0,1559
2025-02-16 05:30:00,125.71666666666664,0.0,38.0,111.01333333333332,127.13,72.0,100.0,70.0,70.0,72.0,71.49666666666667,67.0,69.0,68.0,68.0,1560
2025-02-16 05:45:00,125.01,0.0,38.0,111.10666666666668,127.13,72.0,100.0,70.0,70.0,72.0,71.50333333333333,67.0,69.0,68.0,68.0,1561
2025-02-16 06:00:00,125.01,0.0,38.0,111.17,127.13,72.0,100.0,70.0,70.0,72.0,71.51,67.0,69.0,68.0,68.0,1562
2025-02-16 06:15:00,124.30666666666669,0.0,38.0,110.85666666666668,127.13,72.0,100.0,70.0,70.0,72.0,71.50333333333333,67.0,69.0,68.0,68.0,1563
2025-02-16 06:30:00,124.30666666666669,0.0,38.16666666666666,110.58333333333331,127.13,72.0,100.0,70.0,70.0,72.0,71.51666666666667,67.0,69.0,68.0,68.0,1564
2025-02-16 06:45:00,125.01,0.0,38.5,110.21333333333332,127.13,72.0,100.0,70.0,70.0,72.0,71.51,67.0,69.0,68.0,68.0,1565
2025-02-16 07:00:00,125.01,0.0,38.5,110.33666666666666,127.13,72.0,100.0,70.0,70.0,72.0,71.51,67.0,69.0,68.0,68.0,1566
2025-02-16 07:15:00,125.01,0.0,39.0,110.08666666666666,127.13,72.0,100.0,70.0,70.0,72.0,71.51,67.0,69.0,68.0,68.0,1567
2025-02-16 07:30:00,128.54333333333332,0.0,38.833333333333336,110.03666666666668,127.13,72.0,100.0,70.0,70.0,72.0,71.52333333333333,67.0,69.0,68.0,68.0,1568
2025-02-16 07:45:00,125.71999999999998,0.0,38.5,110.39,127.13,72.0,100.0,70.0,70.0,72.0,71.51,67.0,69.0,68.0,68.0,1569
2025-02-16 08:00:00,125.01,0.0,38.833333333333336,110.77333333333333,127.13,72.0,100.0,70.0,70.0,72.0,71.51666666666667,67.0,69.0,68.0,68.0,1570
2025-02-16 08:15:00,125.71666666666664,0.0,39.0,110.6,127.13,72.0,100.0,70.0,70.0,72.0,71.52333333333333,67.0,69.0,68.0,68.0,1571
2025-02-16 08:30:00,127.83666666666666,0.0,39.0,110.43666666666668,127.13,72.0,100.0,70.0,70.0,72.0,71.53,67.0,69.0,68.0,68.0,1572
2025-02-16 08:45:00,125.71666666666664,0.0,39.0,110.49666666666668,127.13,72.0,100.0,70.0,70.0,72.0,71.53,67.0,69.0,68.0,68.0,1573
2025-02-16 09:00:00,125.01,0.0,39.0,110.53333333333336,127.13,72.0,100.0,70.0,70.0,72.0,71.53,67.0,69.0,68.0,68.0,1574
2025-02-16 09:15:00,124.30666666666669,0.0,39.16666666666666,110.61666666666667,127.13,72.0,100.0,70.0,70.0,72.0,71.53,67.0,69.0,68.0,68.0,1575
2025-02-16 09:30:00,125.01333333333334,0.0,39.5,110.37333333333332,127.13,72.0,100.0,70.0,70.0,72.0,71.53,67.0,69.0,68.0,68.0,1576
2025-02-16 09:45:00,126.42333333333332,0.0,38.333333333333336,109.64,127.13,72.0,100.0,70.0,70.0,72.0,71.52333333333333,67.0,69.0,68.0,68.0,1577
2025-02-16 10:00:00,125.01,0.0,38.0,109.63333333333333,127.13,72.0,100.0,70.0,70.0,72.0,71.51666666666667,67.0,69.0,68.0,68.0,1578
2025-02-16 10:15:00,126.42333333333332,0.0,38.333333333333336,108.94333333333331,127.13,72.0,100.0,70.0,70.0,72.0,71.49666666666667,67.0,69.0,68.0,68.0,1579
2025-02-16 10:30:00,124.30666666666669,0.0,39.333333333333336,108.82666666666668,127.13,72.0,100.0,70.0,70.0,72.0,71.46999999999998,67.0,69.0,68.0,68.0,1580
2025-02-16 10:45:00,127.13,0.0,39.5,107.75666666666666,127.13,72.0,100.0,70.0,70.0,72.0,71.40666666666665,67.0,69.0,68.0,68.0,1581
2025-02-16 11:00:00,124.30666666666669,0.0,39.5,107.87,127.13,72.0,100.0,70.0,70.0,72.0,71.37333333333333,67.0,69.0,68.0,68.0,1582
2025-02-16 11:15:00,125.01,0.0,40.16666666666666,107.88333333333333,127.13,72.0,100.0,70.0,70.0,72.0,71.33,67.0,69.0,68.0,68.0,1583
2025-02-16 11:30:00,125.71666666666664,0.0,40.5,107.59,127.13,72.0,100.0,70.0,70.0,72.0,71.24,67.0,69.0,68.0,68.0,1584
2025-02-16 11:45:00,125.01333333333334,0.0,40.5,107.42666666666666,127.13,72.0,100.0,70.0,70.0,72.0,71.15333333333334,67.0,69.0,68.0,68.0,1585
2025-02-16 12:00:00,127.13,0.0,40.5,106.86,127.13,72.0,100.0,70.0,70.0,72.0,71.1,67.0,69.0,68.0,68.0,1586
2025-02-16 12:15:00,125.71666666666664,0.0,40.5,106.43333333333334,127.13,72.0,100.0,70.0,70.0,72.0,71.07333333333334,67.0,69.0,68.0,68.0,1587
2025-02-16 12:30:00,125.01,0.0,40.5,106.03333333333336,127.13,72.0,100.0,70.0,70.0,72.0,71.01666666666667,67.0,69.0,68.0,68.0,1588
2025-02-16 12:45:00,126.42333333333332,0.0,40.66666666666666,106.21,127.13,72.0,100.0,70.0,70.0,72.0,70.96333333333332,67.0,69.0,68.0,68.0,1589
2025-02-16 13:00:00,127.83666666666666,0.0,39.833333333333336,106.13,127.13,72.0,100.0,70.0,70.0,72.0,70.95666666666666,67.0,69.0,68.0,68.0,1590
2025-02-16 13:15:00,127.83666666666666,0.0,39.5,106.27,127.13,72.0,100.0,70.0,70.0,72.0,70.95,67.0,69.0,68.0,68.0,1591
2025-02-16 13:30:00,127.13,0.0,39.5,107.06333333333332,127.13,72.0,100.0,70.0,70.0,72.0,70.96333333333332,67.0,69.0,68.0,68.0,1592
2025-02-16 13:45:00,126.42333333333332,0.0,39.5,107.22666666666667,127.13,72.0,100.0,70.0,70.0,72.0,70.97666666666667,67.0,69.0,68.0,68.0,1593
2025-02-16 14:00:00,126.42333333333332,0.0,39.5,106.55333333333331,127.13,72.0,100.0,70.0,70.0,72.0,71.05333333333334,67.0,69.0,68.0,68.0,1594
2025-02-16 14:15:00,127.13,0.0,39.5,106.47666666666667,127.13,72.0,100.0,70.0,70.0,72.0,71.08666666666666,67.0,69.0,68.0,68.0,1595
2025-02-16 14:30:00,126.42333333333332,0.0,39.5,106.47333333333334,127.13,72.0,100.0,70.0,70.0,72.0,71.1,67.0,69.0,68.0,68.0,1596
2025-02-16 14:45:00,125.71666666666664,0.0,39.5,106.24333333333334,127.13,72.0,100.0,70.0,70.0,72.0,71.21,67.0,69.0,68.0,68.0,1597
2025-02-16 15:00:00,125.71666666666664,0.0,39.5,105.89,127.13,72.0,100.0,70.0,70.0,72.0,71.24,67.0,69.0,68.0,68.0,1598
2025-02-16 15:15:00,125.01,0.0,39.5,106.13333333333333,127.13,72.0,100.0,70.0,70.0,72.0,71.28333333333333,67.0,69.0,68.0,68.0,1599
2025-02-16 15:30:00,125.01,0.0,39.5,106.21,127.13,72.0,100.0,70.0,70.0,72.0,71.35666666666667,67.0,69.0,68.0,68.0,1600
2025-02-16 15:45:00,124.30666666666669,0.0,39.5,106.51,127.13,72.0,100.0,70.0,70.0,72.0,71.37666666666667,67.0,69.0,68.0,68.0,1601
2025-02-16 16:00:00,124.30666666666669,0.0,40.833333333333336,106.64666666666666,127.13,72.0,100.0,70.0,70.0,72.0,71.38,67.0,69.0,68.0,68.0,1602
2025-02-16 16:15:00,125.71666666666664,0.0,41.0,106.25,127.13,72.0,100.0,70.0,70.0,72.0,71.47333333333333,67.0,69.0,68.0,68.0,1603
2025-02-16 16:30:00,126.42333333333332,0.0,41.5,106.76,127.13,72.0,100.0,70.0,70.0,72.0,71.51,67.0,69.0,68.0,68.0,1604
2025-02-16 16:45:00,125.71666666666664,0.0,41.5,106.23,127.13,72.0,100.0,70.0,70.0,72.0,71.50333333333333,67.0,69.0,68.0,68.0,1605
2025-02-16 17:00:00,125.01,0.0,41.5,106.19,127.13,72.0,100.0,70.0,70.0,72.0,71.46666666666665,67.0,69.0,68.0,68.0,1606
2025-02-16 17:15:00,127.13,0.0,41.5,105.87333333333332,127.13,72.0,100.0,70.0,70.0,72.0,71.49,67.0,69.0,68.0,68.0,1607
2025-02-16 17:30:00,125.71666666666664,0.0,41.5,105.70666666666666,127.13,72.0,100.0,70.0,70.0,72.0,71.48333333333333,67.0,69.0,68.0,68.0,1608
2025-02-16 17:45:00,127.13,0.0,41.5,105.63666666666666,127.13,72.0,100.0,70.0,70.0,72.0,71.48333333333333,67.0,69.0,68.0,68.0,1609
2025-02-16 18:00:00,126.42333333333332,0.0,41.0,105.65333333333332,127.13,72.0,100.0,70.0,70.0,72.0,71.49,67.0,69.0,68.0,68.0,1610
2025-02-16 18:15:00,127.83666666666666,0.0,40.0,105.58333333333331,127.13,72.0,100.0,70.0,70.0,72.0,71.51666666666667,67.0,69.0,68.0,68.0,1611
2025-02-16 18:30:00,127.13,0.0,40.0,105.96333333333332,127.13,72.0,100.0,70.0,70.0,72.0,71.54,67.0,69.0,68.0,68.0,1612
2025-02-16 18:45:00,126.42333333333332,0.0,39.5,105.75,127.13,72.0,100.0,70.0,70.0,72.0,71.54666666666667,67.0,69.0,68.0,68.0,1613
2025-02-16 19:00:00,127.13,0.0,39.5,105.77666666666666,127.13,72.0,100.0,70.0,70.0,72.0,71.53,67.0,69.0,68.0,68.0,1614
2025-02-16 19:15:00,125.01,0.0,39.5,105.59333333333332,127.13,72.0,100.0,70.0,70.0,72.0,71.51666666666667,67.0,69.0,68.0,68.0,1615
2025-02-16 19:30:00,125.01,0.0,39.833333333333336,105.77666666666666,127.13,72.0,100.0,70.0,70.0,72.0,71.45666666666666,67.0,69.0,68.0,68.0,1616
2025-02-16 19:45:00,125.01,0.0,40.0,105.88333333333333,127.13,72.0,100.0,70.0,70.0,72.0,71.38,67.0,69.0,68.0,68.0,1617
2025-02-16 20:00:00,125.01,0.0,40.0,105.74666666666668,127.13,72.0,100.0,70.0,70.0,72.0,71.36333333333333,67.0,69.0,68.0,68.0,1618
2025-02-16 20:15:00,124.30666666666669,0.0,40.5,105.40333333333332,127.13,72.0,100.0,70.0,70.0,72.0,71.27,67.0,69.0,68.0,68.0,1619
2025-02-16 20:30:00,125.01,0.0,41.0,105.13,127.13,72.0,100.0,70.0,70.0,72.0,71.22666666666667,67.0,69.0,68.0,68.0,1620
2025-02-16 20:45:00,125.01333333333334,0.0,41.0,105.33666666666666,127.13,72.0,100.0,70.0,70.0,72.0,71.20666666666666,67.0,69.0,68.0,68.0,1621
2025-02-16 21:00:00,126.42333333333332,0.0,41.0,105.33333333333331,127.13,72.0,100.0,70.0,70.0,72.0,71.19666666666667,67.0,69.0,68.0,68.0,1622
2025-02-16 21:15:00,124.30666666666669,0.0,41.0,105.64333333333332,127.13,72.0,100.0,70.0,70.0,72.0,71.12666666666667,67.0,69.0,68.0,68.0,1623
2025-02-16 21:30:00,126.42333333333332,0.0,41.0,106.02,127.13,72.0,100.0,70.0,70.0,72.0,71.13,67.0,69.0,68.0,68.0,1624
2025-02-16 21:45:00,126.42333333333332,0.0,41.0,105.81333333333332,127.13,72.0,100.0,70.0,70.0,72.0,71.16333333333334,67.0,69.0,68.0,68.0,1625
2025-02-16 22:00:00,127.83666666666666,0.0,40.5,105.81333333333332,127.13,72.0,100.0,70.0,70.0,72.0,71.21333333333332,67.0,69.0,68.0,68.0,1626
2025-02-16 22:15:00,126.42333333333332,0.0,40.5,105.66666666666669,127.13,72.0,100.0,70.0,70.0,72.0,71.22,67.0,69.0,68.0,68.0,1627
2025-02-16 22:30:00,127.13,0.0,40.5,105.47666666666667,127.13,72.0,100.0,70.0,70.0,72.0,71.23333333333333,67.0,69.0,68.0,68.0,1628
2025-02-16 22:45:00,127.13,0.0,40.5,105.685,127.13,72.0,100.0,70.0,70.0,72.0,71.24,67.0,69.0,68.0,68.0,1629
2025-02-16 23:00:00,127.13,0.0,40.5,105.65,127.13,72.0,100.0,70.0,70.0,72.0,71.24,67.0,69.0,68.0,68.0,1630
2025-02-16 23:15:00,125.01,0.0,40.833333333333336,105.90666666666668,127.13,72.0,100.0,70.0,70.0,72.0,71.22666666666667,67.0,69.0,68.0,68.0,1631
2025-02-16 23:30:00,125.01,0.0,41.0,105.88333333333333,127.13,72.0,100.0,70.0,70.0,72.0,71.22,67.0,69.0,68.0,68.0,1632
2025-02-16 23:45:00,125.01333333333334,0.0,41.16666666666666,105.99,127.13,72.0,100.0,70.0,70.0,72.0,71.12333333333333,67.0,69.0,68.0,68.0,1633
2025-02-17 00:00:00,125.01333333333334,0.0,41.5,105.3,127.13,72.0,100.0,70.0,70.0,72.0,71.1,67.0,69.0,68.0,68.0,1634
2025-02-17 00:15:00,125.71666666666664,0.0,41.16666666666666,105.09333333333332,127.13,72.0,100.0,70.0,70.0,72.0,71.1,67.0,69.0,68.0,68.0,1635
2025-02-17 00:30:00,127.13,0.0,41.0,105.12666666666668,127.13,72.0,100.0,70.0,70.0,72.0,71.1,67.0,69.0,68.0,68.0,1636
2025-02-17 00:45:00,125.71666666666664,0.0,41.0,105.64333333333332,127.13,72.0,100.0,70.0,70.0,72.0,71.1,67.0,69.0,68.0,68.0,1637
2025-02-17 01:00:00,125.71666666666664,0.0,41.0,105.39333333333332,127.13,72.0,100.0,70.0,70.0,72.0,71.08666666666666,67.0,69.0,68.0,68.0,1638
2025-02-17 01:15:00,124.30666666666669,0.0,41.0,105.39666666666666,127.13,72.0,100.0,70.0,70.0,72.0,71.09333333333332,67.0,69.0,68.0,68.0,1639
2025-02-17 01:30:00,126.42333333333332,0.0,41.0,105.32333333333334,127.13,72.0,100.0,70.0,70.0,72.0,71.08,67.0,69.0,68.0,68.0,1640
2025-02-17 01:45:00,125.01,0.0,41.0,105.41333333333334,127.13,72.0,100.0,70.0,70.0,72.0,71.08,67.0,69.0,68.0,68.0,1641
2025-02-17 02:00:00,127.13,0.0,41.5,104.91666666666669,127.13,72.0,100.0,70.0,70.0,72.0,71.04,67.0,69.0,68.0,68.0,1642
2025-02-17 02:15:00,126.42333333333332,0.0,41.16666666666666,105.05666666666669,127.13,72.0,100.0,70.0,70.0,72.0,70.96333333333332,67.0,69.0,68.0,68.0,1643
2025-02-17 02:30:00,129.25,0.0,41.0,105.15666666666668,127.13,72.0,100.0,70.0,70.0,72.0,70.95666666666666,67.0,69.0,68.0,68.0,1644
2025-02-17 02:45:00,126.42333333333332,0.0,39.66666666666666,104.69,127.13,72.0,100.0,70.0,70.0,72.0,70.95,67.0,69.0,68.0,68.0,1645
2025-02-17 03:00:00,125.01,0.0,39.5,105.24333333333334,127.13,72.0,100.0,70.0,70.0,72.0,70.94333333333334,67.0,69.0,68.0,68.0,1646
2025-02-17 03:15:00,125.71666666666664,0.0,39.5,104.89666666666666,127.13,72.0,100.0,70.0,70.0,72.0,70.93,67.0,69.0,68.0,68.0,1647
2025-02-17 03:30:00,125.01,0.0,39.5,105.11333333333332,127.13,72.0,100.0,70.0,70.0,72.0,70.91333333333334,67.0,69.0,68.0,68.0,1648
2025-02-17 03:45:00,125.71666666666664,0.0,39.5,104.59,127.13,72.0,100.0,70.0,70.0,72.0,70.83999999999999,67.0,69.0,68.0,68.0,1649
2025-02-17 04:00:00,124.30666666666669,0.0,40.0,105.04333333333334,127.13,72.0,100.0,70.0,70.0,72.0,70.80333333333334,67.0,69.0,68.0,68.0,1650
2025-02-17 04:15:00,126.42333333333332,0.0,41.0,104.61666666666667,127.13,72.0,100.0,70.0,70.0,72.0,70.71666666666667,67.0,69.0,68.0,68.0,1651
2025-02-17 04:30:00,126.42333333333332,0.0,41.0,104.6,127.13,72.0,100.0,70.0,70.0,72.0,70.67333333333333,67.0,69.0,68.0,68.0,1652
2025-02-17 04:45:00,127.13,0.0,41.0,104.32,127.13,72.0,100.0,70.0,70.0,72.0,70.64666666666666,67.0,69.0,68.0,68.0,1653
2025-02-17 05:00:00,127.13,0.0,41.0,104.3,127.13,72.0,100.0,70.0,70.0,72.0,70.55666666666667,67.0,69.0,68.0,68.0,1654
2025-02-17 05:15:00,128.54333333333332,0.0,40.5,103.73333333333332,127.13,72.0,100.0,70.0,70.0,72.0,70.53333333333335,67.0,69.0,68.0,68.0,1655
2025-02-17 05:30:00,127.83666666666666,0.0,39.5,103.69,127.13,72.0,100.0,70.0,70.0,72.0,70.48333333333333,67.0,69.0,68.0,68.0,1656
2025-02-17 05:45:00,127.13,0.0,39.5,103.67333333333332,127.13,72.0,100.0,70.0,70.0,72.0,70.39,67.0,69.0,68.0,68.0,1657
2025-02-17 06:00:00,125.71999999999998,0.0,39.66666666666666,103.00333333333332,127.13,72.0,100.0,70.0,70.0,72.0,70.36333333333333,67.0,69.0,68.0,68.0,1658
2025-02-17 06:15:00,126.42333333333332,0.0,42.0,103.87666666666668,127.13,72.0,100.0,70.0,70.0,72.0,70.25666666666666,67.0,69.0,68.0,68.0,1659
2025-02-17 06:30:00,127.13,0.0,42.0,103.37666666666668,127.13,72.0,100.0,70.0,70.0,72.0,70.23,67.0,69.0,68.0,68.0,1660
2025-02-17 06:45:00,126.42333333333332,0.0,42.0,103.74666666666668,127.13,72.0,100.0,70.0,70.0,72.0,70.12,67.0,69.0,68.0,68.0,1661
2025-02-17 07:00:00,125.01,0.0,42.0,103.85333333333334,127.13,72.0,100.0,70.0,70.0,72.0,70.11666666666667,67.0,69.0,68.0,68.0,1662
2025-02-17 07:15:00,126.42333333333332,0.0,42.0,104.65666666666668,127.13,72.0,100.0,70.0,70.0,72.0,70.12,67.0,69.0,68.0,68.0,1663
2025-02-17 07:30:00,127.83666666666666,0.0,40.66666666666666,103.6,127.13,72.0,100.0,70.0,70.0,72.0,70.12,67.0,69.0,68.0,68.0,1664
2025-02-17 07:45:00,126.42333333333332,0.0,40.5,103.5,127.13,72.0,100.0,70.0,70.0,72.0,70.11666666666667,67.0,69.0,68.0,68.0,1665
2025-02-17 08:00:00,126.42333333333332,0.0,40.5,103.68,127.13,72.0,100.0,70.0,70.0,72.0,70.11,67.0,69.0,68.0,68.0,1666
2025-02-17 08:15:00,126.42333333333332,0.0,40.5,103.37,127.13,72.0,100.0,70.0,70.0,72.0,70.10333333333334,67.0,69.0,68.0,68.0,1667
2025-02-17 08:30:00,125.71666666666664,0.0,40.5,103.25,127.13,72.0,100.0,70.0,70.0,72.0,70.08333333333333,67.0,69.0,68.0,68.0,1668
2025-02-17 08:45:00,127.13,0.0,40.5,103.50666666666666,127.13,72.0,100.0,70.0,70.0,72.0,69.98,67.0,69.0,68.0,68.0,1669
2025-02-17 09:00:00,128.54333333333332,0.0,40.5,103.18666666666668,127.13,72.0,100.0,70.0,70.0,72.0,69.98,67.0,69.0,68.0,68.0,1670
2025-02-17 09:15:00,126.42333333333332,0.0,40.0,103.25333333333332,127.13,72.0,100.0,70.0,70.0,72.0,69.99333333333334,67.0,69.0,68.0,68.0,1671
2025-02-17 09:30:00,126.42333333333332,0.0,40.0,103.13,127.13,72.0,100.0,70.0,70.0,72.0,69.98,67.0,69.0,68.0,68.0,1672
2025-02-17 09:45:00,126.42333333333332,0.0,39.66666666666666,103.39,127.13,72.0,100.0,70.0,70.0,72.0,69.98,67.0,69.0,68.0,68.0,1673
2025-02-17 10:00:00,125.71666666666664,0.0,39.5,103.09333333333332,127.13,72.0,100.0,70.0,70.0,72.0,69.97333333333334,67.0,69.0,68.0,68.0,1674
2025-02-17 10:15:00,125.01333333333334,0.0,40.5,103.11666666666667,127.13,72.0,100.0,70.0,70.0,72.0,69.90666666666667,67.0,69.0,68.0,68.0,1675
2025-02-17 10:30:00,125.71666666666664,0.0,41.833333333333336,103.00333333333332,127.13,72.0,100.0,70.0,70.0,72.0,69.84,67.0,69.0,68.0,68.0,1676
2025-02-17 10:45:00,125.01,0.0,41.0,102.525,127.13,72.0,100.0,70.0,70.0,72.0,69.81,67.0,69.0,68.0,68.0,1677
2025-02-17 11:00:00,127.13,0.0,40.5,102.18666666666668,127.13,72.0,100.0,70.0,70.0,72.0,69.72666666666667,67.0,69.0,68.0,68.0,1678
2025-02-17 11:15:00,127.13,0.0,40.16666666666666,101.86333333333332,127.13,72.0,100.0,70.0,70.0,72.0,69.64333333333333,67.0,69.0,68.0,68.0,1679
2025-02-17 11:30:00,125.01,0.0,41.0,102.39,127.13,72.0,100.0,70.0,70.0,72.0,69.57,67.0,69.0,68.0,68.0,1680
2025-02-17 11:45:00,125.71666666666664,0.0,41.833333333333336,102.68,127.13,72.0,100.0,70.0,70.0,72.0,69.55666666666666,67.0,69.0,68.0,68.0,1681
2025-02-17 12:00:00,127.13,0.0,41.66666666666666,102.39333333333332,127.13,72.0,100.0,70.0,70.0,72.0,69.57,67.0,69.0,68.0,68.0,1682
2025-02-17 12:15:00,127.13,0.0,40.0,102.02666666666666,127.13,72.0,100.0,70.0,70.0,72.0,69.56333333333333,67.0,69.0,68.0,68.0,1683
2025-02-17 12:30:00,125.71999999999998,0.0,40.0,102.41,127.13,72.0,100.0,70.0,70.0,72.0,69.55,67.0,69.0,68.0,68.0,1684
2025-02-17 12:45:00,127.83666666666666,0.0,41.5,102.53666666666668,127.13,72.0,100.0,70.0,70.0,72.0,69.50666666666666,67.0,69.0,68.0,68.0,1685
2025-02-17 13:00:00,127.83666666666666,0.0,40.333333333333336,102.21666666666664,127.13,72.0,100.0,70.0,70.0,72.0,69.51333333333334,67.0,69.0,68.0,68.0,1686
2025-02-17 13:15:00,128.54333333333332,0.0,39.833333333333336,101.96,127.13,72.0,100.0,70.0,70.0,72.0,69.55666666666666,67.0,69.0,68.0,68.0,1687
2025-02-17 13:30:00,126.42333333333332,0.0,39.5,102.15,127.13,72.0,100.0,70.0,70.0,72.0,69.73666666666666,67.0,69.0,68.0,68.0,1688
2025-02-17 13:45:00,127.83666666666666,0.0,39.0,102.06333333333332,127.13,72.0,100.0,70.0,70.0,72.0,69.83333333333333,67.0,69.0,68.0,68.0,1689
2025-02-17 14:00:00,126.42333333333332,0.0,39.0,102.02,127.13,72.0,100.0,70.0,70.0,72.0,69.83333333333333,67.0,69.0,68.0,68.0,1690
2025-02-17 14:15:00,125.71999999999998,0.0,41.0,102.20666666666666,127.13,72.0,100.0,70.0,70.0,72.0,69.71,67.0,69.0,68.0,68.0,1691
2025-02-17 14:30:00,127.83666666666666,0.0,39.66666666666666,102.06666666666666,127.13,72.0,100.0,70.0,70.0,72.0,69.84333333333333,67.0,69.0,68.0,68.0,1692
2025-02-17 14:45:00,126.42333333333332,0.0,39.0,101.84666666666668,127.13,72.0,100.0,70.0,70.0,72.0,69.95,67.0,69.0,68.0,68.0,1693
2025-02-17 15:00:00,126.42333333333332,0.0,38.5,101.99333333333334,127.13,72.0,100.0,70.0,70.0,72.0,70.14666666666666,67.0,69.0,68.0,68.0,1694
2025-02-17 15:15:00,127.13,0.0,38.333333333333336,102.16,127.13,72.0,100.0,70.0,70.0,72.0,70.00333333333333,67.0,69.0,68.0,68.0,1695
2025-02-17 15:30:00,125.01,0.0,38.0,102.42666666666668,127.13,72.0,100.0,70.0,70.0,72.0,70.11,67.0,69.0,68.0,68.0,1696
2025-02-17 15:45:00,126.42333333333332,0.0,38.0,102.20666666666666,127.13,72.0,100.0,70.0,70.0,72.0,70.11666666666667,67.0,69.0,68.0,68.0,1697
2025-02-17 16:00:00,125.71666666666664,0.0,38.0,102.72666666666667,127.13,72.0,100.0,70.0,70.0,72.0,70.11666666666667,67.0,69.0,68.0,68.0,1698
2025-02-17 16:15:00,127.13,0.0,37.66666666666666,102.95,127.13,72.0,100.0,70.0,70.0,72.0,70.23666666666666,67.0,69.0,68.0,68.0,1699
2025-02-17 16:30:00,125.01,0.0,37.5,103.40666666666664,127.13,72.0,100.0,70.0,70.0,72.0,70.33666666666666,67.0,69.0,68.0,68.0,1700
2025-02-17 16:45:00,127.13,0.0,37.5,102.99,127.13,72.0,100.0,70.0,70.0,72.0,70.40333333333332,67.0,69.0,68.0,68.0,1701
2025-02-17 17:00:00,127.13,0.0,37.5,103.19,127.13,72.0,100.0,70.0,70.0,72.0,70.52,67.0,69.0,68.0,68.0,1702
2025-02-17 17:15:00,125.71666666666664,0.0,37.5,103.38666666666666,127.13,72.0,100.0,70.0,70.0,72.0,70.63666666666667,67.0,69.0,68.0,68.0,1703
2025-02-17 17:30:00,126.42333333333332,0.0,37.5,103.88,127.13,72.0,100.0,70.0,70.0,72.0,70.71666666666667,67.0,69.0,68.0,68.0,1704
2025-02-17 17:45:00,126.42333333333332,0.0,37.5,104.03333333333336,127.13,72.0,100.0,70.0,70.0,72.0,70.83333333333333,67.0,69.0,68.0,68.0,1705
2025-02-17 18:00:00,127.13,0.0,37.5,103.8,127.13,72.0,100.0,70.0,70.0,72.0,70.94,67.0,69.0,68.0,68.0,1706
2025-02-17 18:15:00,127.13,0.0,37.5,104.07333333333334,127.13,72.0,100.0,70.0,70.0,72.0,71.03666666666668,67.0,69.0,68.0,68.0,1707
2025-02-17 18:30:00,127.13,0.0,37.5,104.27,127.13,72.0,100.0,70.0,70.0,72.0,71.21,67.0,69.0,68.0,68.0,1708
2025-02-17 18:45:00,126.42333333333332,0.0,37.5,104.21,127.13,72.0,100.0,70.0,70.0,72.0,71.43333333333334,67.0,69.0,68.0,68.0,1709
2025-02-17 19:00:00,126.42333333333332,0.0,37.5,103.98,127.13,72.0,100.0,70.0,70.0,72.0,71.60666666666667,67.0,69.0,68.0,68.0,1710
2025-02-17 19:15:00,127.13,0.0,36.66666666666666,103.50666666666666,127.13,72.0,100.0,70.0,70.0,72.0,71.49,67.0,69.0,68.0,68.0,1711
2025-02-17 19:30:00,125.71666666666664,0.0,36.5,103.70666666666666,127.13,72.0,100.0,70.0,70.0,72.0,71.51,67.0,69.0,68.0,68.0,1712
2025-02-17 19:45:00,126.42333333333332,0.0,36.5,103.58333333333331,127.13,72.0,100.0,70.0,70.0,72.0,71.54666666666667,67.0,69.0,68.0,68.0,1713
2025-02-17 20:00:00,126.42333333333332,0.0,36.0,103.45333333333332,127.13,72.0,100.0,70.0,70.0,72.0,71.88,67.0,69.0,68.0,68.0,1714
2025-02-17 20:15:00,127.13,0.0,35.75,103.37,127.13,72.0,100.0,70.0,70.0,72.0,71.94,67.0,69.0,68.0,68.0,1715
2025-02-17 20:30:00,125.71666666666664,0.0,36.66666666666666,103.64666666666666,127.13,72.0,100.0,70.0,70.0,72.0,71.81333333333333,67.0,69.0,68.0,68.0,1716
2025-02-17 20:45:00,126.42333333333332,0.0,37.5,103.55,127.13,72.0,100.0,70.0,70.0,72.0,71.86666666666666,67.0,69.0,68.0,68.0,1717
2025-02-17 21:00:00,126.42333333333332,3.556666666666666,37.5,103.16333333333334,125.71666666666664,72.0,97.82666666666668,70.0,70.0,72.0,72.06333333333333,67.0,69.0,68.0,68.0,1718
2025-02-17 21:15:00,124.30666666666669,24.66,37.5,101.51666666666668,125.01,72.0,84.06,70.0,70.0,72.0,72.63,67.0,69.0,68.0,68.0,1719
2025-02-17 21:30:00,125.71666666666664,35.693333333333335,37.5,97.56666666666666,125.01,72.0,75.04333333333334,70.0,70.0,72.0,72.79333333333334,67.0,69.0,68.0,68.0,1720
2025-02-17 21:45:00,127.13,25.933333333333334,36.333333333333336,98.21666666666664,125.01,72.0,79.0,70.0,70.0,72.0,72.34666666666668,67.0,69.0,68.0,68.0,1721
2025-02-17 22:00:00,126.42333333333332,23.096666666666664,35.5,99.18333333333334,125.01,72.0,79.90666666666668,70.0,70.0,72.0,72.21,67.0,69.0,68.0,68.0,1722
2025-02-17 22:15:00,127.13,16.996666666666666,35.0,99.63666666666666,125.01,72.0,83.14666666666666,70.0,70.0,72.0,72.01,67.0,69.0,68.0,68.0,1723
2025-02-17 22:30:00,125.01333333333334,8.776666666666666,34.5,101.73666666666668,125.01,72.0,88.37,70.0,70.0,72.0,71.78666666666668,67.0,69.0,68.0,68.0,1724
2025-02-17 22:45:00,125.71666666666664,1.7933333333333332,36.5,103.33666666666666,125.01,72.0,93.91,70.0,70.0,72.0,71.60666666666667,67.0,69.0,68.0,68.0,1725
2025-02-17 23:00:00,126.42333333333332,0.0,36.5,103.09,126.42333333333332,72.0,99.36666666666667,70.0,70.0,72.0,71.41333333333334,67.0,69.0,68.0,68.0,1726
2025-02-17 23:15:00,125.01333333333334,0.0,37.0,103.21666666666664,127.13,72.0,100.0,70.0,70.0,72.0,71.27666666666666,67.0,69.0,68.0,68.0,1727
2025-02-17 23:30:00,125.01,0.0,37.5,102.96333333333332,127.13,72.0,100.0,70.0,70.0,72.0,71.13333333333333,67.0,69.0,68.0,68.0,1728
2025-02-17 23:45:00,124.30666666666669,0.0,37.5,102.98,127.13,72.0,100.0,70.0,70.0,72.0,71.05666666666667,67.0,69.0,68.0,68.0,1729
2025-02-18 00:00:00,125.01,0.0,38.16666666666666,103.2,127.13,72.0,100.0,70.0,70.0,72.0,70.98,67.0,69.0,68.0,68.0,1730
2025-02-18 00:15:00,124.30666666666669,0.0,38.5,103.28666666666668,127.13,72.0,100.0,70.0,70.0,72.0,70.77666666666667,67.0,69.0,68.0,68.0,1731
2025-02-18 00:30:00,123.60333333333334,0.0,38.833333333333336,103.06333333333332,127.13,72.0,100.0,70.0,70.0,72.0,70.76,67.0,69.0,68.0,68.0,1732
2025-02-18 00:45:00,124.30666666666669,0.0,39.16666666666666,103.42333333333332,127.13,72.0,100.0,70.0,70.0,72.0,71.02333333333333,67.0,69.0,68.0,68.0,1733
2025-02-18 01:00:00,125.01,0.0,39.5,103.34666666666664,127.13,72.0,100.0,70.0,70.0,72.0,70.95,67.0,69.0,68.0,68.0,1734
2025-02-18 01:15:00,124.30666666666669,0.0,40.0,103.69,127.13,72.0,100.0,70.0,70.0,72.0,70.93333333333334,67.0,69.0,68.0,68.0,1735
2025-02-18 01:30:00,127.13,0.0,41.833333333333336,103.70333333333332,127.13,72.0,100.0,70.0,70.0,72.0,70.81666666666666,67.0,69.0,68.0,68.0,1736
2025-02-18 01:45:00,127.13,0.0,40.16666666666666,103.11,127.13,72.0,100.0,70.0,70.0,72.0,70.68,67.0,69.0,68.0,68.0,1737
2025-02-18 02:00:00,127.13,0.0,39.66666666666666,102.85666666666668,127.13,72.0,100.0,70.0,70.0,72.0,70.60333333333334,67.0,69.0,68.0,68.0,1738
2025-02-18 02:15:00,128.54333333333332,0.0,39.16666666666666,103.06333333333332,127.13,72.0,100.0,70.0,70.0,72.0,70.53333333333335,67.0,69.0,68.0,68.0,1739
2025-02-18 02:30:00,126.42333333333332,0.0,39.0,102.99333333333334,127.13,72.0,100.0,70.0,70.0,72.0,70.46,67.0,69.0,68.0,68.0,1740
2025-02-18 02:45:00,125.71666666666664,0.0,38.5,103.19666666666669,127.13,72.0,100.0,70.0,70.0,72.0,70.38333333333333,67.0,69.0,68.0,68.0,1741
2025-02-18 03:00:00,127.13,0.0,40.5,103.67666666666666,127.13,72.0,100.0,70.0,70.0,72.0,70.33999999999999,67.0,69.0,68.0,68.0,1742
2025-02-18 03:15:00,125.01333333333334,0.0,41.0,103.84,127.13,72.0,100.0,70.0,70.0,72.0,70.27,67.0,69.0,68.0,68.0,1743
2025-02-18 03:30:00,127.83666666666666,0.0,40.333333333333336,103.80333333333331,127.13,72.0,100.0,70.0,70.0,72.0,70.27666666666666,67.0,69.0,68.0,68.0,1744
2025-02-18 03:45:00,127.13,0.0,39.5,103.67,127.13,72.0,100.0,70.0,70.0,72.0,70.26333333333334,67.0,69.0,68.0,68.0,1745
2025-02-18 04:00:00,126.42333333333332,0.0,39.5,103.60333333333334,127.13,72.0,100.0,70.0,70.0,72.0,70.25666666666666,67.0,69.0,68.0,68.0,1746
2025-02-18 04:15:00,127.13,0.0,39.0,103.29333333333334,127.13,72.0,100.0,70.0,70.0,72.0,70.23666666666666,67.0,69.0,68.0,68.0,1747
2025-02-18 04:30:00,127.13,0.0,38.66666666666666,103.17,127.13,72.0,100.0,70.0,70.0,72.0,70.22333333333334,67.0,69.0,68.0,68.0,1748
2025-02-18 04:45:00,126.42333333333332,0.0,38.5,103.19333333333331,127.13,72.0,100.0,70.0,70.0,72.0,70.23666666666666,67.0,69.0,68.0,68.0,1749
2025-02-18 05:00:00,126.42333333333332,0.0,38.5,103.25666666666666,127.13,72.0,100.0,70.0,70.0,72.0,70.21666666666665,67.0,69.0,68.0,68.0,1750
2025-02-18 05:15:00,125.71666666666664,0.0,38.333333333333336,103.37333333333332,127.13,72.0,100.0,70.0,70.0,72.0,70.21666666666665,67.0,69.0,68.0,68.0,1751
2025-02-18 05:30:00,125.71666666666664,0.0,38.5,103.26333333333332,127.13,72.0,100.0,70.0,70.0,72.0,70.23666666666666,67.0,69.0,68.0,68.0,1752
2025-02-18 05:45:00,125.01333333333334,0.0,38.5,102.69,127.13,72.0,100.0,70.0,70.0,72.0,70.23,67.0,69.0,68.0,68.0,1753
2025-02-18 06:00:00,127.13,0.0,38.5,102.47666666666667,127.13,72.0,100.0,70.0,70.0,72.0,70.21666666666665,67.0,69.0,68.0,68.0,1754
2025-02-18 06:15:00,127.13,0.0,38.5,102.53,127.13,72.0,100.0,70.0,70.0,72.0,70.18666666666667,67.0,69.0,68.0,68.0,1755
2025-02-18 06:30:00,127.83666666666666,0.0,38.5,102.60333333333334,127.13,72.0,100.0,70.0,70.0,72.0,70.20666666666666,67.0,69.0,68.0,68.0,1756
2025-02-18 06:45:00,126.42333333333332,0.0,38.5,102.34,127.13,72.0,100.0,70.0,70.0,72.0,70.12,67.0,69.0,68.0,68.0,1757
2025-02-18 07:00:00,125.71666666666664,0.0,38.5,102.45333333333332,127.13,72.0,100.0,70.0,70.0,72.0,70.12,67.0,69.0,68.0,68.0,1758
2025-02-18 07:15:00,126.42333333333332,0.0,38.5,102.62666666666668,127.13,72.0,100.0,70.0,70.0,72.0,70.11,67.0,69.0,68.0,68.0,1759
2025-02-18 07:30:00,127.13,0.0,38.5,102.81333333333332,127.13,72.0,100.0,70.0,70.0,72.0,70.11333333333333,67.0,69.0,68.0,68.0,1760
2025-02-18 07:45:00,127.83666666666666,0.0,38.5,102.66666666666669,127.13,72.0,100.0,70.0,70.0,72.0,70.11,67.0,69.0,68.0,68.0,1761
2025-02-18 08:00:00,126.42333333333332,0.0,38.0,102.84333333333332,127.13,72.0,100.0,70.0,70.0,72.0,70.08333333333333,67.0,69.0,68.0,68.0,1762
2025-02-18 08:15:00,127.13,0.0,38.0,102.36,127.13,72.0,100.0,70.0,70.0,72.0,70.05666666666666,67.0,69.0,68.0,68.0,1763
2025-02-18 08:30:00,127.83666666666666,0.0,38.0,102.34333333333332,127.13,72.0,100.0,70.0,70.0,72.0,70.02333333333333,67.0,69.0,68.0,68.0,1764
2025-02-18 08:45:00,127.13,0.0,38.0,102.34,127.13,72.0,100.0,70.0,70.0,72.0,69.98,67.0,69.0,68.0,68.0,1765
2025-02-18 09:00:00,127.83666666666666,0.0,38.0,101.99666666666668,127.13,72.0,100.0,70.0,70.0,72.0,69.95333333333333,67.0,69.0,68.0,68.0,1766
2025-02-18 09:15:00,125.71666666666664,0.0,38.0,102.22333333333334,127.13,72.0,100.0,70.0,70.0,72.0,69.86999999999999,67.0,69.0,68.0,68.0,1767
2025-02-18 09:30:00,125.01,0.0,38.0,102.3,127.13,72.0,100.0,70.0,70.0,72.0,69.84333333333333,67.0,69.0,68.0,68.0,1768
2025-02-18 09:45:00,127.13,0.0,38.0,101.69666666666669,127.13,72.0,100.0,70.0,70.0,72.0,69.81333333333333,67.0,69.0,68.0,68.0,1769
2025-02-18 10:00:00,126.42333333333332,0.0,37.66666666666666,101.81666666666666,127.13,72.0,100.0,70.0,70.0,72.0,69.71,67.0,69.0,68.0,68.0,1770
2025-02-18 10:15:00,125.71666666666664,0.0,37.5,101.92333333333332,127.13,72.0,100.0,70.0,70.0,72.0,69.69666666666666,67.0,69.0,68.0,68.0,1771
2025-02-18 10:30:00,126.42333333333332,0.0,37.5,101.76333333333334,127.13,72.0,100.0,70.0,70.0,72.0,69.67,67.0,69.0,68.0,68.0,1772
2025-02-18 10:45:00,126.42333333333332,0.0,37.5,101.84666666666668,127.13,72.0,100.0,70.0,70.0,72.0,69.59333333333332,67.0,69.0,68.0,68.0,1773
2025-02-18 11:00:00,125.71666666666664,0.0,37.5,102.01,127.13,72.0,100.0,70.0,70.0,72.0,69.57333333333332,67.0,69.0,68.0,68.0,1774
2025-02-18 11:15:00,125.71666666666664,0.0,37.5,101.93666666666668,127.13,72.0,100.0,70.0,70.0,72.0,69.60000000000001,67.0,69.0,68.0,68.0,1775
2025-02-18 11:30:00,126.42333333333332,0.0,37.5,101.22333333333331,127.13,72.0,100.0,70.0,70.0,72.0,69.57,67.0,69.0,68.0,68.0,1776
2025-02-18 11:45:00,127.13,0.0,37.5,101.25,127.13,72.0,100.0,70.0,70.0,72.0,69.56333333333333,67.0,69.0,68.0,68.0,1777
2025-02-18 12:00:00,125.01333333333334,0.0,38.0,101.5,127.13,72.0,100.0,70.0,70.0,72.0,69.55666666666666,67.0,69.0,68.0,68.0,1778
2025-02-18 12:15:00,125.71666666666664,0.0,39.5,101.78666666666668,127.13,72.0,100.0,70.0,70.0,72.0,69.57,67.0,69.0,68.0,68.0,1779
2025-02-18 12:30:00,125.71666666666664,0.0,39.5,101.72333333333334,127.13,72.0,100.0,70.0,70.0,72.0,69.57,67.0,69.0,68.0,68.0,1780
2025-02-18 12:45:00,125.71666666666664,0.0,39.66666666666666,101.99,127.13,72.0,100.0,70.0,70.0,72.0,69.57,67.0,69.0,68.0,68.0,1781
2025-02-18 13:00:00,126.42333333333332,0.0,41.833333333333336,102.60333333333334,127.13,72.0,100.0,70.0,70.0,72.0,69.58666666666666,67.0,69.0,68.0,68.0,1782
2025-02-18 13:15:00,126.42333333333332,0.0,39.833333333333336,101.99666666666668,127.13,72.0,100.0,70.0,70.0,72.0,69.67666666666666,67.0,69.0,68.0,68.0,1783
2025-02-18 13:30:00,126.42333333333332,0.0,39.0,101.87,127.13,72.0,100.0,70.0,70.0,72.0,69.78333333333332,67.0,69.0,68.0,68.0,1784
2025-02-18 13:45:00,128.54333333333332,0.0,38.5,101.36666666666667,127.13,72.0,100.0,70.0,70.0,72.0,69.96333333333332,67.0,69.0,68.0,68.0,1785
2025-02-18 14:00:00,127.13,0.0,38.5,101.35666666666668,127.13,72.0,100.0,70.0,70.0,72.0,70.11666666666667,67.0,69.0,68.0,68.0,1786
2025-02-18 14:15:00,126.42333333333332,0.0,38.5,101.12666666666668,127.13,72.0,100.0,70.0,70.0,72.0,70.2,67.0,69.0,68.0,68.0,1787
2025-02-18 14:30:00,125.71999999999998,0.0,38.333333333333336,101.08333333333331,127.13,72.0,100.0,70.0,70.0,72.0,70.34666666666666,67.0,69.0,68.0,68.0,1788
2025-02-18 14:45:00,127.13,0.0,38.0,100.63666666666666,127.13,72.0,100.0,70.0,70.0,72.0,70.36666666666666,67.0,69.0,68.0,68.0,1789
2025-02-18 15:00:00,127.13,0.0,38.0,100.7,127.13,72.0,100.0,70.0,70.0,72.0,70.36666666666666,67.0,69.0,68.0,68.0,1790
2025-02-18 15:15:00,126.42333333333332,0.0,38.0,100.62666666666668,127.13,72.0,100.0,70.0,70.0,72.0,70.29,67.0,69.0,68.0,68.0,1791
2025-02-18 15:30:00,125.71666666666664,0.0,38.0,100.93333333333334,127.13,72.0,100.0,70.0,70.0,72.0,70.42333333333333,67.0,69.0,68.0,68.0,1792
2025-02-18 15:45:00,125.01,0.0,38.0,101.45666666666666,127.13,72.0,100.0,70.0,70.0,72.0,70.46666666666667,67.0,69.0,68.0,68.0,1793
2025-02-18 16:00:00,125.01,0.0,38.833333333333336,101.68666666666668,127.13,72.0,100.0,70.0,70.0,72.0,70.52666666666667,67.0,69.0,68.0,68.0,1794
2025-02-18 16:15:00,126.42666666666666,0.0,39.833333333333336,101.40666666666668,127.13,72.0,100.0,70.0,70.0,72.0,70.65,67.0,69.0,68.0,68.0,1795
2025-02-18 16:30:00,126.42333333333332,0.0,39.66666666666666,101.47666666666667,127.13,72.0,100.0,70.0,70.0,72.0,70.76,67.0,69.0,68.0,68.0,1796
2025-02-18 16:45:00,127.83666666666666,0.0,39.333333333333336,101.33333333333331,127.13,72.0,100.0,70.0,70.0,72.0,70.90666666666668,67.0,69.0,68.0,68.0,1797
2025-02-18 17:00:00,127.13,0.0,38.16666666666666,101.50333333333332,127.13,72.0,100.0,70.0,70.0,72.0,71.08333333333333,67.0,69.0,68.0,68.0,1798
2025-02-18 17:15:00,125.71666666666664,0.0,38.0,101.78666666666668,127.13,72.0,100.0,70.0,70.0,72.0,71.31666666666666,67.0,69.0,68.0,68.0,1799
2025-02-18 17:30:00,127.13,0.0,38.0,102.00333333333332,127.13,72.0,100.0,70.0,70.0,72.0,71.53666666666668,67.0,69.0,68.0,68.0,1800
2025-02-18 17:45:00,127.13,0.0,38.0,101.72666666666667,127.13,72.0,100.0,70.0,70.0,72.0,71.66333333333334,67.0,69.0,68.0,68.0,1801
2025-02-18 18:00:00,127.83666666666666,0.0,38.0,101.57666666666668,127.13,72.0,100.0,70.0,70.0,72.0,71.8,67.0,69.0,68.0,68.0,1802
2025-02-18 18:15:00,126.42333333333332,0.0533333333333333,37.66666666666666,101.59,127.13,72.0,99.95,70.0,70.0,72.0,71.91333333333334,67.0,69.0,68.0,68.0,1803
2025-02-18 18:30:00,127.13,0.0,37.5,101.71333333333332,127.13,72.0,100.0,70.0,70.0,72.0,71.94,67.0,69.0,68.0,68.0,1804
2025-02-18 18:45:00,125.71666666666664,2.3200000000000003,37.5,101.76666666666668,125.01,72.0,98.48666666666666,70.0,70.0,72.0,72.04333333333334,67.0,69.0,68.0,68.0,1805
2025-02-18 19:00:00,125.71666666666664,1.9266666666666663,37.5,102.16666666666669,125.71666666666664,72.0,98.66333333333334,70.0,70.0,72.0,72.01333333333334,67.0,69.0,68.0,68.0,1806
2025-02-18 19:15:00,125.71666666666664,0.0,37.5,101.87666666666668,127.13,72.0,100.0,70.0,70.0,72.0,71.90666666666667,67.0,69.0,68.0,68.0,1807
2025-02-18 19:30:00,126.42333333333332,0.0,37.5,101.76333333333334,127.13,72.0,100.0,70.0,70.0,72.0,71.81,67.0,69.0,68.0,68.0,1808
2025-02-18 19:45:00,125.01333333333332,0.0,37.5,101.90000000000002,127.13,72.0,100.0,70.0,70.0,72.0,71.75,67.0,69.0,68.0,68.0,1809
2025-02-18 20:00:00,124.30666666666669,0.0,38.333333333333336,102.62666666666668,127.13,72.0,100.0,70.0,70.0,72.0,71.7,67.0,69.0,68.0,68.0,1810
2025-02-18 20:15:00,126.42333333333332,0.0,39.0,102.46,127.13,72.0,100.0,70.0,70.0,72.0,71.89333333333333,67.0,69.0,68.0,68.0,1811
2025-02-18 20:30:00,127.83666666666666,1.08,38.0,102.15666666666668,125.01,72.0,99.32,70.0,70.0,72.0,72.01333333333334,67.0,69.0,68.0,68.0,1812
2025-02-18 20:45:00,126.42333333333332,0.0,37.0,102.34,127.13,72.0,100.0,70.0,70.0,72.0,71.87666666666667,67.0,69.0,68.0,68.0,1813
2025-02-18 21:00:00,126.42333333333332,0.0,37.0,102.49666666666668,127.13,72.0,100.0,70.0,70.0,72.0,71.78666666666668,67.0,69.0,68.0,68.0,1814
2025-02-18 21:15:00,127.13,0.0,37.0,102.64333333333332,127.13,72.0,100.0,70.0,70.0,72.0,71.78,67.0,69.0,68.0,68.0,1815
2025-02-18 21:30:00,128.54333333333332,0.0,36.66666666666666,102.08333333333331,127.13,72.0,100.0,70.0,70.0,72.0,71.72000000000001,67.0,69.0,68.0,68.0,1816
2025-02-18 21:45:00,127.13,0.0,36.16666666666666,102.09666666666668,127.13,72.0,100.0,70.0,70.0,72.0,71.64666666666666,67.0,69.0,68.0,68.0,1817
2025-02-18 22:00:00,125.71999999999998,0.0,36.5,102.35666666666668,127.13,72.0,100.0,70.0,70.0,72.0,71.52333333333333,67.0,69.0,68.0,68.0,1818
2025-02-18 22:15:00,126.42333333333332,0.0,37.5,101.98,127.13,72.0,100.0,70.0,70.0,72.0,71.32333333333332,67.0,69.0,68.0,68.0,1819
2025-02-18 22:30:00,124.30666666666669,0.0,37.833333333333336,102.06,127.13,72.0,100.0,70.0,70.0,72.0,71.17666666666666,67.0,69.0,68.0,68.0,1820
2025-02-18 22:45:00,125.71666666666664,0.0,38.0,102.21,127.13,72.0,100.0,70.0,70.0,72.0,71.04333333333334,67.0,69.0,68.0,68.0,1821
2025-02-18 23:00:00,126.42333333333332,0.0,38.333333333333336,102.05666666666669,127.13,72.0,100.0,70.0,70.0,72.0,70.91000000000001,67.0,69.0,68.0,68.0,1822
2025-02-18 23:15:00,125.01,0.0,38.833333333333336,102.18666666666668,127.13,72.0,100.0,70.0,70.0,72.0,70.76,67.0,69.0,68.0,68.0,1823
2025-02-18 23:30:00,125.71666666666664,0.0,39.0,102.05666666666669,127.13,72.0,100.0,70.0,70.0,72.0,70.67,67.0,69.0,68.0,68.0,1824
2025-02-18 23:45:00,126.42333333333332,0.0,39.0,101.84,127.13,72.0,100.0,70.0,70.0,72.0,70.61333333333334,67.0,69.0,68.0,68.0,1825
2025-02-19 00:00:00,125.71666666666664,0.0,39.0,102.01333333333334,127.13,72.0,100.0,70.0,70.0,72.0,70.54,67.0,69.0,68.0,68.0,1826
2025-02-19 00:15:00,124.30666666666669,0.0,39.16666666666666,102.29,127.13,72.0,100.0,70.0,70.0,72.0,70.54,67.0,69.0,68.0,68.0,1827
2025-02-19 00:30:00,126.42333333333332,0.0,39.5,102.59666666666668,127.13,72.0,100.0,70.0,70.0,72.0,70.58,67.0,69.0,68.0,68.0,1828
2025-02-19 00:45:00,125.01,0.0,39.66666666666666,102.9,127.13,72.0,100.0,70.0,70.0,72.0,70.55666666666667,67.0,69.0,68.0,68.0,1829
2025-02-19 01:00:00,126.42333333333332,0.0,40.0,102.55,127.13,72.0,100.0,70.0,70.0,72.0,70.64,67.0,69.0,68.0,68.0,1830
2025-02-19 01:15:00,125.01,0.0,40.0,102.71999999999998,127.13,72.0,100.0,70.0,70.0,72.0,70.81,67.0,69.0,68.0,68.0,1831
2025-02-19 01:30:00,125.01,0.0,40.333333333333336,102.69666666666666,127.13,72.0,100.0,70.0,70.0,72.0,70.71666666666668,67.0,69.0,68.0,68.0,1832
2025-02-19 01:45:00,127.13,0.0,40.333333333333336,102.55333333333334,127.13,72.0,100.0,70.0,70.0,72.0,70.66666666666667,67.0,69.0,68.0,68.0,1833
2025-02-19 02:00:00,127.13,0.0,40.0,102.21666666666664,127.13,72.0,100.0,70.0,70.0,72.0,70.58666666666666,67.0,69.0,68.0,68.0,1834
2025-02-19 02:15:00,127.13,0.0,39.16666666666666,102.16333333333334,127.13,72.0,100.0,70.0,70.0,72.0,70.31666666666666,67.0,69.0,68.0,68.0,1835
2025-02-19 02:30:00,125.71666666666664,0.0,39.0,102.00666666666666,127.13,72.0,100.0,70.0,70.0,72.0,69.49333333333333,67.0,69.0,68.0,68.0,1836
2025-02-19 02:45:00,126.42333333333332,0.0,38.66666666666666,102.18,127.13,72.0,100.0,70.0,70.0,72.0,69.11,67.0,69.0,68.0,68.0,1837
2025-02-19 03:00:00,126.42666666666666,0.0,38.5,102.18,127.13,72.0,100.0,70.0,70.0,72.0,68.83333333333333,67.0,69.0,68.0,68.0,1838
2025-02-19 03:15:00,127.13,0.0,38.5,102.12,127.13,72.0,100.0,70.0,70.0,72.0,68.59333333333333,67.0,69.0,68.0,68.0,1839
2025-02-19 03:30:00,127.83666666666666,0.0,38.5,102.26333333333334,127.13,72.0,100.0,70.0,70.0,72.0,68.39999999999999,67.0,69.0,68.0,68.0,1840
2025-02-19 03:45:00,127.83666666666666,0.0,38.5,102.31666666666666,127.13,72.0,100.0,70.0,70.0,72.0,68.23,67.0,69.0,68.0,68.0,1841
2025-02-19 04:00:00,125.71999999999998,0.0,38.5,102.10333333333334,127.13,72.0,100.0,70.0,70.0,72.0,68.07,67.0,69.0,68.0,68.0,1842
2025-02-19 04:15:00,127.13,0.0,38.5,102.01666666666668,127.13,72.0,100.0,70.0,70.0,72.0,67.86,67.0,69.0,68.0,68.0,1843
2025-02-19 04:30:00,125.71666666666664,0.0,38.5,101.95333333333332,127.13,72.0,100.0,70.0,70.0,72.0,67.76,67.0,69.0,68.0,68.0,1844
2025-02-19 04:45:00,125.71666666666664,0.0,38.5,101.99666666666668,127.13,72.0,100.0,70.0,70.0,72.0,67.59333333333333,67.0,69.0,68.0,68.0,1845
2025-02-19 05:00:00,125.01333333333334,0.0,38.5,102.02333333333333,127.13,72.0,100.0,70.0,70.0,72.0,67.44,67.0,69.0,68.0,68.0,1846
2025-02-19 05:15:00,124.30666666666669,0.0,39.0,102.36666666666667,127.13,72.0,100.0,70.0,70.0,72.0,67.32,67.0,69.0,68.0,68.0,1847
2025-02-19 05:30:00,125.01333333333334,0.0,40.0,101.90666666666668,127.13,72.0,100.0,70.0,70.0,72.0,67.18666666666667,67.0,69.0,68.0,68.0,1848
2025-02-19 05:45:00,126.42333333333332,0.0,40.0,101.75333333333332,127.13,72.0,100.0,70.0,70.0,72.0,67.02333333333333,67.0,69.0,68.0,68.0,1849
2025-02-19 06:00:00,125.01,0.0,40.0,101.79666666666668,127.13,72.0,100.0,70.0,70.0,72.0,66.92,67.0,69.0,68.0,68.0,1850
2025-02-19 06:15:00,126.42333333333332,0.0,40.0,101.83,127.13,72.0,100.0,70.0,70.0,72.0,66.78666666666668,67.0,69.0,68.0,68.0,1851
2025-02-19 06:30:00,125.71666666666664,0.0,40.0,101.60666666666668,127.13,72.0,100.0,70.0,70.0,72.0,66.68,67.0,69.0,68.0,68.0,1852
2025-02-19 06:45:00,125.71666666666664,0.0,40.0,101.51666666666668,127.13,72.0,100.0,70.0,70.0,72.0,66.60666666666667,67.0,69.0,68.0,68.0,1853
2025-02-19 07:00:00,126.42333333333332,0.0,39.5,101.34,127.13,72.0,100.0,70.0,70.0,72.0,66.48,67.0,69.0,68.0,68.0,1854
2025-02-19 07:15:00,127.13,0.0,39.5,101.42666666666666,127.13,72.0,100.0,70.0,70.0,72.0,66.41666666666667,67.0,69.0,68.0,68.0,1855
2025-02-19 07:30:00,127.13,0.0,39.5,101.58333333333331,127.13,72.0,100.0,70.0,70.0,72.0,66.37,67.0,69.0,68.0,68.0,1856
2025-02-19 07:45:00,126.42333333333332,0.0,39.5,101.37333333333332,127.13,72.0,100.0,70.0,70.0,72.0,66.30333333333334,67.0,69.0,68.0,68.0,1857
2025-02-19 08:00:00,126.42333333333332,0.0,39.333333333333336,101.38,127.13,72.0,100.0,70.0,70.0,72.0,66.21666666666665,67.0,69.0,68.0,68.0,1858
2025-02-19 08:15:00,127.13,0.0,39.0,101.23,127.13,72.0,100.0,70.0,70.0,72.0,66.17333333333333,67.0,69.0,68.0,68.0,1859
2025-02-19 08:30:00,124.30666666666669,0.0,39.0,101.49666666666668,127.13,72.0,100.0,70.0,70.0,72.0,66.14999999999999,67.0,69.0,68.0,68.0,1860
2025-02-19 08:45:00,125.71666666666664,0.0,39.5,101.73,127.13,72.0,100.0,70.0,70.0,72.0,66.08666666666666,67.0,69.0,68.0,68.0,1861
2025-02-19 09:00:00,125.71666666666664,0.0,40.16666666666666,101.63333333333333,127.13,72.0,100.0,70.0,70.0,72.0,66.04,67.0,69.0,68.0,68.0,1862
2025-02-19 09:15:00,127.83666666666666,0.0,40.0,100.96999999999998,127.13,72.0,100.0,70.0,70.0,72.0,66.0,67.0,69.0,68.0,68.0,1863
2025-02-19 09:30:00,127.13,0.0,39.16666666666666,101.12,127.13,72.0,100.0,70.0,70.0,72.0,65.92999999999999,67.0,69.0,68.0,68.0,1864
2025-02-19 09:45:00,127.13,0.0,39.0,101.21,127.13,72.0,100.0,70.0,70.0,72.0,65.90333333333332,67.0,69.0,68.0,68.0,1865
2025-02-19 10:00:00,127.13,0.0,39.0,101.21999999999998,127.13,72.0,100.0,70.0,70.0,72.0,65.88666666666667,67.0,69.0,68.0,68.0,1866
2025-02-19 10:15:00,126.42333333333332,0.0,39.0,101.52666666666666,127.13,72.0,100.0,70.0,70.0,72.0,65.85333333333334,67.0,69.0,68.0,68.0,1867
2025-02-19 10:30:00,125.01,0.0,39.0,101.32333333333334,127.13,72.0,100.0,70.0,70.0,72.0,65.78333333333335,67.0,69.0,68.0,68.0,1868
2025-02-19 10:45:00,124.30666666666669,0.0,39.16666666666666,101.73666666666666,127.13,72.0,100.0,70.0,70.0,72.0,65.77666666666666,67.0,69.0,68.0,68.0,1869
2025-02-19 11:00:00,124.30666666666669,0.0,39.5,101.24666666666668,127.13,72.0,100.0,70.0,70.0,72.0,65.73666666666666,67.0,69.0,68.0,68.0,1870
2025-02-19 11:15:00,125.01,0.0,39.5,100.94666666666669,127.13,72.0,100.0,70.0,70.0,72.0,65.66000000000001,67.0,69.0,68.0,68.0,1871
2025-02-19 11:30:00,125.71666666666664,0.0,39.5,100.73,127.13,72.0,100.0,70.0,70.0,72.0,65.64,67.0,69.0,68.0,68.0,1872
2025-02-19 11:45:00,124.30666666666669,0.0,39.5,100.88666666666666,127.13,72.0,100.0,70.0,70.0,72.0,65.62666666666667,67.0,69.0,68.0,68.0,1873
2025-02-19 12:00:00,126.42333333333332,0.0,39.5,100.90333333333332,127.13,72.0,100.0,70.0,70.0,72.0,65.54333333333334,67.0,69.0,68.0,68.0,1874
2025-02-19 12:15:00,125.71666666666664,0.0,39.5,101.06333333333332,127.13,72.0,100.0,70.0,70.0,72.0,65.52,67.0,69.0,68.0,68.0,1875
2025-02-19 12:30:00,126.42333333333332,0.0,39.5,101.15666666666668,127.13,72.0,100.0,70.0,70.0,72.0,65.52,67.0,69.0,68.0,68.0,1876
2025-02-19 12:45:00,125.01333333333334,0.0,39.5,101.39,127.13,72.0,100.0,70.0,70.0,72.0,65.54333333333334,67.0,69.0,68.0,68.0,1877
2025-02-19 13:00:00,125.01,0.0,40.16666666666666,101.54333333333334,127.13,72.0,100.0,70.0,70.0,72.0,65.61333333333333,67.0,69.0,68.0,68.0,1878
2025-02-19 13:15:00,126.42333333333332,0.0,41.0,101.48333333333332,127.13,72.0,100.0,70.0,70.0,72.0,65.7,67.0,69.0,68.0,68.0,1879
2025-02-19 13:30:00,126.42333333333332,0.0,41.0,101.17333333333332,127.13,72.0,100.0,70.0,70.0,72.0,65.98333333333333,67.0,69.0,68.0,68.0,1880
2025-02-19 13:45:00,126.42333333333332,0.0,40.5,101.39333333333332,127.13,72.0,100.0,70.0,70.0,72.0,67.22,67.0,69.0,68.0,68.0,1881
2025-02-19 14:00:00,126.42333333333332,0.0,39.333333333333336,101.39,127.13,72.0,100.0,70.0,70.0,72.0,68.09333333333332,67.0,69.0,68.0,68.0,1882
2025-02-19 14:15:00,126.42333333333332,0.0,39.0,101.40333333333336,127.13,72.0,100.0,70.0,70.0,72.0,68.58,67.0,69.0,68.0,68.0,1883
2025-02-19 14:30:00,127.83666666666666,0.0,39.0,101.45333333333332,127.13,72.0,100.0,70.0,70.0,72.0,68.99666666666667,67.0,69.0,68.0,68.0,1884
2025-02-19 14:45:00,127.13,0.0,39.0,101.68,127.13,72.0,100.0,70.0,70.0,72.0,69.40333333333332,67.0,69.0,68.0,68.0,1885
2025-02-19 15:00:00,126.42333333333332,0.0,39.0,101.57666666666668,127.13,72.0,100.0,70.0,70.0,72.0,69.72333333333334,67.0,69.0,68.0,68.0,1886
2025-02-19 15:15:00,127.13,0.0,39.0,101.32333333333332,127.13,72.0,100.0,70.0,70.0,72.0,70.02333333333333,67.0,69.0,68.0,68.0,1887
2025-02-19 15:30:00,126.42333333333332,0.0,39.0,101.99,127.13,72.0,100.0,70.0,70.0,72.0,70.20333333333333,67.0,69.0,68.0,68.0,1888
2025-02-19 15:45:00,127.83666666666666,0.0,39.0,102.31333333333332,127.13,72.0,100.0,70.0,70.0,72.0,70.46666666666667,67.0,69.0,68.0,68.0,1889
2025-02-19 16:00:00,126.42333333333332,0.0,39.0,102.71666666666664,127.13,72.0,100.0,70.0,70.0,72.0,70.80333333333334,67.0,69.0,68.0,68.0,1890
2025-02-19 16:15:00,127.13,0.0,38.66666666666666,102.62,127.13,72.0,100.0,70.0,70.0,72.0,71.11333333333333,67.0,69.0,68.0,68.0,1891
2025-02-19 16:30:00,126.42333333333332,0.0,38.5,102.34333333333332,127.13,72.0,100.0,70.0,70.0,72.0,71.24,67.0,69.0,68.0,68.0,1892
2025-02-19 16:45:00,127.13,0.0,38.5,102.54333333333334,127.13,72.0,100.0,70.0,70.0,72.0,71.33999999999999,67.0,69.0,68.0,68.0,1893
2025-02-19 17:00:00,126.42333333333332,0.0,38.5,102.74,127.13,72.0,100.0,70.0,70.0,72.0,71.59333333333332,67.0,69.0,68.0,68.0,1894
2025-02-19 17:15:00,125.71666666666664,0.0,38.16666666666666,102.81666666666666,127.13,72.0,100.0,70.0,70.0,72.0,71.83666666666666,67.0,69.0,68.0,68.0,1895
2025-02-19 17:30:00,126.42333333333332,0.0,38.0,102.95333333333332,127.13,72.0,100.0,70.0,70.0,72.0,71.88666666666667,67.0,69.0,68.0,68.0,1896
2025-02-19 17:45:00,125.71666666666664,0.0,38.0,103.01333333333332,127.13,72.0,100.0,70.0,70.0,72.0,71.80666666666666,67.0,69.0,68.0,68.0,1897
2025-02-19 18:00:00,127.13,0.0,38.0,103.17333333333332,127.13,72.0,100.0,70.0,70.0,72.0,71.80666666666666,67.0,69.0,68.0,68.0,1898
2025-02-19 18:15:00,125.01,0.0,38.0,103.09666666666664,127.13,72.0,100.0,70.0,70.0,72.0,71.8,67.0,69.0,68.0,68.0,1899
2025-02-19 18:30:00,126.42333333333332,0.0,37.66666666666666,102.80333333333334,127.13,72.0,100.0,70.0,70.0,72.0,71.84333333333332,67.0,69.0,68.0,68.0,1900
2025-02-19 18:45:00,126.42333333333332,0.1666666666666666,37.5,102.48666666666668,126.42333333333332,72.0,99.89666666666666,70.0,70.0,72.0,71.96,67.0,69.0,68.0,68.0,1901
2025-02-19 19:00:00,125.01333333333334,5.316666666666666,37.5,102.58333333333331,125.01,72.0,96.62333333333332,70.0,70.0,72.0,72.14,67.0,69.0,68.0,68.0,1902
2025-02-19 19:15:00,126.42333333333332,12.346666666666666,37.333333333333336,102.0,125.01,72.0,91.70666666666666,70.0,70.0,72.0,72.29666666666667,67.0,69.0,68.0,68.0,1903
2025-02-19 19:30:00,125.01,18.28,37.0,100.77333333333333,125.01,72.0,87.10333333333334,70.0,70.0,72.0,72.39,67.0,69.0,68.0,68.0,1904
2025-02-19 19:45:00,125.71666666666664,20.743333333333336,37.0,99.41333333333334,125.01,72.0,84.35333333333334,70.0,70.0,72.0,72.36666666666667,67.0,69.0,68.0,68.0,1905
2025-02-19 20:00:00,126.42333333333332,18.296666666666667,36.833333333333336,99.81,125.01,72.0,84.94666666666667,70.0,70.0,72.0,72.23,67.0,69.0,68.0,68.0,1906
2025-02-19 20:15:00,125.01666666666668,10.88,37.66666666666666,101.63666666666666,125.01,72.0,88.97000000000001,70.0,70.0,72.0,71.97666666666667,67.0,69.0,68.0,68.0,1907
2025-02-19 20:30:00,125.71666666666664,14.300000000000002,38.0,100.92666666666666,125.01,72.0,86.85666666666667,70.0,70.0,72.0,72.07333333333334,67.0,69.0,68.0,68.0,1908
2025-02-19 20:45:00,125.71666666666664,20.566666666666663,38.0,99.36,125.01,72.0,82.52666666666667,70.0,70.0,72.0,72.22333333333334,67.0,69.0,68.0,68.0,1909
2025-02-19 21:00:00,126.42333333333332,21.8,37.66666666666666,98.58666666666666,125.01,72.0,81.10333333333334,70.0,70.0,72.0,72.19333333333333,67.0,69.0,68.0,68.0,1910
2025-02-19 21:15:00,124.30666666666669,31.61,37.833333333333336,96.47666666666667,125.01,72.0,74.32000000000001,70.0,70.0,72.0,72.43666666666667,67.0,69.0,68.0,68.0,1911
2025-02-19 21:30:00,125.71666666666664,38.46,39.0,93.94333333333334,125.01,72.0,68.64999999999999,70.0,70.0,72.0,72.52,67.0,69.0,68.0,68.0,1912
2025-02-19 21:45:00,125.71666666666664,41.57666666666667,39.0,92.03333333333336,125.01,72.0,65.20666666666666,70.0,70.0,72.0,72.49,67.0,69.0,68.0,68.0,1913
2025-02-19 22:00:00,124.30666666666669,41.75333333333334,39.0,91.00333333333332,125.01,72.0,63.71,70.0,70.0,72.0,72.39999999999999,67.0,69.0,68.0,68.0,1914
2025-02-19 22:15:00,124.30666666666669,39.53333333333333,39.16666666666666,90.87666666666668,125.01,72.0,64.02666666666666,70.0,70.0,72.0,72.25333333333333,67.0,69.0,68.0,68.0,1915
2025-02-19 22:30:00,123.4275,39.495000000000005,39.5,90.8425,125.01,72.0,63.4125,70.0,70.0,72.0,72.1925,67.0,69.0,68.0,68.0,1916
2025-02-19 22:45:00,123.60333333333334,31.766666666666666,39.5,92.38333333333333,125.01,72.0,67.66000000000001,70.0,70.0,72.0,71.94333333333333,67.0,69.0,68.0,68.0,1917
2025-02-19 23:00:00,125.01333333333334,11.51,40.0,97.90333333333336,125.01,72.0,80.76,70.0,70.0,72.0,71.39999999999999,67.0,69.0,68.0,68.0,1918
2025-02-19 23:15:00,125.01,8.893333333333333,40.0,99.66666666666669,125.01,72.0,84.17,70.0,70.0,72.0,71.47333333333334,67.0,69.0,68.0,68.0,1919
2025-02-19 23:30:00,125.01,19.716666666666665,40.0,97.49666666666668,125.01,72.0,78.57666666666667,70.0,70.0,72.0,71.85666666666667,67.0,69.0,68.0,68.0,1920
2025-02-19 23:45:00,125.71666666666664,24.996666666666663,40.0,96.27333333333333,125.01,72.0,75.54666666666667,70.0,70.0,72.0,72.02666666666666,67.0,69.0,68.0,68.0,1921
2025-02-20 00:00:00,125.71666666666664,28.49,40.0,95.18,125.01,72.0,73.21,70.0,70.0,72.0,72.09333333333333,67.0,69.0,68.0,68.0,1922
2025-02-20 00:15:00,125.71666666666664,32.876666666666665,40.0,93.65666666666668,125.01,72.0,70.04,70.0,70.0,72.0,72.2,67.0,69.0,68.0,68.0,1923
2025-02-20 00:30:00,125.71666666666664,40.21,40.0,91.28666666666668,125.01,72.0,64.73,70.0,70.0,72.0,72.36,67.0,69.0,68.0,68.0,1924
2025-02-20 00:45:00,126.42333333333332,34.08,40.0,91.11333333333332,125.01,72.0,67.38666666666667,70.0,70.0,72.0,72.12666666666667,67.0,69.0,68.0,68.0,1925
2025-02-20 01:00:00,127.13,25.57,40.0,94.17666666666666,125.01,72.0,72.58,70.0,70.0,72.0,71.84666666666668,67.0,69.0,68.0,68.0,1926
2025-02-20 01:15:00,125.01333333333334,19.39333333333333,40.16666666666666,96.18,125.01,72.0,76.79666666666667,70.0,70.0,72.0,71.69333333333334,67.0,69.0,68.0,68.0,1927
2025-02-20 01:30:00,125.01333333333334,12.79,40.5,98.48,125.01,72.0,81.78333333333333,70.0,70.0,72.0,71.57666666666667,67.0,69.0,68.0,68.0,1928
2025-02-20 01:45:00,125.71666666666664,3.2000000000000006,40.5,100.73333333333332,125.71666666666664,72.0,91.76,70.0,70.0,72.0,71.12,67.0,69.0,68.0,68.0,1929
2025-02-20 02:00:00,126.42333333333332,0.0,40.5,102.14,127.13,72.0,100.0,70.0,70.0,72.0,69.96666666666665,67.0,69.0,68.0,68.0,1930
2025-02-20 02:15:00,125.71666666666664,0.0,40.5,102.16,127.13,72.0,100.0,70.0,70.0,72.0,69.33333333333333,67.0,69.0,68.0,68.0,1931
2025-02-20 02:30:00,126.42333333333332,0.0,40.5,102.34333333333332,127.13,72.0,100.0,70.0,70.0,72.0,68.90666666666668,67.0,69.0,68.0,68.0,1932
2025-02-20 02:45:00,126.42333333333332,0.0,40.5,101.77666666666666,127.13,72.0,100.0,70.0,70.0,72.0,69.10000000000001,67.0,69.0,68.0,68.0,1933
2025-02-20 03:00:00,127.13,0.0,39.5,101.24666666666668,127.13,72.0,100.0,70.0,70.0,72.0,69.73333333333333,67.0,69.0,68.0,68.0,1934
2025-02-20 03:15:00,127.83666666666666,0.0,39.0,101.51,127.13,72.0,100.0,70.0,70.0,72.0,69.79,67.0,69.0,68.0,68.0,1935
2025-02-20 03:30:00,126.42333333333332,0.0,39.0,101.57,127.13,72.0,100.0,70.0,70.0,72.0,68.81666666666668,67.0,69.0,68.0,68.0,1936
2025-02-20 03:45:00,127.13,0.0,39.0,101.37666666666668,127.13,72.0,100.0,70.0,70.0,72.0,68.17,67.0,69.0,68.0,68.0,1937
2025-02-20 04:00:00,126.42333333333332,0.0,39.0,101.53000000000002,127.13,72.0,100.0,70.0,70.0,72.0,67.77333333333333,67.0,69.0,68.0,68.0,1938
2025-02-20 04:15:00,126.42333333333332,0.0,39.0,101.39333333333332,127.13,72.0,100.0,70.0,70.0,72.0,67.50333333333333,67.0,69.0,68.0,68.0,1939
2025-02-20 04:30:00,126.42333333333332,0.0,39.0,101.55333333333334,127.13,72.0,100.0,70.0,70.0,72.0,67.27333333333333,67.0,69.0,68.0,68.0,1940
2025-02-20 04:45:00,127.13,0.0,39.0,101.41666666666669,127.13,72.0,100.0,70.0,70.0,72.0,67.05666666666667,67.0,69.0,68.0,68.0,1941
2025-02-20 05:00:00,127.13,0.0,38.66666666666666,100.92333333333332,127.13,72.0,100.0,70.0,70.0,72.0,66.91333333333334,67.0,69.0,68.0,68.0,1942
2025-02-20 05:15:00,128.54333333333332,0.0,38.5,101.31333333333332,127.13,72.0,100.0,70.0,70.0,72.0,66.74,67.0,69.0,68.0,68.0,1943
2025-02-20 05:30:00,125.71666666666664,0.0,38.66666666666666,102.04333333333334,127.13,72.0,100.0,70.0,70.0,72.0,66.57666666666667,67.0,69.0,68.0,68.0,1944
2025-02-20 05:45:00,125.01,0.0,39.0,102.05666666666669,127.13,72.0,100.0,70.0,70.0,72.0,66.48666666666666,67.0,69.0,68.0,68.0,1945
2025-02-20 06:00:00,124.30666666666669,0.0,39.0,102.13333333333333,127.13,72.0,100.0,70.0,70.0,72.0,66.34666666666668,67.0,69.0,68.0,68.0,1946
2025-02-20 06:15:00,124.30666666666669,0.0,39.0,101.76666666666668,127.13,72.0,100.0,70.0,70.0,72.0,66.24666666666667,67.0,69.0,68.0,68.0,1947
2025-02-20 06:30:00,127.13,0.0,39.333333333333336,101.84666666666668,127.13,72.0,100.0,70.0,70.0,72.0,66.16333333333334,67.0,69.0,68.0,68.0,1948
2025-02-20 06:45:00,125.01333333333334,0.0,39.5,102.05666666666669,127.13,72.0,100.0,70.0,70.0,72.0,66.08666666666666,67.0,69.0,68.0,68.0,1949
2025-02-20 07:00:00,124.30666666666669,0.0,40.0,102.24666666666668,127.13,72.0,100.0,70.0,70.0,72.0,66.03333333333335,67.0,69.0,68.0,68.0,1950
2025-02-20 07:15:00,125.71666666666664,0.0,40.5,101.89333333333332,127.13,72.0,100.0,70.0,70.0,72.0,66.02666666666666,67.0,69.0,68.0,68.0,1951
2025-02-20 07:30:00,125.71999999999998,0.0,40.5,101.85666666666668,127.13,72.0,100.0,70.0,70.0,72.0,65.96,67.0,69.0,68.0,68.0,1952
2025-02-20 07:45:00,126.42333333333332,0.0,40.5,101.67,127.13,72.0,100.0,70.0,70.0,72.0,65.88666666666667,67.0,69.0,68.0,68.0,1953
2025-02-20 08:00:00,125.71666666666664,0.0,40.5,101.79333333333334,127.13,72.0,100.0,70.0,70.0,72.0,65.77666666666666,67.0,69.0,68.0,68.0,1954
2025-02-20 08:15:00,125.01333333333334,0.0,40.5,101.28666666666668,127.13,72.0,100.0,70.0,70.0,72.0,65.71333333333332,67.0,69.0,68.0,68.0,1955
2025-02-20 08:30:00,126.42333333333332,0.0,40.5,101.10333333333334,127.13,72.0,100.0,70.0,70.0,72.0,65.55333333333333,67.0,69.0,68.0,68.0,1956
2025-02-20 08:45:00,125.01,0.0,41.0,101.16666666666669,127.13,72.0,100.0,70.0,70.0,72.0,65.44333333333333,67.0,69.0,68.0,68.0,1957
2025-02-20 09:00:00,126.42333333333332,0.0,41.0,101.22333333333334,127.13,72.0,100.0,70.0,70.0,72.0,65.36,67.0,69.0,68.0,68.0,1958
2025-02-20 09:15:00,126.42333333333332,0.0,40.5,100.64,127.13,72.0,100.0,70.0,70.0,72.0,65.2,67.0,69.0,68.0,68.0,1959
2025-02-20 09:30:00,127.13,0.0,39.66666666666666,100.36,127.13,72.0,100.0,70.0,70.0,72.0,65.09666666666666,67.0,69.0,68.0,68.0,1960
2025-02-20 09:45:00,127.83666666666666,0.0,39.5,100.54333333333334,127.13,72.0,100.0,70.0,70.0,72.0,65.06,67.0,69.0,68.0,68.0,1961
2025-02-20 10:00:00,127.13,0.0,39.5,100.57333333333334,127.13,72.0,100.0,70.0,70.0,72.0,64.96333333333332,67.0,69.0,68.0,68.0,1962
2025-02-20 10:15:00,125.71666666666664,0.0,39.0,100.05333333333331,127.13,72.0,100.0,70.0,70.0,72.0,64.84333333333332,67.0,69.0,68.0,68.0,1963
2025-02-20 10:30:00,127.83666666666666,0.0,39.0,99.83333333333331,127.13,72.0,100.0,70.0,70.0,72.0,64.75,67.0,69.0,68.0,68.0,1964
2025-02-20 10:45:00,127.13,0.0,39.0,99.70333333333332,127.13,72.0,100.0,70.0,70.0,72.0,64.67,67.0,69.0,68.0,68.0,1965
2025-02-20 11:00:00,127.13,0.0,39.0,99.21333333333332,127.13,72.0,100.0,70.0,70.0,72.0,64.59333333333332,67.0,69.0,68.0,68.0,1966
2025-02-20 11:15:00,126.42333333333332,0.0,38.66666666666666,99.05666666666666,127.13,72.0,100.0,70.0,70.0,72.0,64.53,67.0,69.0,68.0,68.0,1967
2025-02-20 11:30:00,125.01,0.0,39.0,99.08666666666666,127.13,72.0,100.0,70.0,70.0,72.0,64.45666666666666,67.0,69.0,68.0,68.0,1968
2025-02-20 11:45:00,125.01,0.0,39.0,99.17666666666666,127.13,72.0,100.0,70.0,70.0,72.0,64.33,67.0,69.0,68.0,68.0,1969
2025-02-20 12:00:00,124.30666666666669,0.0,39.0,99.3,127.13,72.0,100.0,70.0,70.0,72.0,64.26,67.0,69.0,68.0,68.0,1970
2025-02-20 12:15:00,125.01,0.0,39.16666666666666,99.23,127.13,72.0,100.0,70.0,70.0,72.0,64.18333333333334,67.0,69.0,68.0,68.0,1971
2025-02-20 12:30:00,124.30666666666669,0.0,39.66666666666666,99.17,127.13,72.0,100.0,70.0,70.0,72.0,64.09666666666668,67.0,69.0,68.0,68.0,1972
2025-02-20 12:45:00,124.30666666666669,0.0,40.16666666666666,98.83333333333331,127.13,72.0,100.0,70.0,70.0,72.0,63.96666666666667,67.0,69.0,68.0,68.0,1973
2025-02-20 13:00:00,125.01,0.0,40.5,98.60666666666668,127.13,72.0,100.0,70.0,70.0,72.0,63.91666666666666,67.0,69.0,68.0,68.0,1974
2025-02-20 13:15:00,126.42333333333332,0.0,40.5,98.63666666666666,127.13,72.0,100.0,70.0,70.0,72.0,63.88333333333333,67.0,69.0,68.0,68.0,1975
2025-02-20 13:30:00,127.13,0.0,40.333333333333336,98.07333333333334,127.13,72.0,100.0,70.0,70.0,72.0,63.903333333333336,67.0,69.0,68.0,68.0,1976
2025-02-20 13:45:00,127.13,0.0,39.5,98.01333333333334,127.13,72.0,100.0,70.0,70.0,72.0,65.22,67.0,69.0,68.0,68.0,1977
2025-02-20 14:00:00,127.13,0.0,39.0,98.66,127.13,72.0,100.0,70.0,70.0,72.0,66.57333333333332,67.0,69.0,68.0,68.0,1978
2025-02-20 14:15:00,126.42333333333332,0.0,38.66666666666666,98.48666666666668,127.13,72.0,100.0,70.0,70.0,72.0,67.44333333333333,67.0,69.0,68.0,68.0,1979
2025-02-20 14:30:00,125.71666666666664,0.0,38.5,98.47666666666667,127.13,72.0,100.0,70.0,70.0,72.0,68.08,67.0,69.0,68.0,68.0,1980
2025-02-20 14:45:00,125.01,0.0,38.5,98.40333333333332,127.13,72.0,100.0,70.0,70.0,72.0,68.60000000000001,67.0,69.0,68.0,68.0,1981
2025-02-20 15:00:00,124.30666666666669,0.0,39.333333333333336,98.97666666666667,127.13,72.0,100.0,70.0,70.0,72.0,68.7,67.0,69.0,68.0,68.0,1982
2025-02-20 15:15:00,124.30666666666669,0.0,40.5,99.39666666666666,127.13,72.0,100.0,70.0,70.0,72.0,68.74333333333334,67.0,69.0,68.0,68.0,1983
2025-02-20 15:30:00,126.42333333333332,0.0,40.5,99.04333333333334,127.13,72.0,100.0,70.0,70.0,72.0,69.36,67.0,69.0,68.0,68.0,1984
2025-02-20 15:45:00,127.13,0.0,40.5,99.00666666666666,127.13,72.0,100.0,70.0,70.0,72.0,69.61999999999999,67.0,69.0,68.0,68.0,1985
2025-02-20 16:00:00,127.13,0.0,40.5,98.81666666666666,127.13,72.0,100.0,70.0,70.0,72.0,69.87,67.0,69.0,68.0,68.0,1986
2025-02-20 16:15:00,126.42333333333332,0.0,40.16666666666666,99.54666666666668,127.13,72.0,100.0,70.0,70.0,72.0,70.02333333333333,67.0,69.0,68.0,68.0,1987
2025-02-20 16:30:00,127.13,0.0,39.66666666666666,99.88666666666666,127.13,72.0,100.0,70.0,70.0,72.0,70.11666666666667,67.0,69.0,68.0,68.0,1988
2025-02-20 16:45:00,127.13,0.0,39.0,100.2,127.13,72.0,100.0,70.0,70.0,72.0,70.11666666666667,67.0,69.0,68.0,68.0,1989
2025-02-20 17:00:00,127.13,0.0,39.0,100.52666666666666,127.13,72.0,100.0,70.0,70.0,72.0,70.22666666666667,67.0,69.0,68.0,68.0,1990
2025-02-20 17:15:00,125.01,0.0,39.0,100.79333333333334,127.13,72.0,100.0,70.0,70.0,72.0,70.39666666666666,67.0,69.0,68.0,68.0,1991
2025-02-20 17:30:00,124.30666666666669,0.0,39.16666666666666,101.11666666666667,127.13,72.0,100.0,70.0,70.0,72.0,70.48333333333333,67.0,69.0,68.0,68.0,1992
2025-02-20 17:45:00,125.01333333333334,0.0,41.16666666666666,102.03,127.13,72.0,100.0,70.0,70.0,72.0,70.65666666666667,67.0,69.0,68.0,68.0,1993
2025-02-20 18:00:00,127.13,0.0,40.333333333333336,101.56666666666666,127.13,72.0,100.0,70.0,70.0,72.0,70.71666666666668,67.0,69.0,68.0,68.0,1994
2025-02-20 18:15:00,127.13,0.0,39.5,101.70333333333332,127.13,72.0,100.0,70.0,70.0,72.0,70.81666666666666,67.0,69.0,68.0,68.0,1995
2025-02-20 18:30:00,125.71666666666664,0.0,39.0,101.86333333333334,127.13,72.0,100.0,70.0,70.0,72.0,70.90333333333332,67.0,69.0,68.0,68.0,1996
2025-02-20 18:45:00,127.13,0.0,39.0,102.16,127.13,72.0,100.0,70.0,70.0,72.0,70.97666666666667,67.0,69.0,68.0,68.0,1997
2025-02-20 19:00:00,125.71666666666664,0.0,38.5,102.62,127.13,72.0,100.0,70.0,70.0,72.0,71.02333333333333,67.0,69.0,68.0,68.0,1998
2025-02-20 19:15:00,125.71666666666664,0.0,38.5,102.59666666666664,127.13,72.0,100.0,70.0,70.0,72.0,71.04666666666667,67.0,69.0,68.0,68.0,1999
2025-02-20 19:30:00,122.90000000000002,0.0,39.16666666666666,102.99666666666668,127.13,72.0,100.0,70.0,70.0,72.0,71.02333333333333,67.0,69.0,68.0,68.0,2000
2025-02-20 19:45:00,127.13,0.0,40.5,102.92,127.13,72.0,100.0,70.0,70.0,72.0,70.95666666666666,67.0,69.0,68.0,68.0,2001
2025-02-20 20:00:00,126.42333333333332,0.0,38.833333333333336,102.7,127.13,72.0,100.0,70.0,70.0,72.0,70.97,67.0,69.0,68.0,68.0,2002
2025-02-20 20:15:00,127.13,0.0,38.16666666666666,102.73,127.13,72.0,100.0,70.0,70.0,72.0,71.02,67.0,69.0,68.0,68.0,2003
2025-02-20 20:30:00,127.13,0.0,37.66666666666666,102.62666666666668,127.13,72.0,100.0,70.0,70.0,72.0,71.27666666666666,67.0,69.0,68.0,68.0,2004
2025-02-20 20:45:00,127.83666666666666,0.0,37.16666666666666,102.77,127.13,72.0,100.0,70.0,70.0,72.0,71.50666666666667,67.0,69.0,68.0,68.0,2005
2025-02-20 21:00:00,126.42333333333332,0.0,36.5,102.76666666666668,127.13,72.0,100.0,70.0,70.0,72.0,71.80333333333333,67.0,69.0,68.0,68.0,2006
2025-02-20 21:15:00,127.13,0.0,36.333333333333336,102.85666666666668,127.13,72.0,100.0,70.0,70.0,72.0,71.83999999999999,67.0,69.0,68.0,68.0,2007
2025-02-20 21:30:00,126.42333333333332,0.0,35.833333333333336,102.57666666666668,127.13,72.0,100.0,70.0,70.0,72.0,71.8,67.0,69.0,68.0,68.0,2008
2025-02-20 21:45:00,128.54333333333332,1.086666666666667,35.166666666666664,102.28333333333336,126.42333333333332,72.0,99.33333333333331,70.0,70.0,72.0,71.97333333333334,67.0,69.0,68.0,68.0,2009
2025-02-20 22:00:00,126.42333333333332,1.17,35.0,102.14666666666666,126.42333333333332,72.0,99.27,70.0,70.0,72.0,71.85000000000001,67.0,69.0,68.0,68.0,2010
2025-02-20 22:15:00,127.83666666666666,0.0,34.666666666666664,101.76666666666668,127.13,72.0,100.0,70.0,70.0,72.0,71.63,67.0,69.0,68.0,68.0,2011
2025-02-20 22:30:00,126.42333333333332,0.0,34.5,101.87666666666668,127.13,72.0,100.0,70.0,70.0,72.0,71.61333333333333,67.0,69.0,68.0,68.0,2012
2025-02-20 22:45:00,125.01333333333334,0.0,35.0,101.75666666666666,127.13,72.0,100.0,70.0,70.0,72.0,71.40666666666667,67.0,69.0,68.0,68.0,2013
2025-02-20 23:00:00,124.30666666666669,0.0,36.5,101.41333333333334,127.13,72.0,100.0,70.0,70.0,72.0,71.17999999999999,67.0,69.0,68.0,68.0,2014
2025-02-20 23:15:00,125.01,0.0,37.16666666666666,101.27333333333333,127.13,72.0,100.0,70.0,70.0,72.0,70.94666666666667,67.0,69.0,68.0,68.0,2015
2025-02-20 23:30:00,126.42333333333332,0.0,37.66666666666666,101.25666666666666,127.13,72.0,100.0,70.0,70.0,72.0,70.67666666666668,67.0,69.0,68.0,68.0,2016
2025-02-20 23:45:00,124.30666666666669,0.0,38.5,101.21,127.13,72.0,100.0,70.0,70.0,72.0,70.41666666666667,67.0,69.0,68.0,68.0,2017
2025-02-21 00:00:00,125.01,0.0,39.25,101.36,127.13,72.0,100.0,70.0,70.0,72.0,70.25,67.0,69.0,68.0,68.0,2018
2025-02-21 00:15:00,128.54333333333332,0.0,40.333333333333336,100.7,127.13,72.0,100.0,70.0,70.0,72.0,69.98,67.0,69.0,68.0,68.0,2019
2025-02-21 00:30:00,127.83666666666666,0.0,39.0,100.35,127.13,72.0,100.0,70.0,70.0,72.0,69.76333333333334,67.0,69.0,68.0,68.0,2020
2025-02-21 00:45:00,126.42333333333332,0.0,38.5,100.21999999999998,127.13,72.0,100.0,70.0,70.0,72.0,69.59333333333332,67.0,69.0,68.0,68.0,2021
2025-02-21 01:00:00,126.42333333333332,0.0,38.16666666666666,100.17333333333332,127.13,72.0,100.0,70.0,70.0,72.0,69.50666666666666,67.0,69.0,68.0,68.0,2022
2025-02-21 01:15:00,126.42333333333332,0.0,38.0,100.27,127.13,72.0,100.0,70.0,70.0,72.0,69.42,67.0,69.0,68.0,68.0,2023
2025-02-21 01:30:00,125.71666666666664,0.0,38.0,100.37,127.13,72.0,100.0,70.0,70.0,72.0,69.55666666666666,67.0,69.0,68.0,68.0,2024
2025-02-21 01:45:00,125.01333333333334,0.0,38.0,100.44,127.13,72.0,100.0,70.0,70.0,72.0,69.72,67.0,69.0,68.0,68.0,2025
2025-02-21 02:00:00,125.01,0.0,38.333333333333336,100.73666666666668,127.13,72.0,100.0,70.0,70.0,72.0,69.05666666666666,67.0,69.0,68.0,68.0,2026
2025-02-21 02:15:00,125.01,0.0,39.333333333333336,100.74,127.13,72.0,100.0,70.0,70.0,72.0,68.10666666666667,67.0,69.0,68.0,68.0,2027
2025-02-21 02:30:00,126.42333333333332,0.0,39.5,100.46,127.13,72.0,100.0,70.0,70.0,72.0,67.61,67.0,69.0,68.0,68.0,2028
2025-02-21 02:45:00,125.71666666666664,0.0,39.5,100.59666666666664,127.13,72.0,100.0,70.0,70.0,72.0,67.23333333333333,67.0,69.0,68.0,68.0,2029
2025-02-21 03:00:00,125.01,0.0,39.5,100.36333333333334,127.13,72.0,100.0,70.0,70.0,72.0,66.97333333333333,67.0,69.0,68.0,68.0,2030
2025-02-21 03:15:00,127.13,0.0,39.5,100.32333333333334,127.13,72.0,100.0,70.0,70.0,72.0,66.72666666666667,67.0,69.0,68.0,68.0,2031
2025-02-21 03:30:00,125.71666666666664,0.0,39.5,100.33333333333331,127.13,72.0,100.0,70.0,70.0,72.0,66.50333333333333,67.0,69.0,68.0,68.0,2032
2025-02-21 03:45:00,125.01,0.0,39.5,100.22333333333334,127.13,72.0,100.0,70.0,70.0,72.0,66.34,67.0,69.0,68.0,68.0,2033
2025-02-21 04:00:00,126.42333333333332,0.0,39.5,100.25,127.13,72.0,100.0,70.0,70.0,72.0,66.17999999999999,67.0,69.0,68.0,68.0,2034
2025-02-21 04:15:00,125.71666666666664,0.0,39.5,100.05333333333331,127.13,72.0,100.0,70.0,70.0,72.0,66.02,67.0,69.0,68.0,68.0,2035
2025-02-21 04:30:00,127.83666666666666,0.0,39.5,99.93,127.13,72.0,100.0,70.0,70.0,72.0,65.89333333333333,67.0,69.0,68.0,68.0,2036
2025-02-21 04:45:00,128.54333333333332,0.0,39.0,99.67333333333332,127.13,72.0,100.0,70.0,70.0,72.0,65.77999999999999,67.0,69.0,68.0,68.0,2037
2025-02-21 05:00:00,126.42333333333332,0.0,38.0,99.79666666666668,127.13,72.0,100.0,70.0,70.0,72.0,65.69333333333333,67.0,69.0,68.0,68.0,2038
2025-02-21 05:15:00,125.71666666666664,0.0,38.0,100.04666666666668,127.13,72.0,100.0,70.0,70.0,72.0,65.63333333333334,67.0,69.0,68.0,68.0,2039
2025-02-21 05:30:00,125.71666666666664,0.0,38.0,100.04666666666668,127.13,72.0,100.0,70.0,70.0,72.0,65.57666666666667,67.0,69.0,68.0,68.0,2040
2025-02-21 05:45:00,125.71666666666664,0.0,38.0,99.93666666666668,127.13,72.0,100.0,70.0,70.0,72.0,65.50666666666666,67.0,69.0,68.0,68.0,2041
2025-02-21 06:00:00,124.30666666666669,0.0,38.5,100.19666666666669,127.13,72.0,100.0,70.0,70.0,72.0,65.48666666666666,67.0,69.0,68.0,68.0,2042
2025-02-21 06:15:00,123.60333333333334,0.0,39.0,100.09,127.13,72.0,100.0,70.0,70.0,72.0,65.39333333333333,67.0,69.0,68.0,68.0,2043
2025-02-21 06:30:00,125.01,0.0,39.5,99.94333333333334,127.13,72.0,100.0,70.0,70.0,72.0,65.29,67.0,69.0,68.0,68.0,2044
2025-02-21 06:45:00,125.01333333333334,0.0,39.66666666666666,100.07333333333334,127.13,72.0,100.0,70.0,70.0,72.0,65.25,67.0,69.0,68.0,68.0,2045
2025-02-21 07:00:00,124.31,0.0,40.833333333333336,100.20333333333332,127.13,72.0,100.0,70.0,70.0,72.0,65.2,67.0,69.0,68.0,68.0,2046
2025-02-21 07:15:00,127.13,0.0,39.333333333333336,99.49,127.13,72.0,100.0,70.0,70.0,72.0,65.12,67.0,69.0,68.0,68.0,2047
2025-02-21 07:30:00,128.54333333333332,0.0,38.833333333333336,99.36,127.13,72.0,100.0,70.0,70.0,72.0,65.09333333333332,67.0,69.0,68.0,68.0,2048
2025-02-21 07:45:00,126.42333333333332,0.0,38.5,99.58333333333331,127.13,72.0,100.0,70.0,70.0,72.0,65.07666666666667,67.0,69.0,68.0,68.0,2049
2025-02-21 08:00:00,127.13,0.0,38.5,99.61333333333332,127.13,72.0,100.0,70.0,70.0,72.0,64.99,67.0,69.0,68.0,68.0,2050
2025-02-21 08:15:00,127.13,0.0,38.5,99.51,127.13,72.0,100.0,70.0,70.0,72.0,64.98,67.0,69.0,68.0,68.0,2051
2025-02-21 08:30:00,127.13,0.0,38.5,99.30666666666669,127.13,72.0,100.0,70.0,70.0,72.0,64.96,67.0,69.0,68.0,68.0,2052
2025-02-21 08:45:00,125.71666666666664,0.0,38.0,99.46999999999998,127.13,72.0,100.0,70.0,70.0,72.0,64.88666666666667,67.0,69.0,68.0,68.0,2053
2025-02-21 09:00:00,127.13,0.0,38.0,99.43666666666668,127.13,72.0,100.0,70.0,70.0,72.0,64.85,67.0,69.0,68.0,68.0,2054
2025-02-21 09:15:00,123.60333333333334,0.0,38.5,99.61666666666667,127.13,72.0,100.0,70.0,70.0,72.0,64.83,67.0,69.0,68.0,68.0,2055
2025-02-21 09:30:00,127.13,0.0,38.5,99.17666666666666,127.13,72.0,100.0,70.0,70.0,72.0,64.74666666666667,67.0,69.0,68.0,68.0,2056
2025-02-21 09:45:00,127.13,0.0,38.5,98.6,127.13,72.0,100.0,70.0,70.0,72.0,64.69666666666666,67.0,69.0,68.0,68.0,2057
2025-02-21 10:00:00,126.42333333333332,0.0,38.5,98.55,127.13,72.0,100.0,70.0,70.0,72.0,64.64,67.0,69.0,68.0,68.0,2058
2025-02-21 10:15:00,127.13,0.0,38.5,98.59333333333332,127.13,72.0,100.0,70.0,70.0,72.0,64.58,67.0,69.0,68.0,68.0,2059
2025-02-21 10:30:00,127.83666666666666,0.0,38.5,98.42,127.13,72.0,100.0,70.0,70.0,72.0,64.48333333333333,67.0,69.0,68.0,68.0,2060
2025-02-21 10:45:00,127.83666666666666,0.0,38.333333333333336,98.9,127.13,72.0,100.0,70.0,70.0,72.0,64.46333333333332,67.0,69.0,68.0,68.0,2061
2025-02-21 11:00:00,127.13,0.0,38.0,98.55666666666669,127.13,72.0,100.0,70.0,70.0,72.0,64.45666666666666,67.0,69.0,68.0,68.0,2062
2025-02-21 11:15:00,125.01,0.0,38.0,98.45666666666666,127.13,72.0,100.0,70.0,70.0,72.0,64.44666666666667,67.0,69.0,68.0,68.0,2063
2025-02-21 11:30:00,125.71999999999998,0.0,39.16666666666666,98.69666666666666,127.13,72.0,100.0,70.0,70.0,72.0,64.44333333333333,67.0,69.0,68.0,68.0,2064
2025-02-21 11:45:00,125.01333333333334,0.0,39.833333333333336,98.55666666666669,127.13,72.0,100.0,70.0,70.0,72.0,64.44333333333333,67.0,69.0,68.0,68.0,2065
2025-02-21 12:00:00,127.13,0.0,39.833333333333336,98.24,127.13,72.0,100.0,70.0,70.0,72.0,64.37666666666667,67.0,69.0,68.0,68.0,2066
2025-02-21 12:15:00,126.42333333333332,0.0,38.833333333333336,98.4,127.13,72.0,100.0,70.0,70.0,72.0,64.33,67.0,69.0,68.0,68.0,2067
2025-02-21 12:30:00,125.01,0.0,38.5,98.62333333333332,127.13,72.0,100.0,70.0,70.0,72.0,64.33,67.0,69.0,68.0,68.0,2068
2025-02-21 12:45:00,125.71666666666664,0.0,38.5,99.07666666666668,127.13,72.0,100.0,70.0,70.0,72.0,64.36,67.0,69.0,68.0,68.0,2069
2025-02-21 13:00:00,126.42333333333332,0.0,38.5,99.32,127.13,72.0,100.0,70.0,70.0,72.0,64.44666666666667,67.0,69.0,68.0,68.0,2070
2025-02-21 13:15:00,125.71666666666664,0.0,38.5,99.8,127.13,72.0,100.0,70.0,70.0,72.0,64.58,67.0,69.0,68.0,68.0,2071
2025-02-21 13:30:00,125.71666666666664,0.0,38.5,99.91333333333334,127.13,72.0,100.0,70.0,70.0,72.0,64.88333333333333,67.0,69.0,68.0,68.0,2072
2025-02-21 13:45:00,125.71666666666664,0.0,38.5,100.25666666666666,127.13,72.0,100.0,70.0,70.0,72.0,66.24666666666667,67.0,69.0,68.0,68.0,2073
2025-02-21 14:00:00,125.71666666666664,0.0,38.5,100.53666666666668,127.13,72.0,100.0,70.0,70.0,72.0,67.01666666666667,67.0,69.0,68.0,68.0,2074
2025-02-21 14:15:00,125.01,0.0,38.5,100.64333333333332,127.13,72.0,100.0,70.0,70.0,72.0,67.14999999999999,67.0,69.0,68.0,68.0,2075
2025-02-21 14:30:00,123.60333333333334,0.0,39.66666666666666,101.06333333333332,127.13,72.0,100.0,70.0,70.0,72.0,67.65333333333332,67.0,69.0,68.0,68.0,2076
2025-02-21 14:45:00,129.25,0.0,39.833333333333336,100.91666666666669,127.13,72.0,100.0,70.0,70.0,72.0,68.51666666666667,67.0,69.0,68.0,68.0,2077
2025-02-21 15:00:00,127.13,0.0,38.5,101.32333333333334,127.13,72.0,100.0,70.0,70.0,72.0,69.13333333333334,67.0,69.0,68.0,68.0,2078
2025-02-21 15:15:00,127.83666666666666,0.0,38.0,101.58333333333331,127.13,72.0,100.0,70.0,70.0,72.0,69.56,67.0,69.0,68.0,68.0,2079
2025-02-21 15:30:00,126.42333333333332,0.0,37.0,101.67,127.13,72.0,100.0,70.0,70.0,72.0,69.89,67.0,69.0,68.0,68.0,2080
2025-02-21 15:45:00,126.42333333333332,0.0,37.0,101.95,127.13,72.0,100.0,70.0,70.0,72.0,70.14,67.0,69.0,68.0,68.0,2081
2025-02-21 16:00:00,125.71666666666664,0.0,37.0,102.28,127.13,72.0,100.0,70.0,70.0,72.0,70.31666666666666,67.0,69.0,68.0,68.0,2082
2025-02-21 16:15:00,125.01,0.0,37.0,102.98666666666668,127.13,72.0,100.0,70.0,70.0,72.0,70.52666666666667,67.0,69.0,68.0,68.0,2083
2025-02-21 16:30:00,125.71666666666664,0.0,38.16666666666666,103.39,127.13,72.0,100.0,70.0,70.0,72.0,70.67333333333333,67.0,69.0,68.0,68.0,2084
2025-02-21 16:45:00,125.71666666666664,0.0,39.0,103.8,127.13,72.0,100.0,70.0,70.0,72.0,70.76,67.0,69.0,68.0,68.0,2085
2025-02-21 17:00:00,125.71666666666664,0.0,39.0,103.96,127.13,72.0,100.0,70.0,70.0,72.0,71.08999999999999,67.0,69.0,68.0,68.0,2086
2025-02-21 17:15:00,124.30666666666669,0.0,39.333333333333336,104.59333333333332,127.13,72.0,100.0,70.0,70.0,72.0,71.38333333333333,67.0,69.0,68.0,68.0,2087
2025-02-21 17:30:00,125.71666666666664,0.0,39.5,104.55666666666669,127.13,72.0,100.0,70.0,70.0,72.0,71.64666666666666,67.0,69.0,68.0,68.0,2088
2025-02-21 17:45:00,126.42333333333332,0.0,39.333333333333336,104.78666666666668,127.13,72.0,100.0,70.0,70.0,72.0,71.67,67.0,69.0,68.0,68.0,2089
2025-02-21 18:00:00,126.42333333333332,0.0,39.0,104.84,127.13,72.0,100.0,70.0,70.0,72.0,71.80333333333333,67.0,69.0,68.0,68.0,2090
2025-02-21 18:15:00,126.42333333333332,4.046666666666667,39.0,105.06333333333332,125.71666666666664,72.0,97.46,70.0,70.0,72.0,72.08,67.0,69.0,68.0,68.0,2091
2025-02-21 18:30:00,127.83666666666666,12.863333333333337,39.333333333333336,104.76333333333334,125.01,72.0,91.44333333333334,70.0,70.0,72.0,72.30666666666667,67.0,69.0,68.0,68.0,2092
2025-02-21 18:45:00,127.13,16.733333333333334,37.833333333333336,103.45333333333332,125.01,72.0,88.09999999999998,70.0,70.0,72.0,72.35333333333334,67.0,69.0,68.0,68.0,2093
2025-02-21 19:00:00,126.42333333333332,25.33333333333333,37.16666666666666,101.54666666666668,125.01,72.0,81.63,70.0,70.0,72.0,72.51,67.0,69.0,68.0,68.0,2094
2025-02-21 19:15:00,126.42333333333332,36.47,36.66666666666666,97.99,125.01,72.0,73.04666666666667,70.0,70.0,72.0,72.70333333333333,67.0,69.0,68.0,68.0,2095
2025-02-21 19:30:00,149.02666666666667,51.39666666666667,39.66666666666666,83.42,148.32000000000002,72.0,42.88666666666666,70.0,70.0,72.0,72.97,67.0,69.0,68.0,68.0,2096
2025-02-21 19:45:00,192.82,55.57,45.16666666666666,62.19,192.11333333333332,72.0,0.0,70.0,70.0,72.0,72.88,67.0,69.0,68.0,68.0,2097
2025-02-21 20:00:00,170.21666666666667,35.46333333333333,40.5,62.306666666666665,168.09666666666666,72.0,0.0,70.0,70.0,72.0,72.13333333333334,67.0,69.0,68.0,68.0,2098
2025-02-21 20:15:00,126.42333333333332,0.0,33.333333333333336,67.66333333333334,125.01,72.0,24.66,70.0,70.0,72.0,70.94333333333333,67.0,69.0,68.0,68.0,2099
2025-02-21 20:30:00,127.13,3.2433333333333336,32.833333333333336,68.56,125.01,72.0,22.290000000000003,70.0,70.0,72.0,71.40333333333334,67.0,69.0,68.0,68.0,2100
2025-02-21 20:45:00,125.01333333333334,0.0,32.5,72.73333333333333,125.01,72.0,32.303333333333335,70.0,70.0,72.0,71.14666666666666,67.0,69.0,68.0,68.0,2101
2025-02-21 21:00:00,125.01333333333334,0.0,32.333333333333336,74.95333333333333,125.01,72.0,34.74,70.0,70.0,72.0,71.31,67.0,69.0,68.0,68.0,2102
2025-02-21 21:15:00,125.01,0.0,32.0,75.52,125.01,72.0,36.013333333333335,70.0,70.0,72.0,71.46666666666665,67.0,69.0,68.0,68.0,2103
2025-02-21 21:30:00,125.01,0.0,32.0,76.58,125.01,72.0,37.17666666666667,70.0,70.0,72.0,71.57000000000001,67.0,69.0,68.0,68.0,2104
2025-02-21 21:45:00,124.30666666666669,0.0,31.5,73.62333333333333,125.01,72.0,32.92666666666667,70.0,70.0,72.0,71.87666666666667,67.0,69.0,68.0,68.0,2105
2025-02-21 22:00:00,125.01333333333334,0.0,31.5,77.05333333333334,125.01,72.0,39.196666666666665,70.0,70.0,72.0,71.64333333333333,67.0,69.0,68.0,68.0,2106
2025-02-21 22:15:00,125.01,0.0,31.166666666666668,82.72333333333334,125.01,72.0,48.82,70.0,70.0,72.0,71.36,67.0,69.0,68.0,68.0,2107
2025-02-21 22:30:00,125.01,0.0,31.166666666666668,88.87333333333333,125.01,72.0,58.38,70.0,70.0,72.0,71.14999999999999,67.0,69.0,68.0,68.0,2108
2025-02-21 22:45:00,125.71666666666664,0.0,31.5,94.29666666666668,125.01,72.0,68.37333333333333,70.0,70.0,72.0,70.99333333333334,67.0,69.0,68.0,68.0,2109
2025-02-21 23:00:00,123.60333333333334,0.0,31.5,99.14,125.01,72.0,81.40666666666667,70.0,70.0,72.0,70.75666666666666,67.0,69.0,68.0,68.0,2110
2025-02-21 23:15:00,125.01333333333334,0.0,32.666666666666664,103.37666666666668,126.42333333333332,72.0,98.21,70.0,70.0,72.0,70.16000000000001,67.0,69.0,68.0,68.0,2111
2025-02-21 23:30:00,124.31,0.0,33.666666666666664,103.44,127.13,72.0,100.0,70.0,70.0,72.0,69.87,67.0,69.0,68.0,68.0,2112
2025-02-21 23:45:00,123.60333333333334,0.0,34.833333333333336,103.59999999999998,127.13,72.0,100.0,70.0,70.0,72.0,69.65666666666665,67.0,69.0,68.0,68.0,2113
2025-02-22 00:00:00,124.30666666666669,0.0,35.166666666666664,103.86333333333334,127.13,72.0,100.0,70.0,70.0,72.0,69.44666666666667,67.0,69.0,68.0,68.0,2114
2025-02-22 00:15:00,125.01,0.0,35.833333333333336,104.09666666666664,127.13,72.0,100.0,70.0,70.0,72.0,69.24333333333334,67.0,69.0,68.0,68.0,2115
2025-02-22 00:30:00,125.71666666666664,0.0,36.833333333333336,104.33,127.13,72.0,100.0,70.0,70.0,72.0,69.05666666666667,67.0,69.0,68.0,68.0,2116
2025-02-22 00:45:00,125.71666666666664,0.0,37.16666666666666,104.51666666666668,127.13,72.0,100.0,70.0,70.0,72.0,69.33666666666666,67.0,69.0,68.0,68.0,2117
2025-02-22 01:00:00,124.30666666666669,0.0,37.833333333333336,104.46333333333332,127.13,72.0,100.0,70.0,70.0,72.0,69.00666666666666,67.0,69.0,68.0,68.0,2118
2025-02-22 01:15:00,125.01333333333334,0.0,38.0,104.12666666666668,127.13,72.0,100.0,70.0,70.0,72.0,68.76,67.0,69.0,68.0,68.0,2119
2025-02-22 01:30:00,125.01333333333334,0.0,38.0,104.14,127.13,72.0,100.0,70.0,70.0,72.0,68.55666666666667,67.0,69.0,68.0,68.0,2120
2025-02-22 01:45:00,125.01333333333334,0.0,38.5,104.21666666666664,127.13,72.0,100.0,70.0,70.0,72.0,68.46333333333332,67.0,69.0,68.0,68.0,2121
2025-02-22 02:00:00,125.01,0.0,38.5,104.07666666666668,127.13,72.0,100.0,70.0,70.0,72.0,68.34666666666668,67.0,69.0,68.0,68.0,2122
2025-02-22 02:15:00,125.71666666666664,0.0,38.833333333333336,104.01333333333332,127.13,72.0,100.0,70.0,70.0,72.0,68.19333333333334,67.0,69.0,68.0,68.0,2123
2025-02-22 02:30:00,126.42333333333332,0.0,39.0,104.03333333333336,127.13,72.0,100.0,70.0,70.0,72.0,68.10000000000001,67.0,69.0,68.0,68.0,2124
2025-02-22 02:45:00,126.42333333333332,0.0,39.0,103.60333333333334,127.13,72.0,100.0,70.0,70.0,72.0,67.99333333333334,67.0,69.0,68.0,68.0,2125
2025-02-22 03:00:00,127.13,0.0,39.0,103.62333333333332,127.13,72.0,100.0,70.0,70.0,72.0,67.85333333333334,67.0,69.0,68.0,68.0,2126
2025-02-22 03:15:00,126.42333333333332,0.0,39.0,103.68666666666668,127.13,72.0,100.0,70.0,70.0,72.0,67.77666666666666,67.0,69.0,68.0,68.0,2127
2025-02-22 03:30:00,127.13,0.0,39.0,103.86333333333334,127.13,72.0,100.0,70.0,70.0,72.0,67.68333333333334,67.0,69.0,68.0,68.0,2128
2025-02-22 03:45:00,125.71666666666664,0.0,39.0,103.60666666666668,127.13,72.0,100.0,70.0,70.0,72.0,67.62,67.0,69.0,68.0,68.0,2129
2025-02-22 04:00:00,125.71666666666664,0.0,39.0,103.74333333333334,127.13,72.0,100.0,70.0,70.0,72.0,67.53666666666668,67.0,69.0,68.0,68.0,2130
2025-02-22 04:15:00,125.01,0.0,39.5,104.0,127.13,72.0,100.0,70.0,70.0,72.0,67.45,67.0,69.0,68.0,68.0,2131
2025-02-22 04:30:00,127.83666666666666,0.0,39.0,103.21666666666664,127.13,72.0,100.0,70.0,70.0,72.0,67.36333333333333,67.0,69.0,68.0,68.0,2132
2025-02-22 04:45:00,127.13,0.0,38.16666666666666,103.16,127.13,72.0,100.0,70.0,70.0,72.0,67.28333333333333,67.0,69.0,68.0,68.0,2133
2025-02-22 05:00:00,127.13,0.0,38.0,103.50333333333332,127.13,72.0,100.0,70.0,70.0,72.0,67.20666666666666,67.0,69.0,68.0,68.0,2134
2025-02-22 05:15:00,124.30666666666669,0.0,38.0,103.66333333333334,127.13,72.0,100.0,70.0,70.0,72.0,67.11333333333333,67.0,69.0,68.0,68.0,2135
2025-02-22 05:30:00,125.71666666666664,0.0,38.0,103.56666666666666,127.13,72.0,100.0,70.0,70.0,72.0,67.05,67.0,69.0,68.0,68.0,2136
2025-02-22 05:45:00,126.42333333333332,0.0,38.0,103.49333333333334,127.13,72.0,100.0,70.0,70.0,72.0,66.96666666666665,67.0,69.0,68.0,68.0,2137
2025-02-22 06:00:00,126.42333333333332,0.0,38.0,103.41333333333334,127.13,72.0,100.0,70.0,70.0,72.0,66.93333333333334,67.0,69.0,68.0,68.0,2138
2025-02-22 06:15:00,126.42333333333332,0.0,38.0,102.95,127.13,72.0,100.0,70.0,70.0,72.0,66.86,67.0,69.0,68.0,68.0,2139
2025-02-22 06:30:00,125.01,0.0,38.0,102.89333333333332,127.13,72.0,100.0,70.0,70.0,72.0,66.76666666666667,67.0,69.0,68.0,68.0,2140
2025-02-22 06:45:00,125.01,0.0,38.0,102.92333333333332,127.13,72.0,100.0,70.0,70.0,72.0,66.69666666666667,67.0,69.0,68.0,68.0,2141
2025-02-22 07:00:00,125.01,0.0,38.0,102.95333333333332,127.13,72.0,100.0,70.0,70.0,72.0,66.66333333333334,67.0,69.0,68.0,68.0,2142
2025-02-22 07:15:00,127.13,0.0,37.833333333333336,102.84,127.13,72.0,100.0,70.0,70.0,72.0,66.56,67.0,69.0,68.0,68.0,2143
2025-02-22 07:30:00,125.71666666666664,0.0,37.5,102.89,127.13,72.0,100.0,70.0,70.0,72.0,66.52,67.0,69.0,68.0,68.0,2144
2025-02-22 07:45:00,125.71666666666664,0.0,37.5,103.18333333333332,127.13,72.0,100.0,70.0,70.0,72.0,66.44666666666667,67.0,69.0,68.0,68.0,2145
2025-02-22 08:00:00,125.71666666666664,0.0,37.5,102.77,127.13,72.0,100.0,70.0,70.0,72.0,66.37,67.0,69.0,68.0,68.0,2146
2025-02-22 08:15:00,125.01,0.0,38.66666666666666,103.12666666666668,127.13,72.0,100.0,70.0,70.0,72.0,66.31,67.0,69.0,68.0,68.0,2147
2025-02-22 08:30:00,126.42333333333332,0.0,39.833333333333336,102.76,127.13,72.0,100.0,70.0,70.0,72.0,66.29,67.0,69.0,68.0,68.0,2148
2025-02-22 08:45:00,127.13,0.0,38.66666666666666,102.53666666666668,127.13,72.0,100.0,70.0,70.0,72.0,66.24,67.0,69.0,68.0,68.0,2149
2025-02-22 09:00:00,125.71999999999998,0.0,38.0,102.67333333333332,127.13,72.0,100.0,70.0,70.0,72.0,66.18,67.0,69.0,68.0,68.0,2150
2025-02-22 09:15:00,125.71666666666664,0.0,38.0,102.85666666666668,127.13,72.0,100.0,70.0,70.0,72.0,66.16666666666667,67.0,69.0,68.0,68.0,2151
2025-02-22 09:30:00,125.71666666666664,0.0,38.0,102.67666666666666,127.13,72.0,100.0,70.0,70.0,72.0,66.14333333333333,67.0,69.0,68.0,68.0,2152
2025-02-22 09:45:00,125.71666666666664,0.0,38.16666666666666,102.90333333333336,127.13,72.0,100.0,70.0,70.0,72.0,66.06,67.0,69.0,68.0,68.0,2153
2025-02-22 10:00:00,126.42333333333332,0.0,38.5,102.47333333333334,127.13,72.0,100.0,70.0,70.0,72.0,66.05666666666667,67.0,69.0,68.0,68.0,2154
2025-02-22 10:15:00,127.13,0.0,38.5,102.31666666666668,127.13,72.0,100.0,70.0,70.0,72.0,66.02666666666666,67.0,69.0,68.0,68.0,2155
2025-02-22 10:30:00,127.83666666666666,0.0,38.16666666666666,102.12,127.13,72.0,100.0,70.0,70.0,72.0,66.01333333333334,67.0,69.0,68.0,68.0,2156
2025-02-22 10:45:00,125.71666666666664,0.0,38.0,102.24333333333334,127.13,72.0,100.0,70.0,70.0,72.0,65.99333333333334,67.0,69.0,68.0,68.0,2157
2025-02-22 11:00:00,127.13,0.0,38.0,102.06666666666666,127.13,72.0,100.0,70.0,70.0,72.0,65.92333333333333,67.0,69.0,68.0,68.0,2158
2025-02-22 11:15:00,127.13,0.0,38.0,102.03666666666668,127.13,72.0,100.0,70.0,70.0,72.0,65.91,67.0,69.0,68.0,68.0,2159
2025-02-22 11:30:00,127.13,0.0,38.0,102.20333333333332,127.13,72.0,100.0,70.0,70.0,72.0,65.91,67.0,69.0,68.0,68.0,2160
2025-02-22 11:45:00,127.83666666666666,0.0,37.66666666666666,102.03333333333336,127.13,72.0,100.0,70.0,70.0,72.0,65.89666666666666,67.0,69.0,68.0,68.0,2161
2025-02-22 12:00:00,125.01,0.0,37.5,102.27666666666666,127.13,72.0,100.0,70.0,70.0,72.0,65.89,67.0,69.0,68.0,68.0,2162
2025-02-22 12:15:00,126.42333333333332,0.0,37.5,101.99666666666668,127.13,72.0,100.0,70.0,70.0,72.0,65.89666666666666,67.0,69.0,68.0,68.0,2163
2025-02-22 12:30:00,127.13,0.0,37.5,102.32,127.13,72.0,100.0,70.0,70.0,72.0,65.89666666666666,67.0,69.0,68.0,68.0,2164
2025-02-22 12:45:00,125.71666666666664,0.0,37.5,102.45333333333332,127.13,72.0,100.0,70.0,70.0,72.0,65.93333333333334,67.0,69.0,68.0,68.0,2165
2025-02-22 13:00:00,125.71666666666664,0.0,37.5,102.55333333333331,127.13,72.0,100.0,70.0,70.0,72.0,66.02,67.0,69.0,68.0,68.0,2166
2025-02-22 13:15:00,125.01,0.0,38.5,103.05333333333331,127.13,72.0,100.0,70.0,70.0,72.0,66.07000000000001,67.0,69.0,68.0,68.0,2167
2025-02-22 13:30:00,125.01,0.0,39.0,103.30333333333331,127.13,72.0,100.0,70.0,70.0,72.0,66.2,67.0,69.0,68.0,68.0,2168
2025-02-22 13:45:00,127.13,0.0,39.0,103.15333333333336,127.13,72.0,100.0,70.0,70.0,72.0,66.34666666666668,67.0,69.0,68.0,68.0,2169
2025-02-22 14:00:00,127.13,0.0,39.0,103.11,127.13,72.0,100.0,70.0,70.0,72.0,66.51666666666667,67.0,69.0,68.0,68.0,2170
2025-02-22 14:15:00,126.42333333333332,0.0,39.0,103.54666666666668,127.13,72.0,100.0,70.0,70.0,72.0,66.72666666666667,67.0,69.0,68.0,68.0,2171
2025-02-22 14:30:00,126.42333333333332,0.0,38.16666666666666,103.71333333333332,127.13,72.0,100.0,70.0,70.0,72.0,67.00333333333333,67.0,69.0,68.0,68.0,2172
2025-02-22 14:45:00,127.13,0.0,38.0,104.19666666666666,127.13,72.0,100.0,70.0,70.0,72.0,67.23666666666666,67.0,69.0,68.0,68.0,2173
2025-02-22 15:00:00,127.83666666666666,0.0,37.833333333333336,104.62333333333332,127.13,72.0,100.0,70.0,70.0,72.0,67.58,67.0,69.0,68.0,68.0,2174
2025-02-22 15:15:00,125.71666666666664,0.0,37.5,104.90666666666664,127.13,72.0,100.0,70.0,70.0,72.0,67.91333333333334,67.0,69.0,68.0,68.0,2175
2025-02-22 15:30:00,126.42333333333332,0.0,37.5,105.38666666666668,127.13,72.0,100.0,70.0,70.0,72.0,68.19666666666666,67.0,69.0,68.0,68.0,2176
2025-02-22 15:45:00,126.42333333333332,0.0,37.5,106.19333333333334,127.13,72.0,100.0,70.0,70.0,72.0,68.59333333333333,67.0,69.0,68.0,68.0,2177
2025-02-22 16:00:00,126.42333333333332,0.0,37.5,106.34666666666668,127.13,72.0,100.0,70.0,70.0,72.0,68.92666666666666,67.0,69.0,68.0,68.0,2178
2025-02-22 16:15:00,125.71666666666664,0.0,37.5,106.67333333333332,127.13,72.0,100.0,70.0,70.0,72.0,69.26,67.0,69.0,68.0,68.0,2179
2025-02-22 16:30:00,125.71666666666664,0.0,37.5,106.90333333333332,127.13,72.0,100.0,70.0,70.0,72.0,69.50666666666666,67.0,69.0,68.0,68.0,2180
2025-02-22 16:45:00,124.30666666666669,0.0,37.5,107.60666666666668,127.13,72.0,100.0,70.0,70.0,72.0,69.68666666666667,67.0,69.0,68.0,68.0,2181
2025-02-22 17:00:00,126.42333333333332,0.0,37.5,107.56333333333332,127.13,72.0,100.0,70.0,70.0,72.0,69.82000000000001,67.0,69.0,68.0,68.0,2182
2025-02-22 17:15:00,125.01,0.0,37.5,107.75666666666666,127.13,72.0,100.0,70.0,70.0,72.0,69.97333333333334,67.0,69.0,68.0,68.0,2183
2025-02-22 17:30:00,124.30666666666669,0.0,37.66666666666666,108.18333333333334,127.13,72.0,100.0,70.0,70.0,72.0,70.05333333333334,67.0,69.0,68.0,68.0,2184
2025-02-22 17:45:00,125.71666666666664,0.0,38.333333333333336,108.47666666666667,127.13,72.0,100.0,70.0,70.0,72.0,70.13666666666667,67.0,69.0,68.0,68.0,2185
2025-02-22 18:00:00,125.71666666666664,0.0,38.16666666666666,108.29333333333334,127.13,72.0,100.0,70.0,70.0,72.0,70.25,67.0,69.0,68.0,68.0,2186
2025-02-22 18:15:00,127.13,0.0,37.833333333333336,108.08666666666666,127.13,72.0,100.0,70.0,70.0,72.0,70.32,67.0,69.0,68.0,68.0,2187
2025-02-22 18:30:00,126.42666666666666,0.0,38.333333333333336,108.55333333333331,127.13,72.0,100.0,70.0,70.0,72.0,70.47,67.0,69.0,68.0,68.0,2188
2025-02-22 18:45:00,127.13,0.0,37.833333333333336,108.26,127.13,72.0,100.0,70.0,70.0,72.0,70.53333333333335,67.0,69.0,68.0,68.0,2189
2025-02-22 19:00:00,127.13,0.0,36.833333333333336,108.42,127.13,72.0,100.0,70.0,70.0,72.0,70.62666666666667,67.0,69.0,68.0,68.0,2190
2025-02-22 19:15:00,125.71666666666664,0.0,36.333333333333336,108.55666666666669,127.13,72.0,100.0,70.0,70.0,72.0,70.76,67.0,69.0,68.0,68.0,2191
2025-02-22 19:30:00,127.83666666666666,0.0,36.0,108.32,127.13,72.0,100.0,70.0,70.0,72.0,70.89333333333333,67.0,69.0,68.0,68.0,2192
2025-02-22 19:45:00,126.42333333333332,0.0,36.0,108.10333333333334,127.13,72.0,100.0,70.0,70.0,72.0,71.09666666666666,67.0,69.0,68.0,68.0,2193
2025-02-22 20:00:00,127.13,0.0,35.666666666666664,107.77,127.13,72.0,100.0,70.0,70.0,72.0,71.31666666666666,67.0,69.0,68.0,68.0,2194
2025-02-22 20:15:00,125.71666666666664,0.0,36.16666666666666,107.97333333333334,127.13,72.0,100.0,70.0,70.0,72.0,71.55333333333333,67.0,69.0,68.0,68.0,2195
2025-02-22 20:30:00,126.42333333333332,0.0,36.5,108.03333333333336,127.13,72.0,100.0,70.0,70.0,72.0,71.72,67.0,69.0,68.0,68.0,2196
2025-02-22 20:45:00,126.42333333333332,0.0,36.333333333333336,107.96333333333332,127.13,72.0,100.0,70.0,70.0,72.0,71.84333333333332,67.0,69.0,68.0,68.0,2197
2025-02-22 21:00:00,127.83666666666666,0.0,34.833333333333336,108.03333333333336,127.13,72.0,100.0,70.0,70.0,72.0,71.95333333333333,67.0,69.0,68.0,68.0,2198
2025-02-22 21:15:00,126.42333333333332,1.7466666666666668,34.166666666666664,107.92,125.01,72.0,98.88333333333333,70.0,70.0,72.0,72.02666666666666,67.0,69.0,68.0,68.0,2199
2025-02-22 21:30:00,127.83666666666666,3.4766666666666666,34.0,108.17,125.01,72.0,97.65333333333332,70.0,70.0,72.0,72.07666666666667,67.0,69.0,68.0,68.0,2200
2025-02-22 21:45:00,125.71999999999998,4.55,34.0,107.69333333333331,125.01,72.0,96.72666666666667,70.0,70.0,72.0,72.09,67.0,69.0,68.0,68.0,2201
2025-02-22 22:00:00,125.71666666666664,5.183333333333334,34.0,107.7,125.01,72.0,96.05333333333331,70.0,70.0,72.0,72.09,67.0,69.0,68.0,68.0,2202
2025-02-22 22:15:00,125.71666666666664,5.31,34.5,107.76333333333334,125.01,72.0,95.71999999999998,70.0,70.0,72.0,72.06333333333333,67.0,69.0,68.0,68.0,2203
2025-02-22 22:30:00,124.30666666666669,1.9733333333333332,35.833333333333336,107.64666666666666,125.01,72.0,97.63666666666668,70.0,70.0,72.0,71.95666666666666,67.0,69.0,68.0,68.0,2204
2025-02-22 22:45:00,125.01333333333334,0.12,36.333333333333336,107.8,125.71666666666664,72.0,99.33333333333331,70.0,70.0,72.0,71.87666666666667,67.0,69.0,68.0,68.0,2205
2025-02-22 23:00:00,125.01333333333334,0.0,37.333333333333336,107.97333333333334,127.13,72.0,100.0,70.0,70.0,72.0,71.78666666666668,67.0,69.0,68.0,68.0,2206
2025-02-22 23:15:00,125.71666666666664,0.0,37.5,107.58666666666666,127.13,72.0,100.0,70.0,70.0,72.0,71.68,67.0,69.0,68.0,68.0,2207
2025-02-22 23:30:00,124.30666666666669,0.0,37.5,107.47666666666667,127.13,72.0,100.0,70.0,70.0,72.0,71.56666666666666,67.0,69.0,68.0,68.0,2208
2025-02-22 23:45:00,124.30666666666669,0.0,37.66666666666666,107.49,127.13,72.0,100.0,70.0,70.0,72.0,71.46,67.0,69.0,68.0,68.0,2209
2025-02-23 00:00:00,125.71666666666664,0.0,37.833333333333336,107.21,127.13,72.0,100.0,70.0,70.0,72.0,71.32,67.0,69.0,68.0,68.0,2210
2025-02-23 00:15:00,124.30666666666669,0.0,37.66666666666666,107.31666666666666,127.13,72.0,100.0,70.0,70.0,72.0,71.17999999999999,67.0,69.0,68.0,68.0,2211
2025-02-23 00:30:00,125.71666666666664,0.0,38.333333333333336,107.5,127.13,72.0,100.0,70.0,70.0,72.0,71.05666666666667,67.0,69.0,68.0,68.0,2212
2025-02-23 00:45:00,127.83666666666666,0.0,38.16666666666666,106.98333333333332,127.13,72.0,100.0,70.0,70.0,72.0,70.94333333333334,67.0,69.0,68.0,68.0,2213
2025-02-23 01:00:00,126.42333333333332,0.0,37.5,107.04333333333334,127.13,72.0,100.0,70.0,70.0,72.0,70.85333333333334,67.0,69.0,68.0,68.0,2214
2025-02-23 01:15:00,125.71666666666664,0.0,37.66666666666666,107.24,127.13,72.0,100.0,70.0,70.0,72.0,70.78333333333335,67.0,69.0,68.0,68.0,2215
2025-02-23 01:30:00,126.42333333333332,0.0,37.833333333333336,106.91666666666669,127.13,72.0,100.0,70.0,70.0,72.0,70.68,67.0,69.0,68.0,68.0,2216
2025-02-23 01:45:00,125.71666666666664,0.0,38.0,107.24666666666668,127.13,72.0,100.0,70.0,70.0,72.0,70.58,67.0,69.0,68.0,68.0,2217
2025-02-23 02:00:00,124.30666666666669,0.0,38.16666666666666,107.20333333333332,127.13,72.0,100.0,70.0,70.0,72.0,70.52,67.0,69.0,68.0,68.0,2218
2025-02-23 02:15:00,125.01,0.0,39.0,107.11,127.13,72.0,100.0,70.0,70.0,72.0,70.42666666666666,67.0,69.0,68.0,68.0,2219
2025-02-23 02:30:00,125.01333333333334,0.0,39.0,107.05,127.13,72.0,100.0,70.0,70.0,72.0,70.37666666666667,67.0,69.0,68.0,68.0,2220
2025-02-23 02:45:00,126.42333333333332,0.0,39.0,106.71666666666664,127.13,72.0,100.0,70.0,70.0,72.0,70.26666666666667,67.0,69.0,68.0,68.0,2221
2025-02-23 03:00:00,125.71666666666664,0.0,39.333333333333336,106.89333333333332,127.13,72.0,100.0,70.0,70.0,72.0,70.14666666666666,67.0,69.0,68.0,68.0,2222
2025-02-23 03:15:00,125.71666666666664,0.0,39.5,106.77333333333333,127.13,72.0,100.0,70.0,70.0,72.0,70.05333333333333,67.0,69.0,68.0,68.0,2223
2025-02-23 03:30:00,125.01333333333334,0.0,39.5,106.88666666666666,127.13,72.0,100.0,70.0,70.0,72.0,69.92,67.0,69.0,68.0,68.0,2224
2025-02-23 03:45:00,125.71666666666664,0.0,39.833333333333336,106.51333333333332,127.13,72.0,100.0,70.0,70.0,72.0,69.79333333333334,67.0,69.0,68.0,68.0,2225
2025-02-23 04:00:00,125.71666666666664,0.0,40.0,106.37666666666668,127.13,72.0,100.0,70.0,70.0,72.0,69.69666666666666,67.0,69.0,68.0,68.0,2226
2025-02-23 04:15:00,126.42333333333332,0.0,40.0,106.17666666666666,127.13,72.0,100.0,70.0,70.0,72.0,69.57333333333334,67.0,69.0,68.0,68.0,2227
2025-02-23 04:30:00,124.30666666666669,0.0,40.0,106.24,127.13,72.0,100.0,70.0,70.0,72.0,69.44333333333333,67.0,69.0,68.0,68.0,2228
2025-02-23 04:45:00,125.71666666666664,0.0,40.0,106.26666666666668,127.13,72.0,100.0,70.0,70.0,72.0,69.37,67.0,69.0,68.0,68.0,2229
2025-02-23 05:00:00,126.42333333333332,0.0,40.0,106.29,127.13,72.0,100.0,70.0,70.0,72.0,69.24333333333334,67.0,69.0,68.0,68.0,2230
2025-02-23 05:15:00,126.42333333333332,0.0,40.5,106.49666666666668,127.13,72.0,100.0,70.0,70.0,72.0,69.14333333333333,67.0,69.0,68.0,68.0,2231
2025-02-23 05:30:00,127.13,0.0,40.5,106.08,127.13,72.0,100.0,70.0,70.0,72.0,69.05666666666667,67.0,69.0,68.0,68.0,2232
2025-02-23 05:45:00,127.13,0.0,40.333333333333336,105.70333333333332,127.13,72.0,100.0,70.0,70.0,72.0,68.94666666666666,67.0,69.0,68.0,68.0,2233
2025-02-23 06:00:00,127.83666666666666,0.0,39.333333333333336,105.77333333333333,127.13,72.0,100.0,70.0,70.0,72.0,68.88,67.0,69.0,68.0,68.0,2234
2025-02-23 06:15:00,126.42333333333332,0.0,38.5,105.8,127.13,72.0,100.0,70.0,70.0,72.0,68.81666666666666,67.0,69.0,68.0,68.0,2235
2025-02-23 06:30:00,125.71666666666664,0.0,38.5,105.83666666666666,127.13,72.0,100.0,70.0,70.0,72.0,68.74,67.0,69.0,68.0,68.0,2236
2025-02-23 06:45:00,126.42333333333332,0.0,38.5,105.62666666666668,127.13,72.0,100.0,70.0,70.0,72.0,68.67666666666666,67.0,69.0,68.0,68.0,2237
2025-02-23 07:00:00,125.71666666666664,0.0,38.5,105.74333333333334,127.13,72.0,100.0,70.0,70.0,72.0,68.59333333333333,67.0,69.0,68.0,68.0,2238
2025-02-23 07:15:00,126.42333333333332,0.0,38.5,105.50666666666666,127.13,72.0,100.0,70.0,70.0,72.0,68.50666666666666,67.0,69.0,68.0,68.0,2239
2025-02-23 07:30:00,126.42333333333332,0.0,38.5,105.55333333333331,127.13,72.0,100.0,70.0,70.0,72.0,68.45666666666666,67.0,69.0,68.0,68.0,2240
2025-02-23 07:45:00,126.42333333333332,0.0,38.5,105.58333333333331,127.13,72.0,100.0,70.0,70.0,72.0,68.36333333333333,67.0,69.0,68.0,68.0,2241
2025-02-23 08:00:00,126.42333333333332,0.0,38.5,105.46333333333332,127.13,72.0,100.0,70.0,70.0,72.0,68.32,67.0,69.0,68.0,68.0,2242
2025-02-23 08:15:00,125.71666666666664,0.0,38.5,105.38333333333333,127.13,72.0,100.0,70.0,70.0,72.0,68.26,67.0,69.0,68.0,68.0,2243
2025-02-23 08:30:00,125.01,0.0,38.5,105.23666666666666,127.13,72.0,100.0,70.0,70.0,72.0,68.18,67.0,69.0,68.0,68.0,2244
2025-02-23 08:45:00,125.01,0.0,38.5,105.18333333333334,127.13,72.0,100.0,70.0,70.0,72.0,68.14333333333333,67.0,69.0,68.0,68.0,2245
2025-02-23 09:00:00,127.83666666666666,0.0,38.333333333333336,105.16,127.13,72.0,100.0,70.0,70.0,72.0,68.06333333333333,67.0,69.0,68.0,68.0,2246
2025-02-23 09:15:00,123.60333333333334,0.0,39.333333333333336,105.36333333333334,127.13,72.0,100.0,70.0,70.0,72.0,68.04,67.0,69.0,68.0,68.0,2247
2025-02-23 09:30:00,126.42333333333332,0.0,40.0,105.19666666666669,127.13,72.0,100.0,70.0,70.0,72.0,67.99,67.0,69.0,68.0,68.0,2248
2025-02-23 09:45:00,127.83666666666666,0.0,40.0,104.75333333333332,127.13,72.0,100.0,70.0,70.0,72.0,67.91666666666667,67.0,69.0,68.0,68.0,2249
2025-02-23 10:00:00,127.83666666666666,0.0,39.5,104.63333333333333,127.13,72.0,100.0,70.0,70.0,72.0,67.85333333333334,67.0,69.0,68.0,68.0,2250
2025-02-23 10:15:00,128.54333333333332,0.0,38.66666666666666,104.57,127.13,72.0,100.0,70.0,70.0,72.0,67.80666666666667,67.0,69.0,68.0,68.0,2251
2025-02-23 10:30:00,127.13,0.0,38.5,104.79666666666668,127.13,72.0,100.0,70.0,70.0,72.0,67.76666666666667,67.0,69.0,68.0,68.0,2252
2025-02-23 10:45:00,126.42333333333332,0.0,38.5,104.69666666666669,127.13,72.0,100.0,70.0,70.0,72.0,67.72333333333333,67.0,69.0,68.0,68.0,2253
2025-02-23 11:00:00,127.13,0.0,38.333333333333336,104.41333333333334,127.13,72.0,100.0,70.0,70.0,72.0,67.69666666666667,67.0,69.0,68.0,68.0,2254
2025-02-23 11:15:00,126.42333333333332,0.0,38.0,104.72,127.13,72.0,100.0,70.0,70.0,72.0,67.64,67.0,69.0,68.0,68.0,2255
2025-02-23 11:30:00,127.13,0.0,38.0,104.56333333333332,127.13,72.0,100.0,70.0,70.0,72.0,67.60000000000001,67.0,69.0,68.0,68.0,2256
2025-02-23 11:45:00,127.83666666666666,0.0,38.0,104.55333333333331,127.13,72.0,100.0,70.0,70.0,72.0,67.54,67.0,69.0,68.0,68.0,2257
2025-02-23 12:00:00,126.42333333333332,0.0,38.0,104.57,127.13,72.0,100.0,70.0,70.0,72.0,67.50333333333333,67.0,69.0,68.0,68.0,2258
2025-02-23 12:15:00,125.01,0.0,38.0,104.78333333333336,127.13,72.0,100.0,70.0,70.0,72.0,67.5,67.0,69.0,68.0,68.0,2259
2025-02-23 12:30:00,125.71666666666664,0.0,38.0,104.49333333333334,127.13,72.0,100.0,70.0,70.0,72.0,67.48666666666666,67.0,69.0,68.0,68.0,2260
2025-02-23 12:45:00,126.42333333333332,0.0,38.0,104.3,127.13,72.0,100.0,70.0,70.0,72.0,67.42,67.0,69.0,68.0,68.0,2261
2025-02-23 13:00:00,127.83666666666666,0.0,38.0,104.69,127.13,72.0,100.0,70.0,70.0,72.0,67.42,67.0,69.0,68.0,68.0,2262
2025-02-23 13:15:00,126.42333333333332,0.0,38.0,105.38,127.13,72.0,100.0,70.0,70.0,72.0,67.49333333333334,67.0,69.0,68.0,68.0,2263
2025-02-23 13:30:00,125.71999999999998,0.0,38.0,105.78000000000002,127.13,72.0,100.0,70.0,70.0,72.0,67.50666666666667,67.0,69.0,68.0,68.0,2264
2025-02-23 13:45:00,125.71666666666664,0.0,38.0,106.37666666666668,127.13,72.0,100.0,70.0,70.0,72.0,67.59666666666668,67.0,69.0,68.0,68.0,2265
2025-02-23 14:00:00,125.01333333333334,0.0,39.0,106.91333333333334,127.13,72.0,100.0,70.0,70.0,72.0,67.69,67.0,69.0,68.0,68.0,2266
2025-02-23 14:15:00,127.83666666666666,0.0,39.0,107.06666666666666,127.13,72.0,100.0,70.0,70.0,72.0,67.80333333333333,67.0,69.0,68.0,68.0,2267
2025-02-23 14:30:00,125.71666666666664,0.0,38.0,107.60666666666668,127.13,72.0,100.0,70.0,70.0,72.0,67.99333333333333,67.0,69.0,68.0,68.0,2268
2025-02-23 14:45:00,125.71666666666664,0.0,38.0,107.89666666666666,127.13,72.0,100.0,70.0,70.0,72.0,68.18666666666667,67.0,69.0,68.0,68.0,2269
2025-02-23 15:00:00,126.42333333333332,0.0,38.0,108.38666666666666,127.13,72.0,100.0,70.0,70.0,72.0,68.37333333333333,67.0,69.0,68.0,68.0,2270
2025-02-23 15:15:00,127.13,0.0,38.0,108.57666666666668,127.13,72.0,100.0,70.0,70.0,72.0,68.62333333333333,67.0,69.0,68.0,68.0,2271
2025-02-23 15:30:00,127.13,0.0,37.833333333333336,108.68666666666668,127.13,72.0,100.0,70.0,70.0,72.0,68.82666666666667,67.0,69.0,68.0,68.0,2272
2025-02-23 15:45:00,125.71666666666664,0.0,37.5,109.15333333333332,127.13,72.0,100.0,70.0,70.0,72.0,69.09333333333333,67.0,69.0,68.0,68.0,2273
2025-02-23 16:00:00,126.42333333333332,0.0,37.5,109.4,127.13,72.0,100.0,70.0,70.0,72.0,69.32000000000001,67.0,69.0,68.0,68.0,2274
2025-02-23 16:15:00,125.71666666666664,0.0,38.0,109.78666666666668,127.13,72.0,100.0,70.0,70.0,72.0,69.51666666666667,67.0,69.0,68.0,68.0,2275
2025-02-23 16:30:00,127.13,0.0,38.5,109.63333333333333,127.13,72.0,100.0,70.0,70.0,72.0,69.77666666666666,67.0,69.0,68.0,68.0,2276
2025-02-23 16:45:00,124.30666666666669,0.0,37.5,109.93,127.13,72.0,100.0,70.0,70.0,72.0,69.98666666666666,67.0,69.0,68.0,68.0,2277
2025-02-23 17:00:00,127.13,0.0,37.5,110.18333333333334,127.13,72.0,100.0,70.0,70.0,72.0,70.20666666666666,67.0,69.0,68.0,68.0,2278
2025-02-23 17:15:00,126.42333333333332,0.0,37.5,110.05666666666669,127.13,72.0,100.0,70.0,70.0,72.0,70.42333333333333,67.0,69.0,68.0,68.0,2279
2025-02-23 17:30:00,127.13,0.0,37.16666666666666,110.12666666666668,127.13,72.0,100.0,70.0,70.0,72.0,70.61666666666667,67.0,69.0,68.0,68.0,2280
2025-02-23 17:45:00,127.83666666666666,0.0,36.833333333333336,110.52,127.13,72.0,100.0,70.0,70.0,72.0,70.83999999999999,67.0,69.0,68.0,68.0,2281
2025-02-23 18:00:00,126.42666666666666,0.0,37.5,110.74,127.13,72.0,100.0,70.0,70.0,72.0,71.06666666666666,67.0,69.0,68.0,68.0,2282
2025-02-23 18:15:00,125.71666666666664,0.0,38.0,110.63,127.13,72.0,100.0,70.0,70.0,72.0,71.29,67.0,69.0,68.0,68.0,2283
2025-02-23 18:30:00,127.83666666666666,0.0,38.0,110.75333333333332,127.13,72.0,100.0,70.0,70.0,72.0,71.53666666666668,67.0,69.0,68.0,68.0,2284
2025-02-23 18:45:00,127.83666666666666,0.0,37.333333333333336,110.85333333333334,127.13,72.0,100.0,70.0,70.0,72.0,71.74333333333334,67.0,69.0,68.0,68.0,2285
2025-02-23 19:00:00,127.83666666666666,0.0,36.16666666666666,110.87,127.13,72.0,100.0,70.0,70.0,72.0,71.89333333333333,67.0,69.0,68.0,68.0,2286
2025-02-23 19:15:00,127.83666666666666,1.29,35.833333333333336,110.93666666666668,125.71666666666664,72.0,99.19333333333331,70.0,70.0,72.0,72.00666666666666,67.0,69.0,68.0,68.0,2287
2025-02-23 19:30:00,127.13,4.776666666666666,35.166666666666664,110.89333333333332,125.01,72.0,96.86666666666667,70.0,70.0,72.0,72.12,67.0,69.0,68.0,68.0,2288
2025-02-23 19:45:00,126.42333333333332,9.77,34.666666666666664,110.93666666666668,125.01,72.0,93.32333333333334,70.0,70.0,72.0,72.22333333333334,67.0,69.0,68.0,68.0,2289
2025-02-23 20:00:00,127.83666666666666,14.473333333333334,34.166666666666664,110.17333333333332,125.01,72.0,89.75333333333333,70.0,70.0,72.0,72.31,67.0,69.0,68.0,68.0,2290
2025-02-23 20:15:00,127.13,20.45,33.333333333333336,108.79666666666668,125.01,72.0,85.00999999999999,70.0,70.0,72.0,72.39666666666666,67.0,69.0,68.0,68.0,2291
2025-02-23 20:30:00,126.42333333333332,26.606666666666666,32.666666666666664,106.72333333333331,125.01,72.0,79.94666666666666,70.0,70.0,72.0,72.47666666666667,67.0,69.0,68.0,68.0,2292
2025-02-23 20:45:00,126.42333333333332,31.716666666666665,32.166666666666664,104.94666666666669,125.01,72.0,75.32333333333334,70.0,70.0,72.0,72.51333333333334,67.0,69.0,68.0,68.0,2293
2025-02-23 21:00:00,125.71666666666664,36.01,32.166666666666664,103.10666666666668,125.01,72.0,71.17333333333333,70.0,70.0,72.0,72.52999999999999,67.0,69.0,68.0,68.0,2294
2025-02-23 21:15:00,125.01333333333334,41.75666666666667,32.166666666666664,100.66333333333334,125.01,72.0,66.00666666666667,70.0,70.0,72.0,72.57,67.0,69.0,68.0,68.0,2295
2025-02-23 21:30:00,125.01,47.18000000000001,32.0,97.36666666666667,125.01,72.0,60.973333333333336,70.0,70.0,72.0,72.59666666666666,67.0,69.0,68.0,68.0,2296
2025-02-23 21:45:00,125.71666666666664,48.85666666666666,32.0,95.21,125.01,72.0,58.25666666666667,70.0,70.0,72.0,72.52,67.0,69.0,68.0,68.0,2297
2025-02-23 22:00:00,124.30666666666669,52.74666666666667,32.0,92.77333333333333,125.01,72.0,54.306666666666665,70.0,70.0,72.0,72.52,67.0,69.0,68.0,68.0,2298
2025-02-23 22:15:00,124.30666666666669,54.18333333333334,32.0,91.08,125.01,72.0,51.94333333333333,70.0,70.0,72.0,72.45,67.0,69.0,68.0,68.0,2299
2025-02-23 22:30:00,124.30666666666669,54.20666666666667,32.333333333333336,90.19,125.01,72.0,50.71,70.0,70.0,72.0,72.35666666666667,67.0,69.0,68.0,68.0,2300
2025-02-23 22:45:00,125.71666666666664,53.65,32.5,89.42666666666666,125.01,72.0,50.06666666666666,70.0,70.0,72.0,72.26,67.0,69.0,68.0,68.0,2301
2025-02-23 23:00:00,124.30666666666669,51.41666666666666,32.5,89.44,125.01,72.0,50.73333333333333,70.0,70.0,72.0,72.14666666666666,67.0,69.0,68.0,68.0,2302
2025-02-23 23:15:00,125.01333333333334,48.03666666666667,32.5,90.05,125.01,72.0,52.46666666666667,70.0,70.0,72.0,72.02,67.0,69.0,68.0,68.0,2303
2025-02-23 23:30:00,126.42333333333332,42.63333333333333,32.333333333333336,91.51333333333332,125.01,72.0,55.82666666666666,70.0,70.0,72.0,71.85666666666667,67.0,69.0,68.0,68.0,2304
2025-02-23 23:45:00,124.30666666666669,35.47,31.666666666666668,94.43333333333334,125.01,72.0,60.72666666666667,70.0,70.0,72.0,71.7,67.0,69.0,68.0,68.0,2305
2025-02-24 00:00:00,124.30666666666669,28.846666666666664,32.833333333333336,96.76333333333334,125.01,72.0,65.77,70.0,70.0,72.0,71.58666666666666,67.0,69.0,68.0,68.0,2306
2025-02-24 00:15:00,123.60333333333334,21.60333333333333,33.666666666666664,99.48,125.01,72.0,71.46666666666667,70.0,70.0,72.0,71.45333333333333,67.0,69.0,68.0,68.0,2307
2025-02-24 00:30:00,125.01,14.04,34.333333333333336,102.33333333333331,125.01,72.0,77.75666666666666,70.0,70.0,72.0,71.37666666666667,67.0,69.0,68.0,68.0,2308
2025-02-24 00:45:00,123.60333333333334,6.039999999999999,35.0,104.90666666666664,125.01,72.0,84.50999999999999,70.0,70.0,72.0,71.27666666666666,67.0,69.0,68.0,68.0,2309
2025-02-24 01:00:00,125.71666666666664,0.53,35.5,107.28333333333336,125.01,72.0,91.45,70.0,70.0,72.0,71.21333333333332,67.0,69.0,68.0,68.0,2310
2025-02-24 01:15:00,125.01333333333334,0.0,35.666666666666664,108.30333333333331,125.71666666666664,72.0,97.90666666666668,70.0,70.0,72.0,71.15666666666667,67.0,69.0,68.0,68.0,2311
2025-02-24 01:30:00,125.01333333333334,0.0,36.0,108.23,127.13,72.0,100.0,70.0,70.0,72.0,71.08666666666666,67.0,69.0,68.0,68.0,2312
2025-02-24 01:45:00,124.31,0.0,36.333333333333336,107.65,127.13,72.0,100.0,70.0,70.0,72.0,71.06,67.0,69.0,68.0,68.0,2313
2025-02-24 02:00:00,124.30666666666669,0.0,36.833333333333336,107.15666666666668,127.13,72.0,100.0,70.0,70.0,72.0,70.96333333333332,67.0,69.0,68.0,68.0,2314
2025-02-24 02:15:00,124.30666666666669,0.0,37.16666666666666,107.13,127.13,72.0,100.0,70.0,70.0,72.0,70.86666666666667,67.0,69.0,68.0,68.0,2315
2025-02-24 02:30:00,125.01,0.0,37.66666666666666,106.93666666666668,127.13,72.0,100.0,70.0,70.0,72.0,70.82000000000001,67.0,69.0,68.0,68.0,2316
2025-02-24 02:45:00,125.01333333333334,0.0,38.0,106.79666666666668,127.13,72.0,100.0,70.0,70.0,72.0,70.72333333333334,67.0,69.0,68.0,68.0,2317
2025-02-24 03:00:00,127.13,0.0,38.16666666666666,107.01,127.13,72.0,100.0,70.0,70.0,72.0,70.66666666666667,67.0,69.0,68.0,68.0,2318
2025-02-24 03:15:00,127.13,0.0,38.5,106.49666666666668,127.13,72.0,100.0,70.0,70.0,72.0,70.59333333333335,67.0,69.0,68.0,68.0,2319
2025-02-24 03:30:00,125.71999999999998,0.0,38.5,106.51333333333332,127.13,72.0,100.0,70.0,70.0,72.0,70.52666666666667,67.0,69.0,68.0,68.0,2320
2025-02-24 03:45:00,125.01,0.0,38.5,106.36333333333334,127.13,72.0,100.0,70.0,70.0,72.0,70.44666666666667,67.0,69.0,68.0,68.0,2321
2025-02-24 04:00:00,125.01,0.0,38.5,106.64666666666666,127.13,72.0,100.0,70.0,70.0,72.0,70.39,67.0,69.0,68.0,68.0,2322
2025-02-24 04:15:00,126.42333333333332,0.0,38.5,106.29666666666668,127.13,72.0,100.0,70.0,70.0,72.0,70.31666666666666,67.0,69.0,68.0,68.0,2323
2025-02-24 04:30:00,125.01,0.0,38.5,106.36666666666667,127.13,72.0,100.0,70.0,70.0,72.0,70.25666666666666,67.0,69.0,68.0,68.0,2324
2025-02-24 04:45:00,124.30666666666669,0.0,38.833333333333336,106.56,127.13,72.0,100.0,70.0,70.0,72.0,70.18666666666667,67.0,69.0,68.0,68.0,2325
2025-02-24 05:00:00,124.30666666666669,0.0,39.833333333333336,106.70666666666666,127.13,72.0,100.0,70.0,70.0,72.0,70.11666666666667,67.0,69.0,68.0,68.0,2326
2025-02-24 05:15:00,127.13,0.0,40.0,106.32666666666668,127.13,72.0,100.0,70.0,70.0,72.0,70.05333333333333,67.0,69.0,68.0,68.0,2327
2025-02-24 05:30:00,126.42333333333332,0.0,38.66666666666666,106.29666666666668,127.13,72.0,100.0,70.0,70.0,72.0,69.98,67.0,69.0,68.0,68.0,2328
2025-02-24 05:45:00,126.42666666666666,0.0,37.5,106.38,127.13,72.0,100.0,70.0,70.0,72.0,69.96,67.0,69.0,68.0,68.0,2329
2025-02-24 06:00:00,125.71666666666664,0.0,37.5,106.47666666666667,127.13,72.0,100.0,70.0,70.0,72.0,69.87666666666667,67.0,69.0,68.0,68.0,2330
2025-02-24 06:15:00,125.72,0.0,38.5,106.44666666666669,127.13,72.0,100.0,70.0,70.0,72.0,69.84333333333333,67.0,69.0,68.0,68.0,2331
2025-02-24 06:30:00,125.71999999999998,0.0,38.66666666666666,106.09333333333332,127.13,72.0,100.0,70.0,70.0,72.0,69.82,67.0,69.0,68.0,68.0,2332
2025-02-24 06:45:00,125.01333333333334,0.0,38.833333333333336,106.41333333333334,127.13,72.0,100.0,70.0,70.0,72.0,69.74666666666667,67.0,69.0,68.0,68.0,2333
2025-02-24 07:00:00,125.01,0.0,39.16666666666666,106.58333333333331,127.13,72.0,100.0,70.0,70.0,72.0,69.73,67.0,69.0,68.0,68.0,2334
2025-02-24 07:15:00,125.71666666666664,0.0,39.333333333333336,106.40666666666668,127.13,72.0,100.0,70.0,70.0,72.0,69.69666666666666,67.0,69.0,68.0,68.0,2335
2025-02-24 07:30:00,127.13,0.0,39.5,106.575,127.13,72.0,100.0,70.0,70.0,72.0,69.66499999999999,67.0,69.0,68.0,68.0,2336
2025-02-24 07:45:00,127.83666666666666,0.0,39.5,106.36333333333332,127.13,72.0,100.0,70.0,70.0,72.0,69.60333333333334,67.0,69.0,68.0,68.0,2337
2025-02-24 08:00:00,125.71666666666664,0.0,39.5,106.17666666666666,127.13,72.0,100.0,70.0,70.0,72.0,69.56333333333333,67.0,69.0,68.0,68.0,2338
2025-02-24 08:15:00,125.71666666666664,0.0,39.5,106.34666666666668,127.13,72.0,100.0,70.0,70.0,72.0,69.56333333333333,67.0,69.0,68.0,68.0,2339
2025-02-24 08:30:00,125.71666666666664,0.0,39.5,106.26333333333332,127.13,72.0,100.0,70.0,70.0,72.0,69.55,67.0,69.0,68.0,68.0,2340
2025-02-24 08:45:00,126.42333333333332,0.0,39.833333333333336,105.88666666666666,127.13,72.0,100.0,70.0,70.0,72.0,69.45333333333333,67.0,69.0,68.0,68.0,2341
2025-02-24 09:00:00,126.42333333333332,0.0,38.5,105.54666666666668,127.13,72.0,100.0,70.0,70.0,72.0,69.47333333333333,67.0,69.0,68.0,68.0,2342
2025-02-24 09:15:00,125.71666666666664,0.0,35.166666666666664,105.02,127.13,72.0,100.0,70.0,70.0,72.0,69.46666666666667,67.0,69.0,68.0,68.0,2343
2025-02-24 09:30:00,126.42333333333332,0.0,35.0,104.70666666666666,127.13,72.0,100.0,70.0,70.0,72.0,69.42666666666666,67.0,69.0,68.0,68.0,2344
2025-02-24 09:45:00,124.30666666666669,0.0,35.0,104.96666666666664,127.13,72.0,100.0,70.0,70.0,72.0,69.42666666666666,67.0,69.0,68.0,68.0,2345
2025-02-24 10:00:00,125.01,0.0,36.0,104.76,127.13,72.0,100.0,70.0,70.0,72.0,69.37333333333333,67.0,69.0,68.0,68.0,2346
2025-02-24 10:15:00,124.30666666666669,0.0,37.0,104.66333333333334,127.13,72.0,100.0,70.0,70.0,72.0,69.28666666666668,67.0,69.0,68.0,68.0,2347
2025-02-24 10:30:00,125.01,0.0,37.0,104.91666666666669,127.13,72.0,100.0,70.0,70.0,72.0,69.21666666666667,67.0,69.0,68.0,68.0,2348
2025-02-24 10:45:00,125.71999999999998,0.0,37.5,105.24333333333334,127.13,72.0,100.0,70.0,70.0,72.0,69.14,67.0,69.0,68.0,68.0,2349
2025-02-24 11:00:00,125.01,0.0,37.5,105.42333333333332,127.13,72.0,100.0,70.0,70.0,72.0,69.07666666666667,67.0,69.0,68.0,68.0,2350
2025-02-24 11:15:00,125.71666666666664,0.0,37.66666666666666,105.43666666666668,127.13,72.0,100.0,70.0,70.0,72.0,69.00333333333333,67.0,69.0,68.0,68.0,2351
2025-02-24 11:30:00,123.60333333333334,0.0,38.0,105.41,127.13,72.0,100.0,70.0,70.0,72.0,68.97666666666667,67.0,69.0,68.0,68.0,2352
2025-02-24 11:45:00,125.01,0.0,38.16666666666666,105.45666666666666,127.13,72.0,100.0,70.0,70.0,72.0,68.91,67.0,69.0,68.0,68.0,2353
2025-02-24 12:00:00,124.30666666666669,0.0,38.5,105.43333333333332,127.13,72.0,100.0,70.0,70.0,72.0,68.85666666666667,67.0,69.0,68.0,68.0,2354
2025-02-24 12:15:00,124.30666666666669,0.0,38.5,105.65666666666668,127.13,72.0,100.0,70.0,70.0,72.0,68.85333333333334,67.0,69.0,68.0,68.0,2355
2025-02-24 12:30:00,125.01,0.0,38.833333333333336,105.51,127.13,72.0,100.0,70.0,70.0,72.0,68.81333333333333,67.0,69.0,68.0,68.0,2356
2025-02-24 12:45:00,126.42333333333332,0.0,39.0,105.57333333333334,127.13,72.0,100.0,70.0,70.0,72.0,68.78666666666668,67.0,69.0,68.0,68.0,2357
2025-02-24 13:00:00,127.13,0.0,38.833333333333336,105.66333333333334,127.13,72.0,100.0,70.0,70.0,72.0,68.91666666666667,67.0,69.0,68.0,68.0,2358
2025-02-24 13:15:00,126.42333333333332,0.0,37.833333333333336,106.10666666666668,127.13,72.0,100.0,70.0,70.0,72.0,69.01,67.0,69.0,68.0,68.0,2359
2025-02-24 13:30:00,127.13,0.0,37.0,106.5,127.13,72.0,100.0,70.0,70.0,72.0,69.15666666666667,67.0,69.0,68.0,68.0,2360
2025-02-24 13:45:00,127.13,0.0,37.0,107.17333333333332,127.13,72.0,100.0,70.0,70.0,72.0,69.77,67.0,69.0,68.0,68.0,2361
2025-02-24 14:00:00,125.71666666666664,0.0,37.0,107.39,127.13,72.0,100.0,70.0,70.0,72.0,70.11,67.0,69.0,68.0,68.0,2362
2025-02-24 14:15:00,126.42333333333332,0.0,37.0,108.04,127.13,72.0,100.0,70.0,70.0,72.0,70.40666666666667,67.0,69.0,68.0,68.0,2363
2025-02-24 14:30:00,127.83666666666666,0.0,36.5,108.11666666666667,127.13,72.0,100.0,70.0,70.0,72.0,70.72000000000001,67.0,69.0,68.0,68.0,2364
2025-02-24 14:45:00,126.42333333333332,0.0,36.0,108.57333333333334,127.13,72.0,100.0,70.0,70.0,72.0,70.98333333333333,67.0,69.0,68.0,68.0,2365
2025-02-24 15:00:00,127.83666666666666,0.0,35.666666666666664,109.26,127.13,72.0,100.0,70.0,70.0,72.0,71.22333333333333,67.0,69.0,68.0,68.0,2366
2025-02-24 15:15:00,126.42333333333332,0.0,35.166666666666664,109.04,127.13,72.0,100.0,70.0,70.0,72.0,71.44,67.0,69.0,68.0,68.0,2367
2025-02-24 15:30:00,127.83666666666666,0.0,35.0,109.49666666666668,127.13,72.0,100.0,70.0,70.0,72.0,71.66000000000001,67.0,69.0,68.0,68.0,2368
2025-02-24 15:45:00,127.13,1.0033333333333332,35.0,109.82666666666668,126.42333333333332,72.0,99.38,70.0,70.0,72.0,71.88333333333333,67.0,69.0,68.0,68.0,2369
2025-02-24 16:00:00,125.71666666666664,4.996666666666667,35.333333333333336,110.46333333333332,125.01,72.0,96.77333333333333,70.0,70.0,72.0,72.13333333333333,67.0,69.0,68.0,68.0,2370
2025-02-24 16:15:00,126.42333333333332,19.366666666666667,36.16666666666666,109.35,125.01,72.0,87.26333333333334,70.0,70.0,72.0,72.5,67.0,69.0,68.0,68.0,2371
2025-02-24 16:30:00,127.13,36.72,35.166666666666664,104.32666666666668,125.01,72.0,74.69333333333333,70.0,70.0,72.0,72.85666666666667,67.0,69.0,68.0,68.0,2372
2025-02-24 16:45:00,167.39333333333337,50.92666666666667,41.16666666666666,88.27333333333333,168.8033333333333,72.0,22.85,70.0,70.0,72.0,73.05666666666667,67.0,69.0,68.0,68.0,2373
2025-02-24 17:00:00,207.65,68.57333333333334,46.66666666666666,68.73666666666666,209.06333333333336,72.0,0.0,70.0,70.0,72.0,73.31,67.0,69.0,68.0,68.0,2374
2025-02-24 17:15:00,215.42,73.86,46.5,68.77666666666666,214.71666666666667,72.0,0.0,70.0,70.0,72.0,73.17666666666666,67.0,69.0,68.0,68.0,2375
2025-02-24 17:30:00,205.53333333333333,66.01333333333334,45.833333333333336,60.546666666666674,204.12,72.0,0.0,70.0,70.0,72.0,72.72,67.0,69.0,68.0,68.0,2376
2025-02-24 17:45:00,177.28,43.60999999999999,41.833333333333336,64.45,177.28,72.0,0.0,70.0,70.0,72.0,71.98,67.0,69.0,68.0,68.0,2377
2025-02-24 18:00:00,160.32666666666668,28.42333333333333,38.66666666666666,60.41666666666666,159.62,72.0,0.0,70.0,70.0,72.0,71.58999999999999,67.0,69.0,68.0,68.0,2378
2025-02-24 18:15:00,133.48666666666668,6.286666666666666,34.833333333333336,62.02,132.78,72.0,15.156666666666666,70.0,70.0,72.0,71.04333333333334,67.0,69.0,68.0,68.0,2379
2025-02-24 18:30:00,126.42333333333332,0.0,33.5,69.16,125.01,72.0,30.21,70.0,70.0,72.0,70.87666666666667,67.0,69.0,68.0,68.0,2380
2025-02-24 18:45:00,125.71666666666664,0.0,33.5,71.76,125.01,72.0,34.406666666666666,70.0,70.0,72.0,71.04,67.0,69.0,68.0,68.0,2381
2025-02-24 19:00:00,125.71666666666664,0.0,33.166666666666664,75.13333333333334,125.01,72.0,39.63,70.0,70.0,72.0,71.13333333333333,67.0,69.0,68.0,68.0,2382
2025-02-24 19:15:00,125.71666666666664,0.0,32.833333333333336,75.86,125.01,72.0,40.330000000000005,70.0,70.0,72.0,71.36666666666666,67.0,69.0,68.0,68.0,2383
2025-02-24 19:30:00,124.30666666666669,0.0,32.5,77.24666666666667,125.01,72.0,42.38333333333333,70.0,70.0,72.0,71.46,67.0,69.0,68.0,68.0,2384
2025-02-24 19:45:00,125.71666666666664,0.0,32.5,75.96333333333332,125.01,72.0,39.15,70.0,70.0,72.0,71.76,67.0,69.0,68.0,68.0,2385
2025-02-24 20:00:00,125.01333333333334,0.0,32.5,73.78666666666668,125.01,72.0,36.876666666666665,70.0,70.0,72.0,71.93333333333334,67.0,69.0,68.0,68.0,2386
2025-02-24 20:15:00,125.01333333333334,0.0,32.5,73.58666666666666,125.01,72.0,37.20333333333333,70.0,70.0,72.0,71.94,67.0,69.0,68.0,68.0,2387
2025-02-24 20:30:00,125.01,0.0,32.5,73.69333333333333,125.01,72.0,37.34,70.0,70.0,72.0,71.94,67.0,69.0,68.0,68.0,2388
2025-02-24 20:45:00,123.60333333333334,0.0,32.5,73.99333333333334,125.01,72.0,37.79333333333333,70.0,70.0,72.0,71.94,67.0,69.0,68.0,68.0,2389
2025-02-24 21:00:00,123.60333333333334,0.4833333333333333,33.0,73.86333333333333,125.01,72.0,37.39666666666667,70.0,70.0,72.0,71.97666666666667,67.0,69.0,68.0,68.0,2390
2025-02-24 21:15:00,125.01,0.0666666666666666,33.666666666666664,74.93666666666667,125.01,72.0,40.38333333333333,70.0,70.0,72.0,71.83666666666666,67.0,69.0,68.0,68.0,2391
2025-02-24 21:30:00,126.42333333333332,1.7466666666666668,33.0,74.5,125.01,72.0,38.42666666666667,70.0,70.0,72.0,71.96,67.0,69.0,68.0,68.0,2392
2025-02-24 21:45:00,122.89666666666666,2.39,33.0,73.31666666666666,125.01,72.0,36.53666666666667,70.0,70.0,72.0,72.04333333333334,67.0,69.0,68.0,68.0,2393
2025-02-24 22:00:00,124.30666666666669,1.0666666666666669,33.5,78.64333333333333,125.01,72.0,37.35,70.0,70.0,72.0,71.98333333333333,67.0,69.0,68.0,68.0,2394
2025-02-24 22:15:00,124.30666666666669,0.5833333333333334,33.5,76.01,125.01,72.0,37.87,70.0,70.0,72.0,71.96333333333332,67.0,69.0,68.0,68.0,2395
2025-02-24 22:30:00,125.01,0.0,33.0,79.01666666666667,125.01,72.0,38.77,70.0,70.0,72.0,71.93333333333334,67.0,69.0,68.0,68.0,2396
2025-02-24 22:45:00,124.31,0.0,33.166666666666664,80.21333333333332,125.01,72.0,41.26666666666667,70.0,70.0,72.0,71.83999999999999,67.0,69.0,68.0,68.0,2397
2025-02-24 23:00:00,125.72,0.0,32.666666666666664,80.53,125.01,72.0,43.72,70.0,70.0,72.0,71.79333333333334,67.0,69.0,68.0,68.0,2398
2025-02-24 23:15:00,125.01,0.0,33.5,85.06333333333333,125.01,72.0,48.36333333333334,70.0,70.0,72.0,71.66333333333334,67.0,69.0,68.0,68.0,2399
2025-02-24 23:30:00,124.31,0.0,32.5,85.20333333333333,125.01,72.0,51.94,70.0,70.0,72.0,71.61,67.0,69.0,68.0,68.0,2400
2025-02-24 23:45:00,125.71666666666664,0.0,33.0,93.36666666666667,125.01,72.0,57.89666666666667,70.0,70.0,72.0,71.48666666666666,67.0,69.0,68.0,68.0,2401
2025-02-25 00:00:00,126.42333333333332,0.0,32.5,91.64666666666666,125.01,72.0,60.88,70.0,70.0,72.0,71.51,67.0,69.0,68.0,68.0,2402
2025-02-25 00:15:00,127.13,0.0,33.666666666666664,97.74666666666668,125.01,72.0,67.42,70.0,70.0,72.0,71.39999999999999,67.0,69.0,68.0,68.0,2403
2025-02-25 00:30:00,125.71666666666664,0.0,33.5,97.30333333333331,125.01,72.0,73.01,70.0,70.0,72.0,71.33,67.0,69.0,68.0,68.0,2404
2025-02-25 00:45:00,126.42333333333332,0.0,32.5,103.2,125.01,72.0,78.53666666666668,70.0,70.0,72.0,71.32,67.0,69.0,68.0,68.0,2405
2025-02-25 01:00:00,125.01333333333334,0.0,33.833333333333336,102.26,125.01,72.0,83.32666666666667,70.0,70.0,72.0,71.32333333333332,67.0,69.0,68.0,68.0,2406
2025-02-25 01:15:00,128.54333333333332,0.0,33.0,106.05333333333334,125.01,72.0,88.05,70.0,70.0,72.0,71.33999999999999,67.0,69.0,68.0,68.0,2407
2025-02-25 01:30:00,124.30666666666669,0.0,34.166666666666664,106.75333333333332,125.01,72.0,92.19666666666669,70.0,70.0,72.0,71.36666666666666,67.0,69.0,68.0,68.0,2408
2025-02-25 01:45:00,124.30666666666669,0.0,33.333333333333336,106.01,125.01,72.0,95.69666666666669,70.0,70.0,72.0,71.42666666666666,67.0,69.0,68.0,68.0,2409
2025-02-25 02:00:00,125.71999999999998,0.0,34.5,107.26333333333334,126.42333333333332,72.0,99.30666666666669,70.0,70.0,72.0,71.42333333333333,67.0,69.0,68.0,68.0,2410
2025-02-25 02:15:00,127.13,0.0,33.5,110.19666666666669,127.13,72.0,100.0,70.0,70.0,72.0,71.54666666666667,67.0,69.0,68.0,68.0,2411
2025-02-25 02:30:00,126.42333333333332,0.0,33.0,110.17333333333332,127.13,72.0,100.0,70.0,70.0,72.0,71.67333333333333,67.0,69.0,68.0,68.0,2412
2025-02-25 02:45:00,127.83666666666666,0.0,33.0,110.16666666666669,127.13,72.0,100.0,70.0,70.0,72.0,71.78,67.0,69.0,68.0,68.0,2413
2025-02-25 03:00:00,125.01,0.0,33.5,110.53333333333336,127.13,72.0,100.0,70.0,70.0,72.0,71.81666666666666,67.0,69.0,68.0,68.0,2414
2025-02-25 03:15:00,127.13,0.0,34.666666666666664,105.29,127.13,72.0,100.0,70.0,70.0,72.0,71.78,67.0,69.0,68.0,68.0,2415
2025-02-25 03:30:00,126.42333333333332,0.0,33.666666666666664,109.73333333333332,127.13,72.0,100.0,70.0,70.0,72.0,71.70666666666666,67.0,69.0,68.0,68.0,2416
2025-02-25 03:45:00,125.71666666666664,0.0,33.5,110.24333333333334,127.13,72.0,100.0,70.0,70.0,72.0,71.8,67.0,69.0,68.0,68.0,2417
2025-02-25 04:00:00,125.71666666666664,0.0,33.5,110.28666666666668,127.13,72.0,100.0,70.0,70.0,72.0,71.90666666666667,67.0,69.0,68.0,68.0,2418
2025-02-25 04:15:00,126.42333333333332,0.0,33.5,107.74333333333334,127.13,72.0,100.0,70.0,70.0,72.0,71.91333333333334,67.0,69.0,68.0,68.0,2419
2025-02-25 04:30:00,126.42333333333332,0.0,35.166666666666664,107.14333333333332,127.13,72.0,100.0,70.0,70.0,72.0,71.73333333333333,67.0,69.0,68.0,68.0,2420
2025-02-25 04:45:00,125.01333333333334,0.0,34.0,110.52666666666666,127.13,72.0,100.0,70.0,70.0,72.0,71.79333333333334,67.0,69.0,68.0,68.0,2421
2025-02-25 05:00:00,127.13,0.0,34.833333333333336,107.1,127.13,72.0,100.0,70.0,70.0,72.0,71.81,67.0,69.0,68.0,68.0,2422
2025-02-25 05:15:00,127.13,0.0,35.166666666666664,110.09,127.13,72.0,100.0,70.0,70.0,72.0,71.73333333333333,67.0,69.0,68.0,68.0,2423
2025-02-25 05:30:00,125.71666666666664,0.0,34.5,110.92333333333332,127.13,72.0,100.0,70.0,70.0,72.0,71.79333333333334,67.0,69.0,68.0,68.0,2424
2025-02-25 05:45:00,126.42333333333332,0.0,35.333333333333336,107.06,127.13,72.0,100.0,70.0,70.0,72.0,71.82333333333334,67.0,69.0,68.0,68.0,2425
2025-02-25 06:00:00,126.42333333333332,0.0,35.333333333333336,110.25,127.13,72.0,100.0,70.0,70.0,72.0,71.76666666666667,67.0,69.0,68.0,68.0,2426
2025-02-25 06:15:00,125.71999999999998,0.0,35.833333333333336,105.78333333333336,127.13,72.0,100.0,70.0,70.0,72.0,71.77,67.0,69.0,68.0,68.0,2427
2025-02-25 06:30:00,127.83666666666666,0.0,35.0,107.91,127.13,72.0,100.0,70.0,70.0,72.0,71.74000000000001,67.0,69.0,68.0,68.0,2428
2025-02-25 06:45:00,125.71666666666664,0.0,36.0,107.35333333333334,127.13,72.0,100.0,70.0,70.0,72.0,71.68666666666667,67.0,69.0,68.0,68.0,2429
2025-02-25 07:00:00,126.42666666666666,0.0,34.666666666666664,107.33,127.13,72.0,100.0,70.0,70.0,72.0,71.68333333333334,67.0,69.0,68.0,68.0,2430
2025-02-25 07:15:00,127.13333333333333,0.0,35.833333333333336,107.60666666666668,127.13,72.0,100.0,70.0,70.0,72.0,71.65666666666668,67.0,69.0,68.0,68.0,2431
2025-02-25 07:30:00,126.42333333333332,0.0,35.0,106.41666666666669,127.13,72.0,100.0,70.0,70.0,72.0,71.66333333333334,67.0,69.0,68.0,68.0,2432
2025-02-25 07:45:00,125.72,0.0,35.333333333333336,108.33333333333331,127.13,72.0,100.0,70.0,70.0,72.0,71.65666666666668,67.0,69.0,68.0,68.0,2433
2025-02-25 08:00:00,126.42333333333332,0.0,35.166666666666664,105.6,127.13,72.0,100.0,70.0,70.0,72.0,71.65,67.0,69.0,68.0,68.0,2434
2025-02-25 08:15:00,125.71666666666664,0.0,35.333333333333336,109.56,127.13,72.0,100.0,70.0,70.0,72.0,71.65,67.0,69.0,68.0,68.0,2435
2025-02-25 08:30:00,127.13,0.0,34.5,110.66666666666669,127.13,72.0,100.0,70.0,70.0,72.0,71.71333333333332,67.0,69.0,68.0,68.0,2436
2025-02-25 08:45:00,125.71666666666664,0.0,34.5,110.71666666666664,127.13,72.0,100.0,70.0,70.0,72.0,71.81666666666666,67.0,69.0,68.0,68.0,2437
2025-02-25 09:00:00,127.13,0.0,34.0,110.45666666666666,127.13,72.0,100.0,70.0,70.0,72.0,71.92,67.0,69.0,68.0,68.0,2438
2025-02-25 09:15:00,126.42333333333332,1.5233333333333334,34.0,110.66666666666669,125.71666666666664,72.0,99.03666666666668,70.0,70.0,72.0,72.03333333333333,67.0,69.0,68.0,68.0,2439
2025-02-25 09:30:00,127.13,3.81,33.666666666666664,110.36,125.01,72.0,97.42666666666666,70.0,70.0,72.0,72.08333333333333,67.0,69.0,68.0,68.0,2440
2025-02-25 09:45:00,126.42666666666666,4.713333333333334,33.5,107.7,125.01,72.0,96.61,70.0,70.0,72.0,72.09,67.0,69.0,68.0,68.0,2441
2025-02-25 10:00:00,127.13,1.23,35.5,106.94666666666669,125.01,72.0,98.88333333333333,70.0,70.0,72.0,71.96,67.0,69.0,68.0,68.0,2442
2025-02-25 10:15:00,125.72,0.0,35.0,103.63,126.42333333333332,72.0,99.92666666666666,70.0,70.0,72.0,71.88,67.0,69.0,68.0,68.0,2443
2025-02-25 10:30:00,126.42666666666666,0.0,35.166666666666664,106.04,127.13,72.0,100.0,70.0,70.0,72.0,71.73666666666666,67.0,69.0,68.0,68.0,2444
2025-02-25 10:45:00,125.71666666666664,0.0,35.5,101.77,127.13,72.0,100.0,70.0,70.0,72.0,71.73,67.0,69.0,68.0,68.0,2445
2025-02-25 11:00:00,126.42666666666666,0.0,35.666666666666664,106.85,127.13,72.0,100.0,70.0,70.0,72.0,71.59333333333333,67.0,69.0,68.0,68.0,2446
2025-02-25 11:15:00,126.42333333333332,0.0,35.666666666666664,103.61666666666667,127.13,72.0,100.0,70.0,70.0,72.0,71.52333333333333,67.0,69.0,68.0,68.0,2447
2025-02-25 11:30:00,127.83666666666666,0.0,34.666666666666664,108.18333333333334,127.13,72.0,100.0,70.0,70.0,72.0,71.42333333333333,67.0,69.0,68.0,68.0,2448
2025-02-25 11:45:00,126.42333333333332,0.0,34.5,108.73666666666668,127.13,72.0,100.0,70.0,70.0,72.0,71.46666666666665,67.0,69.0,68.0,68.0,2449
2025-02-25 12:00:00,125.01,0.0,34.666666666666664,109.12333333333332,127.13,72.0,100.0,70.0,70.0,72.0,71.50333333333333,67.0,69.0,68.0,68.0,2450
2025-02-25 12:15:00,125.01,0.0,35.0,109.25666666666666,127.13,72.0,100.0,70.0,70.0,72.0,71.51666666666667,67.0,69.0,68.0,68.0,2451
2025-02-25 12:30:00,125.71666666666664,0.0,35.833333333333336,109.31,127.13,72.0,100.0,70.0,70.0,72.0,71.51666666666667,67.0,69.0,68.0,68.0,2452
2025-02-25 12:45:00,125.71666666666664,0.0,36.0,109.57,127.13,72.0,100.0,70.0,70.0,72.0,71.56666666666666,67.0,69.0,68.0,68.0,2453
2025-02-25 13:00:00,125.01,0.0,36.0,109.65666666666668,127.13,72.0,100.0,70.0,70.0,72.0,71.67666666666668,67.0,69.0,68.0,68.0,2454
2025-02-25 13:15:00,124.30666666666669,0.0,36.0,109.69,127.13,72.0,100.0,70.0,70.0,72.0,71.79333333333334,67.0,69.0,68.0,68.0,2455
2025-02-25 13:30:00,125.71666666666664,0.0,36.0,109.88666666666666,127.13,72.0,100.0,70.0,70.0,72.0,71.89333333333333,67.0,69.0,68.0,68.0,2456
2025-02-25 13:45:00,124.30666666666669,2.4566666666666666,36.0,110.12666666666668,125.01,72.0,98.42,70.0,70.0,72.0,72.06333333333333,67.0,69.0,68.0,68.0,2457
2025-02-25 14:00:00,125.01,4.103333333333333,36.16666666666666,110.37,125.01,72.0,97.16666666666669,70.0,70.0,72.0,72.08333333333333,67.0,69.0,68.0,68.0,2458
2025-02-25 14:15:00,125.71666666666664,8.866666666666667,36.5,110.36666666666667,125.01,72.0,93.87,70.0,70.0,72.0,72.19333333333333,67.0,69.0,68.0,68.0,2459
2025-02-25 14:30:00,127.13,13.193333333333332,35.833333333333336,110.04,125.01,72.0,90.57,70.0,70.0,72.0,72.26666666666667,67.0,69.0,68.0,68.0,2460
2025-02-25 14:45:00,126.42333333333332,18.43,34.666666666666664,108.90666666666668,125.01,72.0,86.43,70.0,70.0,72.0,72.35666666666667,67.0,69.0,68.0,68.0,2461
2025-02-25 15:00:00,125.71666666666664,25.00333333333333,35.166666666666664,103.48333333333332,125.01,72.0,81.3,70.0,70.0,72.0,72.45666666666666,67.0,69.0,68.0,68.0,2462
2025-02-25 15:15:00,123.60333333333334,29.596666666666668,37.66666666666666,97.86,125.01,72.0,77.13666666666667,70.0,70.0,72.0,72.47666666666667,67.0,69.0,68.0,68.0,2463
2025-02-25 15:30:00,124.30666666666669,30.51,38.0,96.32,125.01,72.0,75.08999999999999,70.0,70.0,72.0,72.40666666666667,67.0,69.0,68.0,68.0,2464
2025-02-25 15:45:00,125.71666666666664,21.746666666666663,38.0,98.02333333333333,125.01,72.0,79.65666666666667,70.0,70.0,72.0,72.08999999999999,67.0,69.0,68.0,68.0,2465
2025-02-25 16:00:00,127.83666666666666,17.31,38.0,99.31666666666666,125.01,72.0,82.26666666666667,70.0,70.0,72.0,71.94666666666666,67.0,69.0,68.0,68.0,2466
2025-02-25 16:15:00,127.83666666666666,16.406666666666666,36.66666666666666,99.69666666666669,125.01,72.0,82.94666666666667,70.0,70.0,72.0,71.94,67.0,69.0,68.0,68.0,2467
2025-02-25 16:30:00,127.13,23.036666666666665,36.0,98.87,125.01,72.0,78.94666666666666,70.0,70.0,72.0,72.13,67.0,69.0,68.0,68.0,2468
2025-02-25 16:45:00,127.13,41.98333333333333,35.666666666666664,94.59666666666664,125.01,72.0,66.42,70.0,70.0,72.0,72.61333333333333,67.0,69.0,68.0,68.0,2469
2025-02-25 17:00:00,127.13,56.45333333333334,35.166666666666664,88.09666666666665,125.01,72.0,55.48333333333333,70.0,70.0,72.0,72.88,67.0,69.0,68.0,68.0,2470
2025-02-25 17:15:00,126.42333333333332,61.120000000000005,34.666666666666664,83.81666666666666,125.01,72.0,49.98333333333333,70.0,70.0,72.0,72.83,67.0,69.0,68.0,68.0,2471
2025-02-25 17:30:00,126.42333333333332,59.336666666666666,34.166666666666664,83.35666666666667,125.01,72.0,48.833333333333336,70.0,70.0,72.0,72.58999999999999,67.0,69.0,68.0,68.0,2472
2025-02-25 17:45:00,125.71666666666664,59.71333333333333,33.833333333333336,83.21333333333334,125.01,72.0,47.16666666666666,70.0,70.0,72.0,72.5,67.0,69.0,68.0,68.0,2473
2025-02-25 18:00:00,192.8166666666667,81.40333333333334,43.5,67.7,192.8166666666667,72.0,11.996666666666668,70.0,70.0,72.0,72.96,67.0,69.0,68.0,68.0,2474
2025-02-25 18:15:00,213.3,73.32333333333334,45.16666666666666,62.23,213.3,72.0,0.0,70.0,70.0,72.0,72.54666666666667,67.0,69.0,68.0,68.0,2475
2025-02-25 18:30:00,188.58,51.64333333333334,41.333333333333336,62.336666666666666,186.46,72.0,0.0,70.0,70.0,72.0,71.83666666666666,67.0,69.0,68.0,68.0,2476
2025-02-25 18:45:00,168.09666666666666,36.39,39.0,62.60999999999999,168.80333333333334,72.0,0.0,70.0,70.0,72.0,71.48666666666666,67.0,69.0,68.0,68.0,2477
2025-02-25 19:00:00,173.04333333333332,40.16666666666666,39.16666666666666,62.51666666666667,173.04,72.0,0.0,70.0,70.0,72.0,71.66666666666667,67.0,69.0,68.0,68.0,2478
2025-02-25 19:15:00,156.79666666666665,24.59,35.833333333333336,62.43,153.97,72.0,0.0,70.0,70.0,72.0,71.31333333333333,67.0,69.0,68.0,68.0,2479
2025-02-25 19:30:00,129.95666666666668,8.82,32.333333333333336,66.56666666666666,129.95666666666668,72.0,15.196666666666667,70.0,70.0,72.0,71.03,67.0,69.0,68.0,68.0,2480
2025-02-25 19:45:00,125.71666666666664,8.616666666666667,31.166666666666668,68.93666666666667,125.01,72.0,23.383333333333336,70.0,70.0,72.0,71.23666666666666,67.0,69.0,68.0,68.0,2481
2025-02-25 20:00:00,125.01333333333334,13.11,30.666666666666668,68.77333333333333,125.01,72.0,22.576666666666668,70.0,70.0,72.0,71.51,67.0,69.0,68.0,68.0,2482
2025-02-25 20:15:00,123.60333333333334,15.159999999999998,30.0,68.57,125.01,72.0,22.48333333333333,70.0,70.0,72.0,71.65,67.0,69.0,68.0,68.0,2483
2025-02-25 20:30:00,125.01,12.123333333333337,30.0,69.61333333333333,125.01,72.0,25.313333333333333,70.0,70.0,72.0,71.64666666666666,67.0,69.0,68.0,68.0,2484
2025-02-25 20:45:00,125.01,7.433333333333334,29.5,71.06,125.01,72.0,29.21,70.0,70.0,72.0,71.57666666666667,67.0,69.0,68.0,68.0,2485
2025-02-25 21:00:00,125.01333333333334,2.786666666666666,30.0,73.50666666666666,125.01,72.0,33.343333333333334,70.0,70.0,72.0,71.54666666666667,67.0,69.0,68.0,68.0,2486
2025-02-25 21:15:00,126.42666666666666,1.68,30.33333333333333,74.32,125.01,72.0,35.25333333333333,70.0,70.0,72.0,71.60666666666667,67.0,69.0,68.0,68.0,2487
2025-02-25 21:30:00,125.01333333333334,0.5666666666666667,30.166666666666668,75.39999999999999,125.01,72.0,37.06333333333333,70.0,70.0,72.0,71.64666666666666,67.0,69.0,68.0,68.0,2488
2025-02-25 21:45:00,125.71666666666664,0.4133333333333333,30.666666666666668,75.89999999999999,125.01,72.0,38.15,70.0,70.0,72.0,71.7,67.0,69.0,68.0,68.0,2489
2025-02-25 22:00:00,123.6,0.5666666666666667,31.0,75.77,125.01,72.0,38.67666666666667,70.0,70.0,72.0,71.77333333333333,67.0,69.0,68.0,68.0,2490
2025-02-25 22:15:00,124.31,0.0,30.0,76.99000000000001,125.01,72.0,41.05,70.0,70.0,72.0,71.73666666666666,67.0,69.0,68.0,68.0,2491
2025-02-25 22:30:00,125.01333333333334,0.0,30.5,80.26333333333334,125.01,72.0,46.406666666666666,70.0,70.0,72.0,71.58,67.0,69.0,68.0,68.0,2492
2025-02-25 22:45:00,124.30666666666669,0.0,30.33333333333333,84.77666666666666,125.01,72.0,54.02,70.0,70.0,72.0,71.40666666666665,67.0,69.0,68.0,68.0,2493
2025-02-25 23:00:00,127.13,0.0,30.666666666666668,90.19333333333331,125.01,72.0,63.02666666666667,70.0,70.0,72.0,71.19,67.0,69.0,68.0,68.0,2494
2025-02-25 23:15:00,125.71999999999998,0.0,30.166666666666668,94.7,125.01,72.0,72.99,70.0,70.0,72.0,71.03666666666668,67.0,69.0,68.0,68.0,2495
2025-02-25 23:30:00,126.42333333333332,0.0,30.0,99.07,125.01,72.0,84.14999999999999,70.0,70.0,72.0,70.86333333333333,67.0,69.0,68.0,68.0,2496
2025-02-25 23:45:00,126.42333333333332,0.0,31.166666666666668,101.81666666666666,125.71666666666664,72.0,96.08333333333331,70.0,70.0,72.0,70.69333333333333,67.0,69.0,68.0,68.0,2497
2025-02-26 00:00:00,126.42333333333332,0.0,31.83333333333333,102.41,127.13,72.0,100.0,70.0,70.0,72.0,70.57666666666667,67.0,69.0,68.0,68.0,2498
2025-02-26 00:15:00,125.71666666666664,0.0,32.666666666666664,102.70666666666666,127.13,72.0,100.0,70.0,70.0,72.0,70.54,67.0,69.0,68.0,68.0,2499
2025-02-26 00:30:00,125.71666666666664,0.0,33.0,102.32333333333334,127.13,72.0,100.0,70.0,70.0,72.0,70.54,67.0,69.0,68.0,68.0,2500
2025-02-26 00:45:00,125.01,0.0,33.333333333333336,102.64,127.13,72.0,100.0,70.0,70.0,72.0,70.54,67.0,69.0,68.0,68.0,2501
2025-02-26 01:00:00,125.01333333333334,0.0,33.833333333333336,102.72333333333334,127.13,72.0,100.0,70.0,70.0,72.0,70.68666666666667,67.0,69.0,68.0,68.0,2502
2025-02-26 01:15:00,125.71666666666664,0.0,34.166666666666664,102.8,127.13,72.0,100.0,70.0,70.0,72.0,71.03666666666668,67.0,69.0,68.0,68.0,2503
2025-02-26 01:30:00,126.42333333333332,0.0,34.5,102.94333333333334,127.13,72.0,100.0,70.0,70.0,72.0,71.33,67.0,69.0,68.0,68.0,2504
2025-02-26 01:45:00,126.42333333333332,0.0,34.5,107.26333333333334,127.13,72.0,100.0,70.0,70.0,72.0,71.32333333333334,67.0,69.0,68.0,68.0,2505
2025-02-26 02:00:00,125.72333333333334,0.0,33.333333333333336,105.34333333333332,127.13,72.0,100.0,70.0,70.0,72.0,71.43666666666667,67.0,69.0,68.0,68.0,2506
2025-02-26 02:15:00,125.71999999999998,0.0,34.333333333333336,107.96999999999998,127.13,72.0,100.0,70.0,70.0,72.0,71.43333333333334,67.0,69.0,68.0,68.0,2507
2025-02-26 02:30:00,125.72,0.0,33.5,106.08,127.13,72.0,100.0,70.0,70.0,72.0,71.58999999999999,67.0,69.0,68.0,68.0,2508
2025-02-26 02:45:00,126.42333333333332,0.0,33.5,109.96333333333332,127.13,72.0,100.0,70.0,70.0,72.0,71.60666666666667,67.0,69.0,68.0,68.0,2509
2025-02-26 03:00:00,126.42666666666666,0.0,32.5,106.65,127.13,72.0,100.0,70.0,70.0,72.0,71.79333333333334,67.0,69.0,68.0,68.0,2510
2025-02-26 03:15:00,125.71666666666664,0.0,34.0,107.65333333333332,127.13,72.0,100.0,70.0,70.0,72.0,71.81333333333333,67.0,69.0,68.0,68.0,2511
2025-02-26 03:30:00,126.42333333333332,4.013333333333333,32.5,110.36333333333334,125.71666666666664,72.0,97.47333333333334,70.0,70.0,72.0,72.08,67.0,69.0,68.0,68.0,2512
2025-02-26 03:45:00,127.13,17.183333333333334,32.5,109.56,125.01,72.0,88.71999999999998,70.0,70.0,72.0,72.43333333333334,67.0,69.0,68.0,68.0,2513
2025-02-26 04:00:00,125.71666666666664,26.11,32.5,106.79,125.01,72.0,81.77333333333333,70.0,70.0,72.0,72.58333333333333,67.0,69.0,68.0,68.0,2514
2025-02-26 04:15:00,125.01333333333334,36.57,32.5,103.45333333333332,125.01,72.0,73.47666666666667,70.0,70.0,72.0,72.74666666666667,67.0,69.0,68.0,68.0,2515
2025-02-26 04:30:00,125.01,45.95000000000001,32.5,99.45,125.01,72.0,65.39333333333333,70.0,70.0,72.0,72.84,67.0,69.0,68.0,68.0,2516
2025-02-26 04:45:00,124.30666666666669,53.586666666666666,32.5,94.88333333333333,125.01,72.0,58.24666666666667,70.0,70.0,72.0,72.87333333333333,67.0,69.0,68.0,68.0,2517
2025-02-26 05:00:00,124.30666666666669,58.583333333333336,32.5,91.17,125.01,72.0,52.61333333333334,70.0,70.0,72.0,72.82666666666667,67.0,69.0,68.0,68.0,2518
2025-02-26 05:15:00,124.30666666666669,62.00333333333333,32.833333333333336,88.04666666666667,125.01,72.0,48.13666666666666,70.0,70.0,72.0,72.74666666666667,67.0,69.0,68.0,68.0,2519
2025-02-26 05:30:00,125.01,62.67333333333334,33.0,86.07666666666667,125.01,72.0,45.59666666666667,70.0,70.0,72.0,72.60666666666667,67.0,69.0,68.0,68.0,2520
2025-02-26 05:45:00,124.30666666666669,61.88333333333333,33.0,85.27333333333333,125.01,72.0,44.41666666666666,70.0,70.0,72.0,72.45666666666666,67.0,69.0,68.0,68.0,2521
2025-02-26 06:00:00,125.01,58.94333333333333,33.0,85.43666666666667,125.01,72.0,45.03666666666667,70.0,70.0,72.0,72.28333333333333,67.0,69.0,68.0,68.0,2522
2025-02-26 06:15:00,125.01,55.76,33.0,86.05333333333333,125.01,72.0,46.26666666666667,70.0,70.0,72.0,72.13333333333333,67.0,69.0,68.0,68.0,2523
2025-02-26 06:30:00,123.60333333333334,50.81333333333333,33.333333333333336,87.92,125.01,72.0,49.05,70.0,70.0,72.0,71.97666666666667,67.0,69.0,68.0,68.0,2524
2025-02-26 06:45:00,125.01,47.05,34.0,89.22333333333334,125.01,72.0,51.49,70.0,70.0,72.0,71.87666666666667,67.0,69.0,68.0,68.0,2525
2025-02-26 07:00:00,123.60333333333334,42.123333333333335,34.5,91.03666666666668,125.01,72.0,54.93,70.0,70.0,72.0,71.76333333333334,67.0,69.0,68.0,68.0,2526
2025-02-26 07:15:00,123.60333333333334,36.803333333333335,34.833333333333336,93.5,125.01,72.0,58.91666666666666,70.0,70.0,72.0,71.65666666666668,67.0,69.0,68.0,68.0,2527
2025-02-26 07:30:00,124.30666666666669,33.82,35.0,95.25666666666666,125.01,72.0,61.73,70.0,70.0,72.0,71.64666666666666,67.0,69.0,68.0,68.0,2528
2025-02-26 07:45:00,122.90000000000002,30.00666666666667,35.333333333333336,97.22666666666667,125.01,72.0,65.07333333333334,70.0,70.0,72.0,71.62,67.0,69.0,68.0,68.0,2529
2025-02-26 08:00:00,124.30666666666669,25.25,35.5,99.34,125.01,72.0,69.18333333333334,70.0,70.0,72.0,71.57666666666667,67.0,69.0,68.0,68.0,2530
2025-02-26 08:15:00,125.71666666666664,23.636666666666667,35.833333333333336,100.35333333333334,125.01,72.0,71.29,70.0,70.0,72.0,71.60666666666667,67.0,69.0,68.0,68.0,2531
2025-02-26 08:30:00,125.01,19.64,36.0,102.04333333333334,125.01,72.0,74.89666666666666,70.0,70.0,72.0,71.57666666666667,67.0,69.0,68.0,68.0,2532
2025-02-26 08:45:00,125.01,17.613333333333333,36.0,102.84666666666664,125.01,72.0,77.32,70.0,70.0,72.0,71.60666666666667,67.0,69.0,68.0,68.0,2533
2025-02-26 09:00:00,125.01333333333334,15.796666666666669,36.0,103.75333333333332,125.01,72.0,79.42333333333333,70.0,70.0,72.0,71.63333333333334,67.0,69.0,68.0,68.0,2534
2025-02-26 09:15:00,124.30666666666669,13.38,36.333333333333336,105.03000000000002,125.01,72.0,82.00333333333333,70.0,70.0,72.0,71.64333333333333,67.0,69.0,68.0,68.0,2535
2025-02-26 09:30:00,125.71666666666664,11.456666666666669,36.5,105.80666666666669,125.01,72.0,84.2,70.0,70.0,72.0,71.65666666666668,67.0,69.0,68.0,68.0,2536
2025-02-26 09:45:00,125.01,9.713333333333331,36.66666666666666,106.57333333333334,125.01,72.0,86.19333333333333,70.0,70.0,72.0,71.67666666666666,67.0,69.0,68.0,68.0,2537
2025-02-26 10:00:00,125.01333333333334,9.233333333333333,36.5,106.84333333333336,125.01,72.0,87.31666666666666,70.0,70.0,72.0,71.73333333333333,67.0,69.0,68.0,68.0,2538
2025-02-26 10:15:00,125.01,9.113333333333332,35.5,106.96,125.01,72.0,88.10000000000001,70.0,70.0,72.0,71.78,67.0,69.0,68.0,68.0,2539
2025-02-26 10:30:00,125.71666666666664,8.373333333333333,35.5,107.31333333333332,125.01,72.0,89.12,70.0,70.0,72.0,71.8,67.0,69.0,68.0,68.0,2540
2025-02-26 10:45:00,127.13,9.073333333333332,35.5,107.51,125.01,72.0,89.21666666666665,70.0,70.0,72.0,71.84666666666666,67.0,69.0,68.0,68.0,2541
2025-02-26 11:00:00,125.01,10.06,35.5,107.17,125.01,72.0,88.91333333333334,70.0,70.0,72.0,71.90666666666667,67.0,69.0,68.0,68.0,2542
2025-02-26 11:15:00,125.01,10.013333333333334,35.666666666666664,106.97,125.01,72.0,89.14333333333333,70.0,70.0,72.0,71.92,67.0,69.0,68.0,68.0,2543
2025-02-26 11:30:00,125.01,10.266666666666666,37.333333333333336,106.88666666666666,125.01,72.0,89.14333333333333,70.0,70.0,72.0,71.94,67.0,69.0,68.0,68.0,2544
2025-02-26 11:45:00,125.71666666666664,9.916666666666666,37.5,106.71666666666664,125.01,72.0,89.48333333333333,70.0,70.0,72.0,71.94,67.0,69.0,68.0,68.0,2545
2025-02-26 12:00:00,126.42333333333332,10.013333333333334,37.5,106.75333333333332,125.01,72.0,89.55,70.0,70.0,72.0,71.94666666666666,67.0,69.0,68.0,68.0,2546
2025-02-26 12:15:00,125.01333333333334,11.36,37.5,106.55333333333334,125.01,72.0,88.79,70.0,70.0,72.0,72.00333333333333,67.0,69.0,68.0,68.0,2547
2025-02-26 12:30:00,126.42333333333332,10.68,37.5,106.64666666666666,125.01,72.0,89.17999999999999,70.0,70.0,72.0,71.97,67.0,69.0,68.0,68.0,2548
2025-02-26 12:45:00,126.42333333333332,12.333333333333334,36.5,106.31,125.01,72.0,88.16000000000001,70.0,70.0,72.0,72.02,67.0,69.0,68.0,68.0,2549
2025-02-26 13:00:00,124.30666666666669,14.463333333333331,37.16666666666666,106.38666666666668,125.01,72.0,86.67,70.0,70.0,72.0,72.07666666666667,67.0,69.0,68.0,68.0,2550
2025-02-26 13:15:00,126.42333333333332,15.803333333333333,37.5,105.95,125.01,72.0,85.58666666666666,70.0,70.0,72.0,72.10000000000001,67.0,69.0,68.0,68.0,2551
2025-02-26 13:30:00,127.13,20.44666666666667,36.833333333333336,104.93,125.01,72.0,82.34666666666668,70.0,70.0,72.0,72.19,67.0,69.0,68.0,68.0,2552
2025-02-26 13:45:00,126.42333333333332,24.133333333333336,36.16666666666666,104.85,125.01,72.0,79.42999999999999,70.0,70.0,72.0,72.25333333333333,67.0,69.0,68.0,68.0,2553
2025-02-26 14:00:00,125.71666666666664,29.43,36.0,103.36333333333334,125.01,72.0,75.32000000000001,70.0,70.0,72.0,72.34333333333333,67.0,69.0,68.0,68.0,2554
2025-02-26 14:15:00,125.71666666666664,38.84,35.5,101.13333333333333,125.01,72.0,68.42,70.0,70.0,72.0,72.52666666666666,67.0,69.0,68.0,68.0,2555
2025-02-26 14:30:00,150.44,55.45333333333334,39.5,86.09666666666665,148.32000000000002,72.0,38.20666666666667,70.0,70.0,72.0,72.88,67.0,69.0,68.0,68.0,2556
2025-02-26 14:45:00,193.5233333333333,55.873333333333335,46.5,67.95,192.8166666666667,72.0,0.0,70.0,70.0,72.0,72.71666666666665,67.0,69.0,68.0,68.0,2557
2025-02-26 15:00:00,212.59333333333333,73.23666666666666,49.16666666666666,68.43333333333334,214.00666666666663,72.0,0.0,70.0,70.0,72.0,73.03,67.0,69.0,68.0,68.0,2558
2025-02-26 15:15:00,194.23,57.35666666666666,45.5,63.173333333333325,194.23,72.0,0.0,70.0,70.0,72.0,72.35000000000001,67.0,69.0,68.0,68.0,2559
2025-02-26 15:30:00,188.58,53.66333333333333,45.833333333333336,63.68333333333334,189.9933333333333,72.0,0.0,70.0,70.0,72.0,72.21333333333332,67.0,69.0,68.0,68.0,2560
2025-02-26 15:45:00,191.40666666666667,54.68,45.833333333333336,60.86666666666667,192.11333333333332,72.0,0.0,70.0,70.0,72.0,72.19333333333333,67.0,69.0,68.0,68.0,2561
2025-02-26 16:00:00,144.08,22.02,38.5,64.46333333333332,144.08,72.0,15.49,70.0,70.0,72.0,71.25,67.0,69.0,68.0,68.0,2562
2025-02-26 16:15:00,125.01,10.816666666666668,35.333333333333336,68.64666666666666,125.01,72.0,25.046666666666667,70.0,70.0,72.0,71.13,67.0,69.0,68.0,68.0,2563
2025-02-26 16:30:00,125.01,19.326666666666668,35.0,67.31666666666666,125.01,72.0,21.776666666666667,70.0,70.0,72.0,71.53333333333335,67.0,69.0,68.0,68.0,2564
2025-02-26 16:45:00,124.30666666666669,6.91,34.833333333333336,71.40666666666667,125.01,72.0,31.01,70.0,70.0,72.0,71.28666666666668,67.0,69.0,68.0,68.0,2565
2025-02-26 17:00:00,125.01333333333334,8.253333333333332,34.5,72.94,125.01,72.0,32.07333333333333,70.0,70.0,72.0,71.47333333333334,67.0,69.0,68.0,68.0,2566
2025-02-26 17:15:00,125.01333333333334,15.696666666666664,34.5,71.61,125.01,72.0,28.81,70.0,70.0,72.0,71.78333333333335,67.0,69.0,68.0,68.0,2567
2025-02-26 17:30:00,125.01,24.96,34.5,69.51666666666667,125.01,72.0,23.436666666666667,70.0,70.0,72.0,72.07333333333334,67.0,69.0,68.0,68.0,2568
2025-02-26 17:45:00,125.71666666666664,35.379999999999995,34.166666666666664,67.16,125.01,72.0,16.546666666666667,70.0,70.0,72.0,72.35000000000001,67.0,69.0,68.0,68.0,2569
2025-02-26 18:00:00,123.60333333333334,36.22666666666667,34.166666666666664,66.04,125.01,72.0,14.916666666666666,70.0,70.0,72.0,72.28333333333335,67.0,69.0,68.0,68.0,2570
2025-02-26 18:15:00,124.30666666666669,24.45,34.5,68.94333333333333,125.01,72.0,21.613333333333333,70.0,70.0,72.0,71.89333333333333,67.0,69.0,68.0,68.0,2571
2025-02-26 18:30:00,125.01333333333334,21.23333333333333,33.833333333333336,70.37,125.01,72.0,24.036666666666665,70.0,70.0,72.0,71.83999999999999,67.0,69.0,68.0,68.0,2572
2025-02-26 18:45:00,124.30666666666669,18.726666666666663,33.5,70.92,125.01,72.0,26.006666666666664,70.0,70.0,72.0,71.8,67.0,69.0,68.0,68.0,2573
2025-02-26 19:00:00,125.01,12.303333333333333,33.333333333333336,73.44666666666667,125.01,72.0,30.596666666666668,70.0,70.0,72.0,71.66666666666667,67.0,69.0,68.0,68.0,2574
2025-02-26 19:15:00,125.71666666666664,22.89,32.5,70.87333333333333,125.01,72.0,24.77333333333333,70.0,70.0,72.0,72.03333333333333,67.0,69.0,68.0,68.0,2575
2025-02-26 19:30:00,125.71666666666664,26.793333333333333,31.83333333333333,69.33333333333333,125.01,72.0,22.12,70.0,70.0,72.0,72.11,67.0,69.0,68.0,68.0,2576
2025-02-26 19:45:00,125.01,32.196666666666665,31.5,67.9,125.01,72.0,18.24,70.0,70.0,72.0,72.23,67.0,69.0,68.0,68.0,2577
2025-02-26 20:00:00,125.71666666666664,30.396666666666665,31.33333333333333,67.83999999999999,125.01,72.0,18.72666666666667,70.0,70.0,72.0,72.13,67.0,69.0,68.0,68.0,2578
2025-02-26 20:15:00,126.42333333333332,29.17,30.83333333333333,68.14333333333333,125.01,72.0,19.15333333333333,70.0,70.0,72.0,72.07,67.0,69.0,68.0,68.0,2579
2025-02-26 20:30:00,125.71666666666664,26.25333333333333,30.166666666666668,68.62333333333333,125.01,72.0,20.793333333333333,70.0,70.0,72.0,71.96333333333332,67.0,69.0,68.0,68.0,2580
2025-02-26 20:45:00,124.30666666666669,24.1,29.666666666666668,68.58666666666666,125.01,72.0,22.22666666666667,70.0,70.0,72.0,71.91666666666667,67.0,69.0,68.0,68.0,2581
2025-02-26 21:00:00,124.30666666666669,20.26333333333333,29.5,69.28,125.01,72.0,24.863333333333333,70.0,70.0,72.0,71.83666666666666,67.0,69.0,68.0,68.0,2582
2025-02-26 21:15:00,123.60333333333334,18.09,29.666666666666668,70.05,125.01,72.0,26.703333333333333,70.0,70.0,72.0,71.8,67.0,69.0,68.0,68.0,2583
2025-02-26 21:30:00,122.89333333333332,16.55,31.5,70.53666666666668,125.01,72.0,28.19333333333333,70.0,70.0,72.0,71.8,67.0,69.0,68.0,68.0,2584
2025-02-26 21:45:00,125.01333333333334,14.633333333333333,31.83333333333333,71.18,125.01,72.0,29.906666666666663,70.0,70.0,72.0,71.78666666666668,67.0,69.0,68.0,68.0,2585
2025-02-26 22:00:00,125.01,12.663333333333334,32.0,72.21666666666667,125.01,72.0,31.73,70.0,70.0,72.0,71.76666666666667,67.0,69.0,68.0,68.0,2586
2025-02-26 22:15:00,125.01,13.36,32.0,72.36666666666667,125.01,72.0,31.89333333333333,70.0,70.0,72.0,71.83999999999999,67.0,69.0,68.0,68.0,2587
2025-02-26 22:30:00,123.60333333333334,17.633333333333333,32.0,71.04333333333334,125.01,72.0,29.56,70.0,70.0,72.0,71.97666666666667,67.0,69.0,68.0,68.0,2588
2025-02-26 22:45:00,122.89666666666666,22.536666666666665,32.0,69.49666666666667,125.01,72.0,26.43,70.0,70.0,72.0,72.12333333333333,67.0,69.0,68.0,68.0,2589
2025-02-26 23:00:00,125.71666666666664,22.99,32.0,68.71,125.01,72.0,25.703333333333333,70.0,70.0,72.0,72.10000000000001,67.0,69.0,68.0,68.0,2590
2025-02-26 23:15:00,123.60333333333334,15.87,32.0,70.62333333333333,125.01,72.0,29.97666666666667,70.0,70.0,72.0,71.88333333333333,67.0,69.0,68.0,68.0,2591
2025-02-26 23:30:00,124.30666666666669,11.38,32.333333333333336,72.15666666666665,125.01,72.0,33.18,70.0,70.0,72.0,71.78666666666668,67.0,69.0,68.0,68.0,2592
2025-02-26 23:45:00,122.90000000000002,7.326666666666667,32.666666666666664,74.15666666666667,125.01,72.0,36.28666666666667,70.0,70.0,72.0,71.71333333333334,67.0,69.0,68.0,68.0,2593
2025-02-27 00:00:00,123.60333333333334,0.9633333333333334,33.0,79.3,125.01,72.0,43.96333333333334,70.0,70.0,72.0,71.48,67.0,69.0,68.0,68.0,2594
2025-02-27 00:15:00,125.01,0.0,33.333333333333336,86.51666666666667,125.01,72.0,55.336666666666666,70.0,70.0,72.0,71.17666666666666,67.0,69.0,68.0,68.0,2595
2025-02-27 00:30:00,125.01,0.0,33.5,93.71666666666664,125.01,72.0,65.99666666666666,70.0,70.0,72.0,70.98,67.0,69.0,68.0,68.0,2596
2025-02-27 00:45:00,125.71666666666664,0.0,33.5,98.33,125.01,72.0,73.72666666666667,70.0,70.0,72.0,70.93666666666667,67.0,69.0,68.0,68.0,2597
2025-02-27 01:00:00,124.30666666666669,0.0,33.5,101.68333333333334,125.01,72.0,81.89999999999999,70.0,70.0,72.0,70.95,67.0,69.0,68.0,68.0,2598
2025-02-27 01:15:00,124.30666666666669,0.0,33.5,104.41,125.01,72.0,89.75,70.0,70.0,72.0,70.95,67.0,69.0,68.0,68.0,2599
2025-02-27 01:30:00,126.42666666666666,0.0,33.833333333333336,105.08333333333331,125.01,72.0,96.6,70.0,70.0,72.0,71.0,67.0,69.0,68.0,68.0,2600
2025-02-27 01:45:00,128.54333333333332,0.0,33.0,104.95333333333332,126.42333333333332,72.0,99.81,70.0,70.0,72.0,71.08,67.0,69.0,68.0,68.0,2601
2025-02-27 02:00:00,126.42333333333332,0.0,34.0,105.03333333333336,127.13,72.0,100.0,70.0,70.0,72.0,71.17666666666666,67.0,69.0,68.0,68.0,2602
2025-02-27 02:15:00,127.83666666666666,0.0,33.0,104.3,127.13,72.0,100.0,70.0,70.0,72.0,71.22666666666667,67.0,69.0,68.0,68.0,2603
2025-02-27 02:30:00,125.71999999999998,0.0,33.0,104.70666666666666,127.13,72.0,100.0,70.0,70.0,72.0,71.24,67.0,69.0,68.0,68.0,2604
2025-02-27 02:45:00,125.01333333333334,0.0,33.166666666666664,104.77333333333333,127.13,72.0,100.0,70.0,70.0,72.0,71.24,67.0,69.0,68.0,68.0,2605
2025-02-27 03:00:00,124.30666666666669,0.0,34.0,104.99333333333334,127.13,72.0,100.0,70.0,70.0,72.0,71.31666666666666,67.0,69.0,68.0,68.0,2606
2025-02-27 03:15:00,124.30666666666669,0.0,34.0,105.16333333333334,127.13,72.0,100.0,70.0,70.0,72.0,71.36,67.0,69.0,68.0,68.0,2607
2025-02-27 03:30:00,126.42333333333332,0.0,34.0,105.00666666666666,127.13,72.0,100.0,70.0,70.0,72.0,71.55666666666666,67.0,69.0,68.0,68.0,2608
2025-02-27 03:45:00,125.71666666666664,3.723333333333333,34.666666666666664,105.01,125.71666666666664,72.0,97.67333333333332,70.0,70.0,72.0,72.08,67.0,69.0,68.0,68.0,2609
2025-02-27 04:00:00,125.01,12.983333333333334,33.333333333333336,103.87333333333332,125.01,72.0,91.45666666666666,70.0,70.0,72.0,72.32000000000001,67.0,69.0,68.0,68.0,2610
2025-02-27 04:15:00,126.42333333333332,24.76,34.0,100.91333333333334,125.01,72.0,82.98,70.0,70.0,72.0,72.57,67.0,69.0,68.0,68.0,2611
2025-02-27 04:30:00,127.13,37.27,33.0,96.71666666666664,125.01,72.0,73.43333333333334,70.0,70.0,72.0,72.79333333333334,67.0,69.0,68.0,68.0,2612
2025-02-27 04:45:00,142.67,46.09666666666666,35.833333333333336,82.17666666666666,141.96333333333334,72.0,43.16,70.0,70.0,72.0,72.86,67.0,69.0,68.0,68.0,2613
2025-02-27 05:00:00,147.61333333333332,17.716666666666665,36.0,59.93666666666667,145.49333333333334,72.0,0.0,70.0,70.0,72.0,71.92333333333333,67.0,69.0,68.0,68.0,2614
2025-02-27 05:15:00,124.30666666666669,0.0,32.5,61.5,125.01,72.0,7.576666666666667,70.0,70.0,72.0,71.14,67.0,69.0,68.0,68.0,2615
2025-02-27 05:30:00,123.60333333333334,0.0,33.166666666666664,70.08999999999999,125.01,72.0,28.32333333333333,70.0,70.0,72.0,70.88333333333334,67.0,69.0,68.0,68.0,2616
2025-02-27 05:45:00,125.01333333333334,0.0,32.0,74.00666666666666,125.01,72.0,30.416666666666668,70.0,70.0,72.0,71.14666666666666,67.0,69.0,68.0,68.0,2617
2025-02-27 06:00:00,124.30666666666669,0.0,33.5,74.65666666666667,125.01,72.0,36.07333333333333,70.0,70.0,72.0,71.17333333333333,67.0,69.0,68.0,68.0,2618
2025-02-27 06:15:00,125.01333333333334,0.0,32.5,79.71,125.01,72.0,39.77,70.0,70.0,72.0,71.27333333333333,67.0,69.0,68.0,68.0,2619
2025-02-27 06:30:00,124.30666666666669,0.0,33.666666666666664,77.33333333333333,125.01,72.0,41.48333333333333,70.0,70.0,72.0,71.43666666666667,67.0,69.0,68.0,68.0,2620
2025-02-27 06:45:00,124.30666666666669,0.0,34.0,78.47666666666667,125.01,72.0,44.26,70.0,70.0,72.0,71.49,67.0,69.0,68.0,68.0,2621
2025-02-27 07:00:00,125.71666666666664,0.0,33.166666666666664,85.33999999999999,125.01,72.0,47.196666666666665,70.0,70.0,72.0,71.52333333333333,67.0,69.0,68.0,68.0,2622
2025-02-27 07:15:00,123.60333333333334,0.0,33.333333333333336,82.36333333333334,125.01,72.0,49.68333333333334,70.0,70.0,72.0,71.56,67.0,69.0,68.0,68.0,2623
2025-02-27 07:30:00,125.71999999999998,0.0,33.5,87.90333333333335,125.01,72.0,51.443333333333335,70.0,70.0,72.0,71.61666666666667,67.0,69.0,68.0,68.0,2624
2025-02-27 07:45:00,122.89666666666666,0.0,33.166666666666664,85.48333333333333,125.01,72.0,51.52666666666666,70.0,70.0,72.0,71.74333333333334,67.0,69.0,68.0,68.0,2625
2025-02-27 08:00:00,126.42333333333332,0.0,32.833333333333336,88.32666666666667,125.01,72.0,51.00333333333333,70.0,70.0,72.0,71.83666666666666,67.0,69.0,68.0,68.0,2626
2025-02-27 08:15:00,124.31,0.0,33.5,86.63666666666667,125.01,72.0,51.79333333333333,70.0,70.0,72.0,71.84666666666666,67.0,69.0,68.0,68.0,2627
2025-02-27 08:30:00,126.42666666666666,0.0,32.333333333333336,86.79,125.01,72.0,50.98333333333333,70.0,70.0,72.0,71.92666666666666,67.0,69.0,68.0,68.0,2628
2025-02-27 08:45:00,125.71999999999998,0.0,33.5,87.87666666666667,125.01,72.0,51.50666666666667,70.0,70.0,72.0,71.92333333333333,67.0,69.0,68.0,68.0,2629
2025-02-27 09:00:00,125.71999999999998,0.0,31.83333333333333,88.39999999999999,125.01,72.0,51.53333333333333,70.0,70.0,72.0,71.94,67.0,69.0,68.0,68.0,2630
2025-02-27 09:15:00,126.42333333333332,0.0,33.166666666666664,87.8,125.01,72.0,51.77333333333333,70.0,70.0,72.0,71.94,67.0,69.0,68.0,68.0,2631
2025-02-27 09:30:00,125.71666666666664,0.3999999999999999,31.83333333333333,90.80666666666669,125.01,72.0,51.35999999999999,70.0,70.0,72.0,71.97,67.0,69.0,68.0,68.0,2632
2025-02-27 09:45:00,125.71666666666664,1.39,31.5,90.19666666666669,125.01,72.0,50.44,70.0,70.0,72.0,72.01333333333334,67.0,69.0,68.0,68.0,2633
2025-02-27 10:00:00,124.30666666666669,2.9433333333333334,31.5,89.43666666666667,125.01,72.0,49.23666666666666,70.0,70.0,72.0,72.06333333333333,67.0,69.0,68.0,68.0,2634
2025-02-27 10:15:00,123.60333333333334,1.5733333333333333,31.5,89.42333333333333,125.01,72.0,49.903333333333336,70.0,70.0,72.0,72.00333333333333,67.0,69.0,68.0,68.0,2635
2025-02-27 10:30:00,123.60333333333334,1.336666666666667,31.83333333333333,89.60000000000001,125.01,72.0,50.116666666666674,70.0,70.0,72.0,71.99,67.0,69.0,68.0,68.0,2636
2025-02-27 10:45:00,122.90000000000002,0.0,32.0,89.86666666666667,125.01,72.0,51.25666666666667,70.0,70.0,72.0,71.94,67.0,69.0,68.0,68.0,2637
2025-02-27 11:00:00,122.89666666666666,0.0,32.333333333333336,90.19,125.01,72.0,52.17333333333334,70.0,70.0,72.0,71.91666666666667,67.0,69.0,68.0,68.0,2638
2025-02-27 11:15:00,123.60333333333334,0.0,33.0,90.48666666666666,125.01,72.0,52.66,70.0,70.0,72.0,71.91666666666667,67.0,69.0,68.0,68.0,2639
2025-02-27 11:30:00,125.71666666666664,0.0,33.0,91.40666666666668,125.01,72.0,54.45,70.0,70.0,72.0,71.86,67.0,69.0,68.0,68.0,2640
2025-02-27 11:45:00,123.60333333333334,0.0,33.0,92.84,125.01,72.0,56.81666666666666,70.0,70.0,72.0,71.80666666666666,67.0,69.0,68.0,68.0,2641
2025-02-27 12:00:00,123.6,0.0,33.333333333333336,92.6,125.01,72.0,56.47,70.0,70.0,72.0,71.87333333333333,67.0,69.0,68.0,68.0,2642
2025-02-27 12:15:00,125.71666666666664,0.0,33.5,92.59999999999998,125.01,72.0,56.38333333333333,70.0,70.0,72.0,71.91333333333334,67.0,69.0,68.0,68.0,2643
2025-02-27 12:30:00,122.90000000000002,0.0,33.5,92.72,125.01,72.0,56.52666666666667,70.0,70.0,72.0,71.92666666666666,67.0,69.0,68.0,68.0,2644
2025-02-27 12:45:00,124.30666666666669,0.0,33.5,92.97333333333334,125.01,72.0,57.09,70.0,70.0,72.0,71.92,67.0,69.0,68.0,68.0,2645
2025-02-27 13:00:00,125.01,0.0,33.833333333333336,93.28666666666668,125.01,72.0,57.82333333333333,70.0,70.0,72.0,71.91333333333334,67.0,69.0,68.0,68.0,2646
2025-02-27 13:15:00,125.01,0.0,34.0,93.62,125.01,72.0,58.153333333333336,70.0,70.0,72.0,71.92,67.0,69.0,68.0,68.0,2647
2025-02-27 13:30:00,124.30666666666669,0.0566666666666666,34.0,93.33666666666666,125.01,72.0,57.88333333333333,70.0,70.0,72.0,71.96,67.0,69.0,68.0,68.0,2648
2025-02-27 13:45:00,124.30666666666669,2.4166666666666665,34.0,92.23333333333332,125.01,72.0,55.82666666666668,70.0,70.0,72.0,72.05666666666667,67.0,69.0,68.0,68.0,2649
2025-02-27 14:00:00,123.60333333333334,6.056666666666668,34.0,91.14333333333332,125.01,72.0,53.336666666666666,70.0,70.0,72.0,72.13333333333334,67.0,69.0,68.0,68.0,2650
2025-02-27 14:15:00,125.01333333333334,7.866666666666667,34.0,89.88,125.01,72.0,51.72666666666667,70.0,70.0,72.0,72.15333333333334,67.0,69.0,68.0,68.0,2651
2025-02-27 14:30:00,125.71666666666664,8.393333333333333,34.0,89.60666666666667,125.01,72.0,50.946666666666665,70.0,70.0,72.0,72.13666666666667,67.0,69.0,68.0,68.0,2652
2025-02-27 14:45:00,125.01,11.75,34.0,88.06666666666666,125.01,72.0,48.376666666666665,70.0,70.0,72.0,72.2,67.0,69.0,68.0,68.0,2653
2025-02-27 15:00:00,127.13,18.226666666666667,33.0,84.98,125.01,72.0,43.60999999999999,70.0,70.0,72.0,72.31333333333333,67.0,69.0,68.0,68.0,2654
2025-02-27 15:15:00,124.30666666666669,15.633333333333333,32.333333333333336,85.57666666666667,125.01,72.0,44.35333333333333,70.0,70.0,72.0,72.17999999999999,67.0,69.0,68.0,68.0,2655
2025-02-27 15:30:00,125.71666666666664,18.093333333333334,32.0,84.83333333333333,125.01,72.0,42.27,70.0,70.0,72.0,72.20333333333333,67.0,69.0,68.0,68.0,2656
2025-02-27 15:45:00,125.01333333333334,26.536666666666665,32.166666666666664,82.02666666666666,125.01,72.0,36.3,70.0,70.0,72.0,72.39,67.0,69.0,68.0,68.0,2657
2025-02-27 16:00:00,125.01,36.23333333333333,32.5,77.99666666666667,125.01,72.0,28.95,70.0,70.0,72.0,72.58333333333333,67.0,69.0,68.0,68.0,2658
2025-02-27 16:15:00,127.13,45.28,32.0,74.96,125.01,72.0,21.53333333333333,70.0,70.0,72.0,72.69666666666666,67.0,69.0,68.0,68.0,2659
2025-02-27 16:30:00,125.01,49.17666666666667,31.5,71.27,125.01,72.0,17.05333333333333,70.0,70.0,72.0,72.66333333333334,67.0,69.0,68.0,68.0,2660
2025-02-27 16:45:00,122.89666666666666,45.13,33.0,65.34666666666666,125.01,72.0,17.81,70.0,70.0,72.0,72.42,67.0,69.0,68.0,68.0,2661
2025-02-27 17:00:00,123.60333333333334,31.846666666666668,34.166666666666664,67.36666666666666,125.01,72.0,25.176666666666662,70.0,70.0,72.0,71.96666666666665,67.0,69.0,68.0,68.0,2662
2025-02-27 17:15:00,123.60333333333334,21.85,34.5,70.57666666666667,125.01,72.0,31.686666666666667,70.0,70.0,72.0,71.7,67.0,69.0,68.0,68.0,2663
2025-02-27 17:30:00,124.31,11.853333333333332,35.0,75.52333333333333,125.01,72.0,39.38999999999999,70.0,70.0,72.0,71.39333333333333,67.0,69.0,68.0,68.0,2664
2025-02-27 17:45:00,124.31,8.75,35.0,78.65333333333332,125.01,72.0,42.41333333333333,70.0,70.0,72.0,71.56,67.0,69.0,68.0,68.0,2665
2025-02-27 18:00:00,126.42333333333332,10.15,34.666666666666664,77.72333333333334,125.01,72.0,42.73,70.0,70.0,72.0,71.62333333333333,67.0,69.0,68.0,68.0,2666
2025-02-27 18:15:00,126.42333333333332,1.61,34.333333333333336,83.41000000000001,125.01,72.0,50.77666666666666,70.0,70.0,72.0,71.44666666666667,67.0,69.0,68.0,68.0,2667
2025-02-27 18:30:00,127.13,13.993333333333332,33.0,79.16000000000001,125.01,72.0,42.72666666666667,70.0,70.0,72.0,71.93666666666667,67.0,69.0,68.0,68.0,2668
2025-02-27 18:45:00,125.71666666666664,24.28333333333333,32.833333333333336,74.42666666666666,125.01,72.0,36.31666666666666,70.0,70.0,72.0,72.23,67.0,69.0,68.0,68.0,2669
2025-02-27 19:00:00,124.30666666666669,29.493333333333336,32.5,71.58,125.01,72.0,32.21666666666667,70.0,70.0,72.0,72.30666666666667,67.0,69.0,68.0,68.0,2670
2025-02-27 19:15:00,124.30666666666669,28.076666666666664,32.5,71.91333333333334,125.01,72.0,32.263333333333335,70.0,70.0,72.0,72.21,67.0,69.0,68.0,68.0,2671
2025-02-27 19:30:00,126.42333333333332,28.46,32.333333333333336,71.18666666666667,125.01,72.0,31.37333333333333,70.0,70.0,72.0,72.17,67.0,69.0,68.0,68.0,2672
2025-02-27 19:45:00,126.42333333333332,24.78333333333333,31.666666666666668,72.10666666666667,125.01,72.0,33.21333333333333,70.0,70.0,72.0,72.04,67.0,69.0,68.0,68.0,2673
2025-02-27 20:00:00,125.01,21.386666666666667,31.5,73.46333333333332,125.01,72.0,35.26,70.0,70.0,72.0,71.93333333333334,67.0,69.0,68.0,68.0,2674
2025-02-27 20:15:00,124.30666666666669,19.9,31.5,74.16000000000001,125.01,72.0,36.35333333333333,70.0,70.0,72.0,71.90666666666667,67.0,69.0,68.0,68.0,2675
2025-02-27 20:30:00,125.01,15.966666666666669,31.0,75.62666666666667,125.01,72.0,39.1,70.0,70.0,72.0,71.81666666666666,67.0,69.0,68.0,68.0,2676
2025-02-27 20:45:00,124.30666666666669,10.536666666666669,30.666666666666668,78.37333333333333,125.01,72.0,43.05666666666667,70.0,70.0,72.0,71.69333333333334,67.0,69.0,68.0,68.0,2677
2025-02-27 21:00:00,125.01333333333334,4.763333333333334,31.0,81.13333333333333,125.01,72.0,47.49333333333333,70.0,70.0,72.0,71.60666666666667,67.0,69.0,68.0,68.0,2678
2025-02-27 21:15:00,125.71999999999998,0.0,31.0,85.60000000000001,125.01,72.0,54.82,70.0,70.0,72.0,71.42,67.0,69.0,68.0,68.0,2679
2025-02-27 21:30:00,126.42333333333332,0.0,31.33333333333333,90.58,125.01,72.0,63.09,70.0,70.0,72.0,71.25333333333333,67.0,69.0,68.0,68.0,2680
2025-02-27 21:45:00,125.01333333333334,0.0,30.5,92.69,125.01,72.0,66.33999999999999,70.0,70.0,72.0,71.35000000000001,67.0,69.0,68.0,68.0,2681
2025-02-27 22:00:00,124.30666666666669,0.0,30.83333333333333,94.73666666666666,125.01,72.0,70.99333333333333,70.0,70.0,72.0,71.35,67.0,69.0,68.0,68.0,2682
2025-02-27 22:15:00,124.30666666666669,0.0,31.666666666666668,96.20666666666666,125.01,72.0,75.41333333333334,70.0,70.0,72.0,71.37,67.0,69.0,68.0,68.0,2683
2025-02-27 22:30:00,125.71666666666664,0.0,31.5,97.78,125.01,72.0,80.26,70.0,70.0,72.0,71.34333333333335,67.0,69.0,68.0,68.0,2684
2025-02-27 22:45:00,126.42333333333332,0.6766666666666666,31.0,97.31,125.01,72.0,76.82333333333334,70.0,70.0,72.0,71.70333333333333,67.0,69.0,68.0,68.0,2685
2025-02-27 23:00:00,125.01333333333334,13.246666666666664,31.83333333333333,91.33333333333331,125.01,72.0,63.71333333333333,70.0,70.0,72.0,72.34333333333333,67.0,69.0,68.0,68.0,2686
2025-02-27 23:15:00,127.13,28.846666666666668,31.666666666666668,87.95,125.01,72.0,52.696666666666665,70.0,70.0,72.0,72.69,67.0,69.0,68.0,68.0,2687
2025-02-27 23:30:00,124.30666666666669,28.08,31.166666666666668,85.33999999999999,125.01,72.0,51.3,70.0,70.0,72.0,72.52333333333333,67.0,69.0,68.0,68.0,2688
2025-02-27 23:45:00,125.71666666666664,20.246666666666663,31.5,89.0,125.01,72.0,54.82666666666666,70.0,70.0,72.0,72.21333333333332,67.0,69.0,68.0,68.0,2689
2025-02-28 00:00:00,125.01,13.443333333333332,32.333333333333336,89.37,125.01,72.0,58.586666666666666,70.0,70.0,72.0,71.97333333333334,67.0,69.0,68.0,68.0,2690
2025-02-28 00:15:00,124.30666666666669,3.1733333333333333,32.0,95.3,125.01,72.0,65.19333333333333,70.0,70.0,72.0,71.7,67.0,69.0,68.0,68.0,2691
2025-02-28 00:30:00,125.71666666666664,0.0,33.166666666666664,98.90666666666664,125.01,72.0,72.56,70.0,70.0,72.0,71.48333333333333,67.0,69.0,68.0,68.0,2692
2025-02-28 00:45:00,124.31,0.0,32.5,100.94666666666669,125.01,72.0,80.35000000000001,70.0,70.0,72.0,71.32666666666667,67.0,69.0,68.0,68.0,2693
2025-02-28 01:00:00,125.71666666666664,0.0,33.0,108.01333333333334,125.01,72.0,90.91666666666669,70.0,70.0,72.0,71.09666666666666,67.0,69.0,68.0,68.0,2694
2025-02-28 01:15:00,125.01333333333334,0.0,33.666666666666664,105.17666666666666,125.71666666666664,72.0,97.62333333333332,70.0,70.0,72.0,71.02666666666666,67.0,69.0,68.0,68.0,2695
2025-02-28 01:30:00,127.84,0.0,32.666666666666664,108.10666666666668,127.13,72.0,100.0,70.0,70.0,72.0,70.92666666666668,67.0,69.0,68.0,68.0,2696
2025-02-28 01:45:00,127.13,0.0,34.333333333333336,106.73,127.13,72.0,100.0,70.0,70.0,72.0,70.90666666666667,67.0,69.0,68.0,68.0,2697
2025-02-28 02:00:00,127.13,0.0,32.666666666666664,110.33666666666666,127.13,72.0,100.0,70.0,70.0,72.0,70.88000000000001,67.0,69.0,68.0,68.0,2698
2025-02-28 02:15:00,127.13,0.0,32.5,110.60666666666668,127.13,72.0,100.0,70.0,70.0,72.0,70.95,67.0,69.0,68.0,68.0,2699
2025-02-28 02:30:00,125.71666666666664,0.0,32.5,110.64333333333332,127.13,72.0,100.0,70.0,70.0,72.0,71.02333333333333,67.0,69.0,68.0,68.0,2700
2025-02-28 02:45:00,125.01333333333334,0.0,32.666666666666664,111.00333333333332,127.13,72.0,100.0,70.0,70.0,72.0,71.08,67.0,69.0,68.0,68.0,2701
2025-02-28 03:00:00,125.71666666666664,0.0,33.833333333333336,110.84,127.13,72.0,100.0,70.0,70.0,72.0,71.1,67.0,69.0,68.0,68.0,2702
2025-02-28 03:15:00,124.30666666666669,0.0,34.0,110.55333333333331,127.13,72.0,100.0,70.0,70.0,72.0,71.10333333333334,67.0,69.0,68.0,68.0,2703
2025-02-28 03:30:00,125.71666666666664,0.0,34.0,110.45,127.13,72.0,100.0,70.0,70.0,72.0,71.18,67.0,69.0,68.0,68.0,2704
2025-02-28 03:45:00,125.71666666666664,0.0,34.166666666666664,110.52666666666666,127.13,72.0,100.0,70.0,70.0,72.0,71.15666666666667,67.0,69.0,68.0,68.0,2705
2025-02-28 04:00:00,125.01,0.0,34.5,110.20333333333332,127.13,72.0,100.0,70.0,70.0,72.0,71.13,67.0,69.0,68.0,68.0,2706
2025-02-28 04:15:00,127.13,0.0,34.5,109.88333333333333,127.13,72.0,100.0,70.0,70.0,72.0,71.18,67.0,69.0,68.0,68.0,2707
2025-02-28 04:30:00,125.01,0.0,34.5,109.9,127.13,72.0,100.0,70.0,70.0,72.0,71.13,67.0,69.0,68.0,68.0,2708
2025-02-28 04:45:00,126.42333333333332,0.0,34.5,109.81,127.13,72.0,100.0,70.0,70.0,72.0,71.10333333333334,67.0,69.0,68.0,68.0,2709
2025-02-28 05:00:00,125.01,0.0,34.5,109.74,127.13,72.0,100.0,70.0,70.0,72.0,71.13,67.0,69.0,68.0,68.0,2710
2025-02-28 05:15:00,125.71666666666664,0.0,34.666666666666664,109.83333333333331,127.13,72.0,100.0,70.0,70.0,72.0,71.10666666666667,67.0,69.0,68.0,68.0,2711
2025-02-28 05:30:00,125.71666666666664,0.0,35.0,109.64333333333332,127.13,72.0,100.0,70.0,70.0,72.0,71.1,67.0,69.0,68.0,68.0,2712
2025-02-28 05:45:00,125.01,0.0,35.0,109.67,127.13,72.0,100.0,70.0,70.0,72.0,71.125,67.0,69.0,68.0,68.0,2713
2025-02-28 06:00:00,125.01,0.0,35.166666666666664,109.57,127.13,72.0,100.0,70.0,70.0,72.0,71.21333333333332,67.0,69.0,68.0,68.0,2714
2025-02-28 06:15:00,125.71666666666664,0.0,35.5,109.49333333333334,127.13,72.0,100.0,70.0,70.0,72.0,71.24,67.0,69.0,68.0,68.0,2715
2025-02-28 06:30:00,124.30666666666669,0.0,35.666666666666664,109.53333333333336,127.13,72.0,100.0,70.0,70.0,72.0,71.24,67.0,69.0,68.0,68.0,2716
2025-02-28 06:45:00,124.30666666666669,0.0,36.0,109.24333333333334,127.13,72.0,100.0,70.0,70.0,72.0,71.29333333333334,67.0,69.0,68.0,68.0,2717
2025-02-28 07:00:00,123.60333333333334,0.0,36.333333333333336,109.46,127.13,72.0,100.0,70.0,70.0,72.0,71.35000000000001,67.0,69.0,68.0,68.0,2718
2025-02-28 07:15:00,126.42333333333332,0.0,36.5,109.31,127.13,72.0,100.0,70.0,70.0,72.0,71.37666666666667,67.0,69.0,68.0,68.0,2719
2025-02-28 07:30:00,125.01,0.0,36.833333333333336,109.51666666666668,127.13,72.0,100.0,70.0,70.0,72.0,71.39333333333333,67.0,69.0,68.0,68.0,2720
2025-02-28 07:45:00,126.42333333333332,0.0,37.0,109.15333333333336,127.13,72.0,100.0,70.0,70.0,72.0,71.38666666666667,67.0,69.0,68.0,68.0,2721
2025-02-28 08:00:00,127.13,0.0,36.5,108.95,127.13,72.0,100.0,70.0,70.0,72.0,71.40666666666667,67.0,69.0,68.0,68.0,2722
2025-02-28 08:15:00,126.42333333333332,0.0,36.0,109.05666666666669,127.13,72.0,100.0,70.0,70.0,72.0,71.38,67.0,69.0,68.0,68.0,2723
2025-02-28 08:30:00,126.42333333333332,0.0,35.833333333333336,109.01666666666668,127.13,72.0,100.0,70.0,70.0,72.0,71.38666666666667,67.0,69.0,68.0,68.0,2724
2025-02-28 08:45:00,125.71666666666664,0.0,36.5,109.20333333333332,127.13,72.0,100.0,70.0,70.0,72.0,71.43666666666667,67.0,69.0,68.0,68.0,2725
2025-02-28 09:00:00,127.13,0.0,35.666666666666664,108.94666666666669,127.13,72.0,100.0,70.0,70.0,72.0,71.47,67.0,69.0,68.0,68.0,2726
2025-02-28 09:15:00,127.13,0.0,32.5,108.13,127.13,72.0,100.0,70.0,70.0,72.0,71.40666666666665,67.0,69.0,68.0,68.0,2727
2025-02-28 09:30:00,125.71666666666664,0.0,32.0,108.16,127.13,72.0,100.0,70.0,70.0,72.0,71.38,67.0,69.0,68.0,68.0,2728
2025-02-28 09:45:00,125.71666666666664,0.0,32.333333333333336,108.16333333333334,127.13,72.0,100.0,70.0,70.0,72.0,71.36333333333333,67.0,69.0,68.0,68.0,2729
2025-02-28 10:00:00,125.01333333333334,0.0,33.666666666666664,107.86333333333334,127.13,72.0,100.0,70.0,70.0,72.0,71.27,67.0,69.0,68.0,68.0,2730
2025-02-28 10:15:00,125.01,0.0,34.0,107.80666666666666,127.13,72.0,100.0,70.0,70.0,72.0,71.23333333333333,67.0,69.0,68.0,68.0,2731
2025-02-28 10:30:00,124.30666666666669,0.0,34.0,107.85333333333334,127.13,72.0,100.0,70.0,70.0,72.0,71.12333333333333,67.0,69.0,68.0,68.0,2732
2025-02-28 10:45:00,125.71666666666664,0.0,34.166666666666664,107.75666666666666,127.13,72.0,100.0,70.0,70.0,72.0,70.98,67.0,69.0,68.0,68.0,2733
2025-02-28 11:00:00,125.71666666666664,0.0,34.5,107.74,127.13,72.0,100.0,70.0,70.0,72.0,70.86666666666667,67.0,69.0,68.0,68.0,2734
2025-02-28 11:15:00,125.01333333333334,0.0,34.5,107.91,127.13,72.0,100.0,70.0,70.0,72.0,70.80333333333333,67.0,69.0,68.0,68.0,2735
2025-02-28 11:30:00,125.71666666666664,0.0,34.666666666666664,107.94666666666669,127.13,72.0,100.0,70.0,70.0,72.0,70.71,67.0,69.0,68.0,68.0,2736
2025-02-28 11:45:00,125.01333333333334,0.0,35.0,107.96,127.13,72.0,100.0,70.0,70.0,72.0,70.66666666666667,67.0,69.0,68.0,68.0,2737
2025-02-28 12:00:00,124.30666666666669,0.0,35.0,107.76666666666664,127.13,72.0,100.0,70.0,70.0,72.0,70.66,67.0,69.0,68.0,68.0,2738
2025-02-28 12:15:00,125.71999999999998,0.0,35.333333333333336,107.31666666666666,127.13,72.0,100.0,70.0,70.0,72.0,70.63666666666667,67.0,69.0,68.0,68.0,2739
2025-02-28 12:30:00,126.42333333333332,0.0,35.5,107.07,127.13,72.0,100.0,70.0,70.0,72.0,70.57333333333334,67.0,69.0,68.0,68.0,2740
2025-02-28 12:45:00,125.71666666666664,0.0,35.5,107.44666666666669,127.13,72.0,100.0,70.0,70.0,72.0,70.54,67.0,69.0,68.0,68.0,2741
2025-02-28 13:00:00,125.01,0.0,35.666666666666664,107.41333333333334,127.13,72.0,100.0,70.0,70.0,72.0,70.54,67.0,69.0,68.0,68.0,2742
2025-02-28 13:15:00,127.13,0.0,35.5,107.54333333333334,127.13,72.0,100.0,70.0,70.0,72.0,70.54,67.0,69.0,68.0,68.0,2743
2025-02-28 13:30:00,127.13,0.0,34.5,107.61666666666667,127.13,72.0,100.0,70.0,70.0,72.0,70.54666666666667,67.0,69.0,68.0,68.0,2744
2025-02-28 13:45:00,127.13,0.0,33.833333333333336,108.34666666666664,127.13,72.0,100.0,70.0,70.0,72.0,70.67999999999999,67.0,69.0,68.0,68.0,2745
2025-02-28 14:00:00,125.71666666666664,0.0,33.5,109.31666666666666,127.13,72.0,100.0,70.0,70.0,72.0,71.0,67.0,69.0,68.0,68.0,2746
2025-02-28 14:15:00,126.42333333333332,0.0,33.5,109.41333333333334,127.13,72.0,100.0,70.0,70.0,72.0,71.41000000000001,67.0,69.0,68.0,68.0,2747
2025-02-28 14:30:00,126.42333333333332,0.0,33.5,109.79666666666668,127.13,72.0,100.0,70.0,70.0,72.0,71.34333333333332,67.0,69.0,68.0,68.0,2748
2025-02-28 14:45:00,125.71666666666664,0.0,33.5,110.12,127.13,72.0,100.0,70.0,70.0,72.0,71.41333333333334,67.0,69.0,68.0,68.0,2749
2025-02-28 15:00:00,125.71666666666664,0.0,33.5,110.66,127.13,72.0,100.0,70.0,70.0,72.0,71.56,67.0,69.0,68.0,68.0,2750
2025-02-28 15:15:00,125.01,0.1466666666666666,33.5,111.18,126.42333333333332,72.0,99.91,70.0,70.0,72.0,71.81666666666666,67.0,69.0,68.0,68.0,2751
2025-02-28 15:30:00,127.13,4.513333333333334,33.5,111.04333333333334,125.01,72.0,97.12,70.0,70.0,72.0,72.10666666666667,67.0,69.0,68.0,68.0,2752
2025-02-28 15:45:00,126.42333333333332,9.193333333333332,33.333333333333336,110.91666666666669,125.01,72.0,93.78000000000002,70.0,70.0,72.0,72.21333333333334,67.0,69.0,68.0,68.0,2753
2025-02-28 16:00:00,122.18666666666668,11.77,36.0,103.19666666666669,125.01,72.0,91.52,70.0,70.0,72.0,72.23,67.0,69.0,68.0,68.0,2754
2025-02-28 16:15:00,126.42333333333332,10.683333333333332,38.0,102.66666666666669,125.01,72.0,91.53000000000002,70.0,70.0,72.0,72.15333333333334,67.0,69.0,68.0,68.0,2755
2025-02-28 16:30:00,127.13,6.79,37.66666666666666,102.59666666666668,125.01,72.0,93.57333333333334,70.0,70.0,72.0,72.01333333333334,67.0,69.0,68.0,68.0,2756
2025-02-28 16:45:00,127.13,3.0033333333333334,36.66666666666666,102.51666666666668,125.01,72.0,95.94666666666669,70.0,70.0,72.0,71.89666666666666,67.0,69.0,68.0,68.0,2757
2025-02-28 17:00:00,127.83666666666666,9.143333333333333,35.666666666666664,102.18666666666668,125.01,72.0,92.68,70.0,70.0,72.0,72.10333333333334,67.0,69.0,68.0,68.0,2758
2025-02-28 17:15:00,159.6233333333333,38.76,41.0,81.12666666666667,159.6233333333333,72.0,26.32333333333333,70.0,70.0,72.0,72.88666666666667,67.0,69.0,68.0,68.0,2759
2025-02-28 17:30:00,167.39333333333332,32.75,39.833333333333336,60.56666666666666,164.5666666666667,72.0,0.0,70.0,70.0,72.0,72.53666666666668,67.0,69.0,68.0,68.0,2760
2025-02-28 17:45:00,150.44,21.06,36.833333333333336,60.64000000000001,150.44,72.0,0.0,70.0,70.0,72.0,72.11666666666666,67.0,69.0,68.0,68.0,2761
2025-02-28 18:00:00,162.44666666666666,30.43,38.5,60.97666666666667,160.32666666666668,72.0,0.0,70.0,70.0,72.0,72.35666666666667,67.0,69.0,68.0,68.0,2762
2025-02-28 18:15:00,156.79666666666665,25.326666666666664,36.66666666666666,60.803333333333335,155.38333333333333,72.0,0.0,70.0,70.0,72.0,72.12333333333333,67.0,69.0,68.0,68.0,2763
2025-02-28 18:30:00,135.60666666666663,8.956666666666667,33.333333333333336,61.083333333333336,134.9,72.0,0.0,70.0,70.0,72.0,71.64666666666666,67.0,69.0,68.0,68.0,2764
2025-02-28 18:45:00,125.71666666666664,0.0,31.5,61.32666666666666,125.01,72.0,0.0,70.0,70.0,72.0,71.32,67.0,69.0,68.0,68.0,2765
2025-02-28 19:00:00,125.71666666666664,0.0,31.166666666666668,61.35999999999999,125.01,72.0,0.0,70.0,70.0,72.0,71.33,67.0,69.0,68.0,68.0,2766
2025-02-28 19:15:00,125.71666666666664,0.0,31.0,63.303333333333335,125.01,72.0,8.51,70.0,70.0,72.0,71.04,67.0,69.0,68.0,68.0,2767
2025-02-28 19:30:00,124.30666666666669,0.0,31.0,69.59,125.01,72.0,28.043333333333333,70.0,70.0,72.0,70.95333333333333,67.0,69.0,68.0,68.0,2768
2025-02-28 19:45:00,125.71666666666664,0.0,30.666666666666668,71.69,125.01,72.0,32.0,70.0,70.0,72.0,71.09666666666666,67.0,69.0,68.0,68.0,2769
2025-02-28 20:00:00,125.01,0.0,30.33333333333333,72.59666666666666,125.01,72.0,33.093333333333334,70.0,70.0,72.0,71.33999999999999,67.0,69.0,68.0,68.0,2770
2025-02-28 20:15:00,125.01333333333334,0.0,30.0,71.76666666666667,125.01,72.0,31.206666666666667,70.0,70.0,72.0,71.63666666666667,67.0,69.0,68.0,68.0,2771
2025-02-28 20:30:00,124.30666666666669,0.0,30.0,71.78,125.01,72.0,31.66,70.0,70.0,72.0,71.71,67.0,69.0,68.0,68.0,2772
2025-02-28 20:45:00,126.42333333333332,0.0,30.0,74.53333333333333,125.01,72.0,35.7,70.0,70.0,72.0,71.64,67.0,69.0,68.0,68.0,2773
2025-02-28 21:00:00,125.71666666666664,2.0,29.83333333333333,70.99666666666667,125.01,72.0,29.256666666666664,70.0,70.0,72.0,72.01666666666667,67.0,69.0,68.0,68.0,2774
2025-02-28 21:15:00,125.01333333333334,3.44,29.33333333333333,69.76333333333334,125.01,72.0,27.78333333333333,70.0,70.0,72.0,72.07,67.0,69.0,68.0,68.0,2775
2025-02-28 21:30:00,125.01,4.013333333333333,29.5,69.50666666666666,125.01,72.0,27.19,70.0,70.0,72.0,72.07,67.0,69.0,68.0,68.0,2776
2025-02-28 21:45:00,125.01,1.106666666666667,29.0,70.12,125.01,72.0,28.92,70.0,70.0,72.0,71.96333333333332,67.0,69.0,68.0,68.0,2777
2025-02-28 22:00:00,126.42333333333332,0.0,28.83333333333333,70.81666666666666,125.01,72.0,30.153333333333336,70.0,70.0,72.0,71.92,67.0,69.0,68.0,68.0,2778
2025-02-28 22:15:00,125.01,0.0,29.166666666666668,71.29333333333334,125.01,72.0,31.08333333333333,70.0,70.0,72.0,71.90666666666667,67.0,69.0,68.0,68.0,2779
2025-02-28 22:30:00,126.42333333333332,0.0,28.83333333333333,71.62333333333333,125.01,72.0,31.863333333333333,70.0,70.0,72.0,71.90333333333332,67.0,69.0,68.0,68.0,2780
2025-02-28 22:45:00,125.01333333333332,0.0,29.0,72.27666666666666,125.01,72.0,33.34,70.0,70.0,72.0,71.86,67.0,69.0,68.0,68.0,2781
2025-02-28 23:00:00,125.01333333333334,0.0,29.0,73.61333333333333,125.01,72.0,35.67333333333333,70.0,70.0,72.0,71.8,67.0,69.0,68.0,68.0,2782
2025-02-28 23:15:00,125.71999999999998,0.0,28.666666666666668,74.33999999999999,125.01,72.0,37.0,70.0,70.0,72.0,71.80666666666666,67.0,69.0,68.0,68.0,2783
2025-02-28 23:30:00,125.71666666666664,0.0,29.0,77.75,125.01,72.0,43.74,70.0,70.0,72.0,71.57666666666667,67.0,69.0,68.0,68.0,2784
2025-02-28 23:45:00,124.31,0.0,28.666666666666668,83.21333333333332,125.01,72.0,51.49333333333334,70.0,70.0,72.0,71.39999999999999,67.0,69.0,68.0,68.0,2785
2025-03-01 00:00:00,126.42666666666666,0.0,29.83333333333333,84.56666666666666,125.01,72.0,53.25333333333333,70.0,70.0,72.0,71.49666666666667,67.0,69.0,68.0,68.0,2786
2025-03-01 00:15:00,125.01333333333334,0.0,30.5,85.81,125.01,72.0,54.35666666666666,70.0,70.0,72.0,71.61333333333333,67.0,69.0,68.0,68.0,2787
2025-03-01 00:30:00,123.60333333333334,0.0,31.5,87.45666666666666,125.01,72.0,56.59666666666666,70.0,70.0,72.0,71.63333333333334,67.0,69.0,68.0,68.0,2788
2025-03-01 00:45:00,125.01,0.0,32.5,88.95666666666666,125.01,72.0,58.34333333333333,70.0,70.0,72.0,71.67,67.0,69.0,68.0,68.0,2789
2025-03-01 01:00:00,123.60333333333334,0.0,32.666666666666664,89.12,125.01,72.0,58.120000000000005,70.0,70.0,72.0,71.78,67.0,69.0,68.0,68.0,2790
2025-03-01 01:15:00,123.60333333333334,0.0,33.333333333333336,90.05,125.01,72.0,59.48666666666667,70.0,70.0,72.0,71.78666666666668,67.0,69.0,68.0,68.0,2791
2025-03-01 01:30:00,125.71666666666664,0.0,34.0,89.79,125.01,72.0,59.09,70.0,70.0,72.0,71.87333333333333,67.0,69.0,68.0,68.0,2792
2025-03-01 01:45:00,125.71666666666664,0.0,34.0,90.01333333333332,125.01,72.0,59.38666666666666,70.0,70.0,72.0,71.89,67.0,69.0,68.0,68.0,2793
2025-03-01 02:00:00,124.30666666666669,0.0,34.166666666666664,90.27,125.01,72.0,59.98,70.0,70.0,72.0,71.89666666666666,67.0,69.0,68.0,68.0,2794
2025-03-01 02:15:00,127.83666666666666,0.0,34.166666666666664,90.90666666666668,125.01,72.0,62.10999999999999,70.0,70.0,72.0,71.84666666666666,67.0,69.0,68.0,68.0,2795
2025-03-01 02:30:00,125.01333333333334,0.0,34.166666666666664,91.12,125.01,72.0,61.35333333333333,70.0,70.0,72.0,71.90666666666667,67.0,69.0,68.0,68.0,2796
2025-03-01 02:45:00,125.71999999999998,0.0,34.5,91.05,125.01,72.0,61.19,70.0,70.0,72.0,71.94,67.0,69.0,68.0,68.0,2797
2025-03-01 03:00:00,125.01333333333334,1.6833333333333331,34.5,90.21333333333332,125.01,72.0,59.4,70.0,70.0,72.0,72.03333333333333,67.0,69.0,68.0,68.0,2798
2025-03-01 03:15:00,125.01333333333334,0.0,34.5,90.62,125.01,72.0,61.04333333333333,70.0,70.0,72.0,71.94,67.0,69.0,68.0,68.0,2799
2025-03-01 03:30:00,124.30666666666669,1.3033333333333337,34.5,90.46333333333332,125.01,72.0,59.870000000000005,70.0,70.0,72.0,72.01333333333334,67.0,69.0,68.0,68.0,2800
2025-03-01 03:45:00,125.71666666666664,3.8733333333333335,34.666666666666664,89.15666666666668,125.01,72.0,57.870000000000005,70.0,70.0,72.0,72.09,67.0,69.0,68.0,68.0,2801
2025-03-01 04:00:00,125.01,4.71,35.0,88.59666666666665,125.01,72.0,57.07666666666668,70.0,70.0,72.0,72.09,67.0,69.0,68.0,68.0,2802
2025-03-01 04:15:00,126.42333333333332,6.753333333333333,34.833333333333336,87.54333333333334,125.01,72.0,55.53666666666667,70.0,70.0,72.0,72.12333333333333,67.0,69.0,68.0,68.0,2803
2025-03-01 04:30:00,126.42333333333332,7.623333333333334,34.166666666666664,86.36,125.01,72.0,54.59666666666666,70.0,70.0,72.0,72.12333333333333,67.0,69.0,68.0,68.0,2804
2025-03-01 04:45:00,125.015,6.835,33.25,86.66,125.01,72.0,54.835,70.0,70.0,72.0,72.09,67.0,69.0,68.0,68.0,2805
2025-03-01 05:00:00,125.71999999999998,9.686666666666667,35.0,85.50666666666666,125.01,72.0,52.71666666666667,70.0,70.0,72.0,72.12333333333333,67.0,69.0,68.0,68.0,2806
2025-03-01 05:15:00,127.13,9.843333333333334,34.833333333333336,84.78333333333333,125.01,72.0,52.223333333333336,70.0,70.0,72.0,72.10666666666667,67.0,69.0,68.0,68.0,2807
2025-03-01 05:30:00,126.42333333333332,7.88,33.833333333333336,84.66000000000001,125.01,72.0,53.13666666666666,70.0,70.0,72.0,72.03333333333333,67.0,69.0,68.0,68.0,2808
2025-03-01 05:45:00,124.30666666666669,8.236666666666666,34.0,88.36333333333334,125.01,72.0,52.836666666666666,70.0,70.0,72.0,72.03333333333333,67.0,69.0,68.0,68.0,2809
2025-03-01 06:00:00,125.01333333333334,7.0633333333333335,33.333333333333336,87.59333333333332,125.01,72.0,53.42333333333334,70.0,70.0,72.0,71.99,67.0,69.0,68.0,68.0,2810
2025-03-01 06:15:00,124.30666666666669,5.68,34.0,90.43333333333334,125.01,72.0,54.30666666666667,70.0,70.0,72.0,71.94666666666666,67.0,69.0,68.0,68.0,2811
2025-03-01 06:30:00,123.60333333333334,5.483333333333333,34.0,88.42666666666666,125.01,72.0,54.54666666666666,70.0,70.0,72.0,71.96,67.0,69.0,68.0,68.0,2812
2025-03-01 06:45:00,126.42333333333332,4.9366666666666665,33.333333333333336,93.12333333333332,125.01,72.0,54.973333333333336,70.0,70.0,72.0,71.94666666666667,67.0,69.0,68.0,68.0,2813
2025-03-01 07:00:00,125.01333333333334,0.5433333333333333,32.666666666666664,89.85000000000001,125.01,72.0,58.22666666666667,70.0,70.0,72.0,71.82333333333332,67.0,69.0,68.0,68.0,2814
2025-03-01 07:15:00,125.71666666666664,0.0,33.5,95.53000000000002,125.01,72.0,59.85999999999999,70.0,70.0,72.0,71.80666666666666,67.0,69.0,68.0,68.0,2815
2025-03-01 07:30:00,127.13,0.0,32.333333333333336,97.22333333333331,125.01,72.0,61.19,70.0,70.0,72.0,71.80666666666666,67.0,69.0,68.0,68.0,2816
2025-03-01 07:45:00,125.71666666666664,0.0,32.0,96.84666666666668,125.01,72.0,60.23666666666667,70.0,70.0,72.0,71.90333333333332,67.0,69.0,68.0,68.0,2817
2025-03-01 08:00:00,124.30666666666669,0.0,32.0,96.61666666666667,125.01,72.0,60.156666666666666,70.0,70.0,72.0,71.93333333333334,67.0,69.0,68.0,68.0,2818
2025-03-01 08:15:00,125.01,0.0,32.0,96.35666666666668,125.01,72.0,60.370000000000005,70.0,70.0,72.0,71.94,67.0,69.0,68.0,68.0,2819
2025-03-01 08:30:00,125.71999999999998,0.0,32.0,96.71,125.01,72.0,61.21333333333333,70.0,70.0,72.0,71.92333333333333,67.0,69.0,68.0,68.0,2820
2025-03-01 08:45:00,122.89666666666666,0.0,32.166666666666664,96.97333333333331,125.01,72.0,61.946666666666665,70.0,70.0,72.0,71.91666666666667,67.0,69.0,68.0,68.0,2821
2025-03-01 09:00:00,124.30666666666669,0.0,32.666666666666664,97.18,125.01,72.0,62.973333333333336,70.0,70.0,72.0,71.87666666666667,67.0,69.0,68.0,68.0,2822
2025-03-01 09:15:00,123.60333333333334,0.0,33.666666666666664,98.86666666666667,125.01,72.0,65.68666666666667,70.0,70.0,72.0,71.81,67.0,69.0,68.0,68.0,2823
2025-03-01 09:30:00,122.90000000000002,0.0,34.333333333333336,99.75,125.01,72.0,67.31333333333333,70.0,70.0,72.0,71.8,67.0,69.0,68.0,68.0,2824
2025-03-01 09:45:00,125.01,0.0,34.833333333333336,100.46666666666664,125.01,72.0,68.88333333333334,70.0,70.0,72.0,71.78666666666668,67.0,69.0,68.0,68.0,2825
2025-03-01 10:00:00,123.60333333333334,0.0,35.0,101.26333333333332,125.01,72.0,70.53333333333333,70.0,70.0,72.0,71.78,67.0,69.0,68.0,68.0,2826
2025-03-01 10:15:00,125.01,0.0,35.0,101.87,125.01,72.0,72.15666666666667,70.0,70.0,72.0,71.77333333333333,67.0,69.0,68.0,68.0,2827
2025-03-01 10:30:00,122.90000000000002,0.0,35.666666666666664,103.24666666666668,125.01,72.0,76.03666666666668,70.0,70.0,72.0,71.67,67.0,69.0,68.0,68.0,2828
2025-03-01 10:45:00,123.60333333333334,0.0,36.16666666666666,104.48,125.01,72.0,79.14333333333333,70.0,70.0,72.0,71.64333333333333,67.0,69.0,68.0,68.0,2829
2025-03-01 11:00:00,125.01,0.0,36.5,105.46333333333332,125.01,72.0,82.17,70.0,70.0,72.0,71.63333333333334,67.0,69.0,68.0,68.0,2830
2025-03-01 11:15:00,125.71666666666664,0.0,36.5,106.70666666666666,125.01,72.0,85.97666666666667,70.0,70.0,72.0,71.57000000000001,67.0,69.0,68.0,68.0,2831
2025-03-01 11:30:00,126.42333333333332,0.0,36.5,107.97333333333334,125.01,72.0,91.07666666666668,70.0,70.0,72.0,71.50333333333333,67.0,69.0,68.0,68.0,2832
2025-03-01 11:45:00,126.07,0.0,36.5,108.48,125.01,72.0,93.92,70.0,70.0,72.0,71.49,67.0,69.0,68.0,68.0,2833
2025-03-01 12:00:00,126.42333333333332,0.0,36.5,108.18666666666668,126.42333333333332,72.0,99.48,70.0,70.0,72.0,71.39333333333333,67.0,69.0,68.0,68.0,2834
2025-03-01 12:15:00,123.60333333333334,0.0,36.66666666666666,108.49333333333334,127.13,72.0,100.0,70.0,70.0,72.0,71.37333333333333,67.0,69.0,68.0,68.0,2835
2025-03-01 12:30:00,125.71666666666664,0.0,37.0,108.27666666666666,127.13,72.0,100.0,70.0,70.0,72.0,71.37,67.0,69.0,68.0,68.0,2836
2025-03-01 12:45:00,124.30666666666669,0.0,37.0,108.23666666666666,127.13,72.0,100.0,70.0,70.0,72.0,71.30666666666666,67.0,69.0,68.0,68.0,2837
2025-03-01 13:00:00,125.71666666666664,0.0,37.0,107.95333333333332,127.13,72.0,100.0,70.0,70.0,72.0,71.23333333333333,67.0,69.0,68.0,68.0,2838
2025-03-01 13:15:00,126.42333333333332,0.0,37.0,107.71,127.13,72.0,100.0,70.0,70.0,72.0,71.21666666666665,67.0,69.0,68.0,68.0,2839
2025-03-01 13:30:00,125.01,0.0,37.0,107.67666666666666,127.13,72.0,100.0,70.0,70.0,72.0,71.11666666666666,67.0,69.0,68.0,68.0,2840
2025-03-01 13:45:00,125.71999999999998,0.0,37.0,107.94666666666666,127.13,72.0,100.0,70.0,70.0,72.0,71.1,67.0,69.0,68.0,68.0,2841
2025-03-01 14:00:00,125.71666666666664,0.0,37.0,108.01,127.13,72.0,100.0,70.0,70.0,72.0,71.1,67.0,69.0,68.0,68.0,2842
2025-03-01 14:15:00,127.13,0.0,37.5,108.14,127.13,72.0,100.0,70.0,70.0,72.0,71.09333333333332,67.0,69.0,68.0,68.0,2843
2025-03-01 14:30:00,127.83666666666666,0.0,36.5,107.74,127.13,72.0,100.0,70.0,70.0,72.0,71.08,67.0,69.0,68.0,68.0,2844
2025-03-01 14:45:00,125.71666666666664,0.0,35.666666666666664,108.56333333333332,127.13,72.0,100.0,70.0,70.0,72.0,71.17333333333333,67.0,69.0,68.0,68.0,2845
2025-03-01 15:00:00,125.71666666666664,0.0,35.5,108.66,127.13,72.0,100.0,70.0,70.0,72.0,71.23333333333333,67.0,69.0,68.0,68.0,2846
2025-03-01 15:15:00,126.42333333333332,0.0,35.5,108.81333333333332,127.13,72.0,100.0,70.0,70.0,72.0,71.31333333333333,67.0,69.0,68.0,68.0,2847
2025-03-01 15:30:00,126.42333333333332,0.0,35.5,108.66666666666669,127.13,72.0,100.0,70.0,70.0,72.0,71.44666666666666,67.0,69.0,68.0,68.0,2848
2025-03-01 15:45:00,125.01333333333334,0.0,35.333333333333336,108.88333333333333,127.13,72.0,100.0,70.0,70.0,72.0,71.53333333333333,67.0,69.0,68.0,68.0,2849
2025-03-01 16:00:00,125.01,0.0,36.16666666666666,108.98666666666668,127.13,72.0,100.0,70.0,70.0,72.0,71.63666666666667,67.0,69.0,68.0,68.0,2850
2025-03-01 16:15:00,127.13,0.0,36.333333333333336,108.68,127.13,72.0,100.0,70.0,70.0,72.0,71.74333333333334,67.0,69.0,68.0,68.0,2851
2025-03-01 16:30:00,127.83666666666666,0.0,35.166666666666664,108.41,127.13,72.0,100.0,70.0,70.0,72.0,71.83,67.0,69.0,68.0,68.0,2852
2025-03-01 16:45:00,125.71666666666664,0.0,35.0,108.91,127.13,72.0,100.0,70.0,70.0,72.0,71.92999999999999,67.0,69.0,68.0,68.0,2853
2025-03-01 17:00:00,127.13,2.3266666666666667,34.5,108.58333333333331,125.01,72.0,98.49333333333334,70.0,70.0,72.0,72.05333333333334,67.0,69.0,68.0,68.0,2854
2025-03-01 17:15:00,124.30666666666669,8.386666666666667,34.5,109.34333333333332,125.01,72.0,94.41,70.0,70.0,72.0,72.2,67.0,69.0,68.0,68.0,2855
2025-03-01 17:30:00,126.42333333333332,12.806666666666668,35.333333333333336,108.79333333333334,125.01,72.0,91.00333333333332,70.0,70.0,72.0,72.27333333333333,67.0,69.0,68.0,68.0,2856
2025-03-01 17:45:00,127.13,19.46,35.0,107.28333333333336,125.01,72.0,85.98333333333333,70.0,70.0,72.0,72.39333333333333,67.0,69.0,68.0,68.0,2857
2025-03-01 18:00:00,127.13,25.683333333333334,34.666666666666664,104.76333333333332,125.01,72.0,80.88,70.0,70.0,72.0,72.48333333333333,67.0,69.0,68.0,68.0,2858
2025-03-01 18:15:00,125.71666666666664,31.126666666666665,34.333333333333336,102.66333333333334,125.01,72.0,76.06666666666666,70.0,70.0,72.0,72.52999999999999,67.0,69.0,68.0,68.0,2859
2025-03-01 18:30:00,126.42333333333332,38.93666666666667,33.666666666666664,100.09666666666664,125.01,72.0,69.58333333333333,70.0,70.0,72.0,72.62333333333333,67.0,69.0,68.0,68.0,2860
2025-03-01 18:45:00,125.71999999999998,43.09333333333333,33.5,97.35666666666668,125.01,72.0,65.22666666666667,70.0,70.0,72.0,72.61,67.0,69.0,68.0,68.0,2861
2025-03-01 19:00:00,125.01,47.38,33.333333333333336,94.80666666666666,125.01,72.0,60.80666666666667,70.0,70.0,72.0,72.60000000000001,67.0,69.0,68.0,68.0,2862
2025-03-01 19:15:00,125.71666666666664,51.09666666666666,33.0,92.45666666666666,125.01,72.0,56.73333333333333,70.0,70.0,72.0,72.57333333333332,67.0,69.0,68.0,68.0,2863
2025-03-01 19:30:00,125.71666666666664,52.66666666666666,32.666666666666664,90.99666666666668,125.01,72.0,54.14000000000001,70.0,70.0,72.0,72.5,67.0,69.0,68.0,68.0,2864
2025-03-01 19:45:00,125.71666666666664,55.59333333333333,32.0,88.53666666666668,125.01,72.0,50.89000000000001,70.0,70.0,72.0,72.47333333333334,67.0,69.0,68.0,68.0,2865
2025-03-01 20:00:00,125.71666666666664,54.75333333333333,32.0,87.16333333333334,125.01,72.0,50.07,70.0,70.0,72.0,72.34,67.0,69.0,68.0,68.0,2866
2025-03-01 20:15:00,125.71666666666664,50.98,32.0,88.50666666666666,125.01,72.0,51.5,70.0,70.0,72.0,72.17,67.0,69.0,68.0,68.0,2867
2025-03-01 20:30:00,125.01,48.196666666666665,31.666666666666668,89.18666666666667,125.01,72.0,52.79333333333333,70.0,70.0,72.0,72.07,67.0,69.0,68.0,68.0,2868
2025-03-01 20:45:00,123.60333333333334,43.32333333333333,31.5,90.74,125.01,72.0,55.68000000000001,70.0,70.0,72.0,71.92,67.0,69.0,68.0,68.0,2869
2025-03-01 21:00:00,122.90000000000002,38.59,31.83333333333333,93.08333333333331,125.01,72.0,58.93000000000001,70.0,70.0,72.0,71.8,67.0,69.0,68.0,68.0,2870
2025-03-01 21:15:00,125.01,35.86666666666667,32.0,94.41333333333334,125.01,72.0,61.16,70.0,70.0,72.0,71.76333333333334,67.0,69.0,68.0,68.0,2871
2025-03-01 21:30:00,124.30666666666669,30.786666666666665,32.166666666666664,96.52333333333333,125.01,72.0,64.99666666666667,70.0,70.0,72.0,71.67,67.0,69.0,68.0,68.0,2872
2025-03-01 21:45:00,124.30666666666669,25.17,32.833333333333336,98.58666666666666,125.01,72.0,69.45333333333333,70.0,70.0,72.0,71.58333333333333,67.0,69.0,68.0,68.0,2873
2025-03-01 22:00:00,125.01,19.78333333333333,33.0,100.66333333333334,125.01,72.0,74.00333333333333,70.0,70.0,72.0,71.52333333333333,67.0,69.0,68.0,68.0,2874
2025-03-01 22:15:00,125.71666666666664,13.75,33.333333333333336,102.64333333333332,125.01,72.0,79.11666666666666,70.0,70.0,72.0,71.45333333333333,67.0,69.0,68.0,68.0,2875
2025-03-01 22:30:00,125.01333333333334,6.866666666666667,33.5,105.0,125.01,72.0,84.98333333333333,70.0,70.0,72.0,71.37666666666667,67.0,69.0,68.0,68.0,2876
2025-03-01 22:45:00,125.01,1.6033333333333335,33.5,107.05666666666669,125.01,72.0,90.12666666666668,70.0,70.0,72.0,71.33666666666666,67.0,69.0,68.0,68.0,2877
2025-03-01 23:00:00,125.01333333333334,0.0,33.5,107.65333333333332,125.71666666666664,72.0,97.34,70.0,70.0,72.0,71.24,67.0,69.0,68.0,68.0,2878
2025-03-01 23:15:00,126.42333333333332,0.0,33.666666666666664,107.38,127.13,72.0,100.0,70.0,70.0,72.0,71.13333333333333,67.0,69.0,68.0,68.0,2879
2025-03-01 23:30:00,124.30666666666669,0.0,34.333333333333336,107.44333333333334,127.13,72.0,100.0,70.0,70.0,72.0,71.08666666666666,67.0,69.0,68.0,68.0,2880
2025-03-01 23:45:00,125.71666666666664,0.0,35.0,107.21,127.13,72.0,100.0,70.0,70.0,72.0,70.92,67.0,69.0,68.0,68.0,2881
2025-03-02 00:00:00,124.30666666666669,0.0,35.333333333333336,107.20666666666666,127.13,72.0,100.0,70.0,70.0,72.0,70.76,67.0,69.0,68.0,68.0,2882
2025-03-02 00:15:00,125.01333333333334,0.0,35.666666666666664,107.26333333333332,127.13,72.0,100.0,70.0,70.0,72.0,70.63333333333334,67.0,69.0,68.0,68.0,2883
2025-03-02 00:30:00,126.42333333333332,0.0,36.0,106.75,127.13,72.0,100.0,70.0,70.0,72.0,70.47000000000001,67.0,69.0,68.0,68.0,2884
2025-03-02 00:45:00,125.71666666666664,0.0,36.0,107.00333333333332,127.13,72.0,100.0,70.0,70.0,72.0,70.32333333333332,67.0,69.0,68.0,68.0,2885
2025-03-02 01:00:00,124.31,0.0,36.16666666666666,106.91,127.13,72.0,100.0,70.0,70.0,72.0,70.25,67.0,69.0,68.0,68.0,2886
2025-03-02 01:15:00,125.71666666666664,0.0,36.5,106.71333333333332,127.13,72.0,100.0,70.0,70.0,72.0,70.12333333333333,67.0,69.0,68.0,68.0,2887
2025-03-02 01:30:00,125.01,0.0,36.5,106.58,127.13,72.0,100.0,70.0,70.0,72.0,69.99,67.0,69.0,68.0,68.0,2888
2025-03-02 01:45:00,124.30666666666669,0.0,36.66666666666666,106.61333333333334,127.13,72.0,100.0,70.0,70.0,72.0,69.92333333333333,67.0,69.0,68.0,68.0,2889
2025-03-02 02:00:00,126.42333333333332,0.0,37.333333333333336,106.61333333333332,127.13,72.0,100.0,70.0,70.0,72.0,69.80333333333334,67.0,69.0,68.0,68.0,2890
2025-03-02 02:15:00,125.01,0.0,37.5,106.50333333333332,127.13,72.0,100.0,70.0,70.0,72.0,69.68666666666667,67.0,69.0,68.0,68.0,2891
2025-03-02 02:30:00,125.71666666666664,0.0,37.5,106.27333333333333,127.13,72.0,100.0,70.0,70.0,72.0,69.62333333333333,67.0,69.0,68.0,68.0,2892
2025-03-02 02:45:00,125.71666666666664,0.0,37.5,106.10666666666668,127.13,72.0,100.0,70.0,70.0,72.0,69.5,67.0,69.0,68.0,68.0,2893
2025-03-02 03:00:00,127.13,0.0,37.5,106.12333333333332,127.13,72.0,100.0,70.0,70.0,72.0,69.40333333333334,67.0,69.0,68.0,68.0,2894
2025-03-02 03:15:00,127.13,0.0,37.5,105.76,127.13,72.0,100.0,70.0,70.0,72.0,69.32666666666667,67.0,69.0,68.0,68.0,2895
2025-03-02 03:30:00,126.42333333333332,0.0,37.5,105.74,127.13,72.0,100.0,70.0,70.0,72.0,69.25666666666666,67.0,69.0,68.0,68.0,2896
2025-03-02 03:45:00,127.83666666666666,0.0,37.0,105.47333333333331,127.13,72.0,100.0,70.0,70.0,72.0,69.14333333333333,67.0,69.0,68.0,68.0,2897
2025-03-02 04:00:00,126.42333333333332,0.0,37.0,105.59,127.13,72.0,100.0,70.0,70.0,72.0,69.09333333333333,67.0,69.0,68.0,68.0,2898
2025-03-02 04:15:00,126.42333333333332,0.0,37.0,105.61333333333334,127.13,72.0,100.0,70.0,70.0,72.0,69.02666666666667,67.0,69.0,68.0,68.0,2899
2025-03-02 04:30:00,127.13,0.0,36.66666666666666,105.45666666666666,127.13,72.0,100.0,70.0,70.0,72.0,68.94,67.0,69.0,68.0,68.0,2900
2025-03-02 04:45:00,126.42333333333332,0.0,36.333333333333336,105.51333333333332,127.13,72.0,100.0,70.0,70.0,72.0,68.87333333333333,67.0,69.0,68.0,68.0,2901
2025-03-02 05:00:00,125.71666666666664,0.0,36.0,105.68666666666668,127.13,72.0,100.0,70.0,70.0,72.0,68.86666666666666,67.0,69.0,68.0,68.0,2902
2025-03-02 05:15:00,127.13,0.0,36.0,105.47333333333334,127.13,72.0,100.0,70.0,70.0,72.0,68.81333333333333,67.0,69.0,68.0,68.0,2903
2025-03-02 05:30:00,127.83666666666666,0.0,36.0,105.37666666666668,127.13,72.0,100.0,70.0,70.0,72.0,68.74,67.0,69.0,68.0,68.0,2904
2025-03-02 05:45:00,125.71666666666664,0.0,36.0,105.51666666666668,127.13,72.0,100.0,70.0,70.0,72.0,68.74,67.0,69.0,68.0,68.0,2905
2025-03-02 06:00:00,125.01,0.0,36.5,105.81333333333332,127.13,72.0,100.0,70.0,70.0,72.0,68.72666666666667,67.0,69.0,68.0,68.0,2906
2025-03-02 06:15:00,125.71666666666664,0.0,37.333333333333336,105.65,127.13,72.0,100.0,70.0,70.0,72.0,68.65333333333334,67.0,69.0,68.0,68.0,2907
2025-03-02 06:30:00,126.42333333333332,0.0,37.5,105.38,127.13,72.0,100.0,70.0,70.0,72.0,68.62333333333333,67.0,69.0,68.0,68.0,2908
2025-03-02 06:45:00,126.42333333333332,0.0,37.5,105.14,127.13,72.0,100.0,70.0,70.0,72.0,68.60000000000001,67.0,69.0,68.0,68.0,2909
2025-03-02 07:00:00,126.42333333333332,0.0,37.0,104.98333333333332,127.13,72.0,100.0,70.0,70.0,72.0,68.56,67.0,69.0,68.0,68.0,2910
2025-03-02 07:15:00,126.42333333333332,0.0,37.0,105.0,127.13,72.0,100.0,70.0,70.0,72.0,68.53666666666668,67.0,69.0,68.0,68.0,2911
2025-03-02 07:30:00,127.13,0.0,37.0,105.07333333333334,127.13,72.0,100.0,70.0,70.0,72.0,68.49333333333334,67.0,69.0,68.0,68.0,2912
2025-03-02 07:45:00,125.71666666666664,0.0,37.0,104.98333333333332,127.13,72.0,100.0,70.0,70.0,72.0,68.45666666666666,67.0,69.0,68.0,68.0,2913
2025-03-02 08:00:00,126.42333333333332,0.0,37.0,104.81,127.13,72.0,100.0,70.0,70.0,72.0,68.45,67.0,69.0,68.0,68.0,2914
2025-03-02 08:15:00,127.13,0.0,37.0,104.72666666666667,127.13,72.0,100.0,70.0,70.0,72.0,68.44333333333333,67.0,69.0,68.0,68.0,2915
2025-03-02 08:30:00,127.83666666666666,0.0,37.0,104.57333333333334,127.13,72.0,100.0,70.0,70.0,72.0,68.35,67.0,69.0,68.0,68.0,2916
2025-03-02 08:45:00,127.13,0.0,37.0,104.58666666666666,127.13,72.0,100.0,70.0,70.0,72.0,68.32,67.0,69.0,68.0,68.0,2917
2025-03-02 09:00:00,126.42333333333332,0.0,37.0,104.63,127.13,72.0,100.0,70.0,70.0,72.0,68.31666666666666,67.0,69.0,68.0,68.0,2918
2025-03-02 09:15:00,126.42333333333332,0.0,37.0,104.57666666666668,127.13,72.0,100.0,70.0,70.0,72.0,68.26,67.0,69.0,68.0,68.0,2919
2025-03-02 09:30:00,127.13,0.0,36.66666666666666,104.56333333333332,127.13,72.0,100.0,70.0,70.0,72.0,68.18666666666667,67.0,69.0,68.0,68.0,2920
2025-03-02 09:45:00,126.42333333333332,0.0,36.5,104.47666666666667,127.13,72.0,100.0,70.0,70.0,72.0,68.18666666666667,67.0,69.0,68.0,68.0,2921
2025-03-02 10:00:00,127.13,0.0,36.333333333333336,104.24333333333334,127.13,72.0,100.0,70.0,70.0,72.0,68.10666666666667,67.0,69.0,68.0,68.0,2922
2025-03-02 10:15:00,126.42333333333332,0.0,36.0,104.25333333333332,127.13,72.0,100.0,70.0,70.0,72.0,68.04666666666667,67.0,69.0,68.0,68.0,2923
2025-03-02 10:30:00,125.01,0.0,36.0,104.70666666666666,127.13,72.0,100.0,70.0,70.0,72.0,68.04,67.0,69.0,68.0,68.0,2924
2025-03-02 10:45:00,125.71666666666664,0.0,36.0,104.66666666666669,127.13,72.0,100.0,70.0,70.0,72.0,67.97666666666667,67.0,69.0,68.0,68.0,2925
2025-03-02 11:00:00,126.42333333333332,0.0,36.0,104.39,127.13,72.0,100.0,70.0,70.0,72.0,67.91000000000001,67.0,69.0,68.0,68.0,2926
2025-03-02 11:15:00,126.42333333333332,0.0,36.0,104.15333333333336,127.13,72.0,100.0,70.0,70.0,72.0,67.89666666666666,67.0,69.0,68.0,68.0,2927
2025-03-02 11:30:00,126.42333333333332,0.0,36.0,104.12,127.13,72.0,100.0,70.0,70.0,72.0,67.84333333333333,67.0,69.0,68.0,68.0,2928
2025-03-02 11:45:00,123.60333333333334,0.0,36.0,104.10666666666668,127.13,72.0,100.0,70.0,70.0,72.0,67.77666666666666,67.0,69.0,68.0,68.0,2929
2025-03-02 12:00:00,128.54333333333332,0.0,36.0,103.93666666666668,127.13,72.0,100.0,70.0,70.0,72.0,67.69,67.0,69.0,68.0,68.0,2930
2025-03-02 12:15:00,126.42333333333332,0.0,36.0,103.85666666666668,127.13,72.0,100.0,70.0,70.0,72.0,67.64666666666666,67.0,69.0,68.0,68.0,2931
2025-03-02 12:30:00,125.71666666666664,0.0,36.0,103.72333333333334,127.13,72.0,100.0,70.0,70.0,72.0,67.62,67.0,69.0,68.0,68.0,2932
2025-03-02 12:45:00,125.01,0.0,36.0,104.03000000000002,127.13,72.0,100.0,70.0,70.0,72.0,67.58,67.0,69.0,68.0,68.0,2933
2025-03-02 13:00:00,125.71666666666664,0.0,36.0,104.38333333333333,127.13,72.0,100.0,70.0,70.0,72.0,67.55333333333333,67.0,69.0,68.0,68.0,2934
2025-03-02 13:15:00,125.71666666666664,0.0,36.0,104.59666666666668,127.13,72.0,100.0,70.0,70.0,72.0,67.57,67.0,69.0,68.0,68.0,2935
2025-03-02 13:30:00,126.42333333333332,0.0,36.0,104.57,127.13,72.0,100.0,70.0,70.0,72.0,67.52333333333333,67.0,69.0,68.0,68.0,2936
2025-03-02 13:45:00,125.71666666666664,0.0,36.0,104.56,127.13,72.0,100.0,70.0,70.0,72.0,67.54,67.0,69.0,68.0,68.0,2937
2025-03-02 14:00:00,125.71666666666664,0.0,36.0,105.12333333333332,127.13,72.0,100.0,70.0,70.0,72.0,67.62,67.0,69.0,68.0,68.0,2938
2025-03-02 14:15:00,126.42333333333332,0.0,36.0,105.09333333333332,127.13,72.0,100.0,70.0,70.0,72.0,67.64,67.0,69.0,68.0,68.0,2939
2025-03-02 14:30:00,127.13,0.0,36.0,105.30333333333331,127.13,72.0,100.0,70.0,70.0,72.0,67.67,67.0,69.0,68.0,68.0,2940
2025-03-02 14:45:00,125.71666666666664,0.0,36.0,105.56666666666666,127.13,72.0,100.0,70.0,70.0,72.0,67.77666666666666,67.0,69.0,68.0,68.0,2941
2025-03-02 15:00:00,126.42333333333332,0.0,36.0,105.51333333333332,127.13,72.0,100.0,70.0,70.0,72.0,67.84666666666668,67.0,69.0,68.0,68.0,2942
2025-03-02 15:15:00,125.71666666666664,0.0,36.0,105.98666666666668,127.13,72.0,100.0,70.0,70.0,72.0,67.93333333333334,67.0,69.0,68.0,68.0,2943
2025-03-02 15:30:00,127.13,0.0,36.0,106.22666666666667,127.13,72.0,100.0,70.0,70.0,72.0,68.05333333333333,67.0,69.0,68.0,68.0,2944
2025-03-02 15:45:00,126.42333333333332,0.0,35.666666666666664,106.19666666666666,127.13,72.0,100.0,70.0,70.0,72.0,68.17333333333333,67.0,69.0,68.0,68.0,2945
2025-03-02 16:00:00,125.71666666666664,0.0,35.5,106.55666666666669,127.13,72.0,100.0,70.0,70.0,72.0,68.30333333333333,67.0,69.0,68.0,68.0,2946
2025-03-02 16:15:00,127.83666666666666,0.0,35.5,106.42333333333332,127.13,72.0,100.0,70.0,70.0,72.0,68.41333333333334,67.0,69.0,68.0,68.0,2947
2025-03-02 16:30:00,125.71666666666664,0.0,35.5,106.9,127.13,72.0,100.0,70.0,70.0,72.0,68.56,67.0,69.0,68.0,68.0,2948
2025-03-02 16:45:00,125.01333333333334,0.0,35.5,107.02666666666669,127.13,72.0,100.0,70.0,70.0,72.0,68.65333333333332,67.0,69.0,68.0,68.0,2949
2025-03-02 17:00:00,125.01,0.0,35.5,107.33666666666666,127.13,72.0,100.0,70.0,70.0,72.0,68.82333333333332,67.0,69.0,68.0,68.0,2950
2025-03-02 17:15:00,124.30666666666669,0.0,35.5,107.66,127.13,72.0,100.0,70.0,70.0,72.0,68.96666666666665,67.0,69.0,68.0,68.0,2951
2025-03-02 17:30:00,125.01,0.0,35.5,107.58,127.13,72.0,100.0,70.0,70.0,72.0,69.10333333333334,67.0,69.0,68.0,68.0,2952
2025-03-02 17:45:00,125.01,0.0,35.5,107.61,127.13,72.0,100.0,70.0,70.0,72.0,69.16333333333334,67.0,69.0,68.0,68.0,2953
2025-03-02 18:00:00,126.42333333333332,0.0,35.5,107.84333333333332,127.13,72.0,100.0,70.0,70.0,72.0,69.36666666666667,67.0,69.0,68.0,68.0,2954
2025-03-02 18:15:00,127.13,0.0,35.5,107.93,127.13,72.0,100.0,70.0,70.0,72.0,69.44,67.0,69.0,68.0,68.0,2955
2025-03-02 18:30:00,126.42333333333332,0.0,35.5,108.17333333333332,127.13,72.0,100.0,70.0,70.0,72.0,69.58,67.0,69.0,68.0,68.0,2956
2025-03-02 18:45:00,125.01,0.0,35.166666666666664,108.25333333333332,127.13,72.0,100.0,70.0,70.0,72.0,69.74666666666667,67.0,69.0,68.0,68.0,2957
2025-03-02 19:00:00,127.13,0.0,35.0,108.37333333333332,127.13,72.0,100.0,70.0,70.0,72.0,69.91000000000001,67.0,69.0,68.0,68.0,2958
2025-03-02 19:15:00,127.13,0.0,34.5,108.43,127.13,72.0,100.0,70.0,70.0,72.0,70.04666666666667,67.0,69.0,68.0,68.0,2959
2025-03-02 19:30:00,127.83666666666666,0.0,34.0,108.28333333333336,127.13,72.0,100.0,70.0,70.0,72.0,70.2,67.0,69.0,68.0,68.0,2960
2025-03-02 19:45:00,126.42333333333332,0.0,33.833333333333336,108.30333333333331,127.13,72.0,100.0,70.0,70.0,72.0,70.35333333333334,67.0,69.0,68.0,68.0,2961
2025-03-02 20:00:00,127.13,0.0,32.666666666666664,108.03333333333336,127.13,72.0,100.0,70.0,70.0,72.0,70.48333333333333,67.0,69.0,68.0,68.0,2962
2025-03-02 20:15:00,127.13,0.0,31.666666666666668,108.02,127.13,72.0,100.0,70.0,70.0,72.0,70.65333333333334,67.0,69.0,68.0,68.0,2963
2025-03-02 20:30:00,127.13,0.0,31.33333333333333,108.03333333333336,127.13,72.0,100.0,70.0,70.0,72.0,70.86666666666667,67.0,69.0,68.0,68.0,2964
2025-03-02 20:45:00,128.54333333333332,0.0,30.666666666666668,107.81333333333332,127.13,72.0,100.0,70.0,70.0,72.0,71.01333333333334,67.0,69.0,68.0,68.0,2965
2025-03-02 21:00:00,127.83666666666666,0.0,30.166666666666668,107.94,127.13,72.0,100.0,70.0,70.0,72.0,71.16333333333334,67.0,69.0,68.0,68.0,2966
2025-03-02 21:15:00,127.83666666666666,0.0,29.666666666666668,107.70333333333332,127.13,72.0,100.0,70.0,70.0,72.0,71.23333333333333,67.0,69.0,68.0,68.0,2967
2025-03-02 21:30:00,127.13,0.0,29.166666666666668,107.66666666666669,127.13,72.0,100.0,70.0,70.0,72.0,71.32666666666667,67.0,69.0,68.0,68.0,2968
2025-03-02 21:45:00,127.13,0.0,29.0,107.7,127.13,72.0,100.0,70.0,70.0,72.0,71.42666666666666,67.0,69.0,68.0,68.0,2969
2025-03-02 22:00:00,126.42333333333332,0.0,29.0,107.75,127.13,72.0,100.0,70.0,70.0,72.0,71.49666666666667,67.0,69.0,68.0,68.0,2970
2025-03-02 22:15:00,126.42333333333332,0.0,29.0,107.86333333333332,127.13,72.0,100.0,70.0,70.0,72.0,71.53,67.0,69.0,68.0,68.0,2971
2025-03-02 22:30:00,125.71666666666664,0.0,29.166666666666668,108.09,127.13,72.0,100.0,70.0,70.0,72.0,71.62666666666667,67.0,69.0,68.0,68.0,2972
2025-03-02 22:45:00,126.42333333333332,0.0,29.83333333333333,107.75,127.13,72.0,100.0,70.0,70.0,72.0,71.64666666666666,67.0,69.0,68.0,68.0,2973
2025-03-02 23:00:00,127.13,0.0,30.0,107.21666666666664,127.13,72.0,100.0,70.0,70.0,72.0,71.67,67.0,69.0,68.0,68.0,2974
2025-03-02 23:15:00,127.13,0.0,30.0,107.05333333333334,127.13,72.0,100.0,70.0,70.0,72.0,71.76666666666667,67.0,69.0,68.0,68.0,2975
2025-03-02 23:30:00,127.83666666666666,0.0,29.666666666666668,106.57333333333334,127.13,72.0,100.0,70.0,70.0,72.0,71.68666666666667,67.0,69.0,68.0,68.0,2976
2025-03-02 23:45:00,125.71666666666664,0.0,29.166666666666668,106.65,127.13,72.0,100.0,70.0,70.0,72.0,71.64333333333333,67.0,69.0,68.0,68.0,2977
2025-03-03 00:00:00,123.60333333333334,0.0,30.33333333333333,106.81666666666666,127.13,72.0,100.0,70.0,70.0,72.0,71.58999999999999,67.0,69.0,68.0,68.0,2978
2025-03-03 00:15:00,125.71666666666664,0.0,31.166666666666668,106.67666666666666,127.13,72.0,100.0,70.0,70.0,72.0,71.51,67.0,69.0,68.0,68.0,2979
2025-03-03 00:30:00,124.30666666666669,0.0,32.166666666666664,106.42666666666666,127.13,72.0,100.0,70.0,70.0,72.0,71.45333333333333,67.0,69.0,68.0,68.0,2980
2025-03-03 00:45:00,124.30666666666669,0.0,32.833333333333336,106.35333333333334,127.13,72.0,100.0,70.0,70.0,72.0,71.36666666666666,67.0,69.0,68.0,68.0,2981
2025-03-03 01:00:00,124.30666666666669,0.0,33.333333333333336,106.68,127.13,72.0,100.0,70.0,70.0,72.0,71.27,67.0,69.0,68.0,68.0,2982
2025-03-03 01:15:00,124.30666666666669,0.0,34.0,106.32666666666668,127.13,72.0,100.0,70.0,70.0,72.0,71.17999999999999,67.0,69.0,68.0,68.0,2983
2025-03-03 01:30:00,125.01,0.0,34.166666666666664,106.25,127.13,72.0,100.0,70.0,70.0,72.0,70.97000000000001,67.0,69.0,68.0,68.0,2984
2025-03-03 01:45:00,124.30666666666669,0.0,34.5,106.05,127.13,72.0,100.0,70.0,70.0,72.0,70.91000000000001,67.0,69.0,68.0,68.0,2985
2025-03-03 02:00:00,125.01,0.0,34.5,106.16,127.13,72.0,100.0,70.0,70.0,72.0,70.92333333333333,67.0,69.0,68.0,68.0,2986
2025-03-03 02:15:00,125.01,0.0,34.833333333333336,106.34,127.13,72.0,100.0,70.0,70.0,72.0,70.95666666666666,67.0,69.0,68.0,68.0,2987
2025-03-03 02:30:00,126.42333333333332,0.0,35.333333333333336,105.83,127.13,72.0,100.0,70.0,70.0,72.0,70.95,67.0,69.0,68.0,68.0,2988
2025-03-03 02:45:00,127.13,0.0,35.5,105.48333333333332,127.13,72.0,100.0,70.0,70.0,72.0,70.98666666666666,67.0,69.0,68.0,68.0,2989
2025-03-03 03:00:00,126.42333333333332,0.0,35.333333333333336,105.46999999999998,127.13,72.0,100.0,70.0,70.0,72.0,70.95,67.0,69.0,68.0,68.0,2990
2025-03-03 03:15:00,125.71999999999998,0.0,35.333333333333336,105.94333333333334,127.13,72.0,100.0,70.0,70.0,72.0,70.94333333333334,67.0,69.0,68.0,68.0,2991
2025-03-03 03:30:00,126.42333333333332,0.0,35.5,105.90666666666668,127.13,72.0,100.0,70.0,70.0,72.0,70.93,67.0,69.0,68.0,68.0,2992
2025-03-03 03:45:00,124.30666666666669,0.0,35.666666666666664,106.06333333333332,127.13,72.0,100.0,70.0,70.0,72.0,70.96333333333332,67.0,69.0,68.0,68.0,2993
2025-03-03 04:00:00,125.71666666666664,0.0,36.0,106.03666666666668,127.13,72.0,100.0,70.0,70.0,72.0,71.08666666666666,67.0,69.0,68.0,68.0,2994
2025-03-03 04:15:00,125.71666666666664,0.0,36.5,105.92666666666666,127.13,72.0,100.0,70.0,70.0,72.0,71.12333333333333,67.0,69.0,68.0,68.0,2995
2025-03-03 04:30:00,124.30666666666669,0.0,36.5,105.92,127.13,72.0,100.0,70.0,70.0,72.0,71.2,67.0,69.0,68.0,68.0,2996
2025-03-03 04:45:00,125.01,0.0,36.5,105.96666666666664,127.13,72.0,100.0,70.0,70.0,72.0,71.19666666666667,67.0,69.0,68.0,68.0,2997
2025-03-03 05:00:00,124.30666666666669,0.0,36.833333333333336,105.71999999999998,127.13,72.0,100.0,70.0,70.0,72.0,71.10333333333334,67.0,69.0,68.0,68.0,2998
2025-03-03 05:15:00,125.71666666666664,0.0,37.0,105.55333333333331,127.13,72.0,100.0,70.0,70.0,72.0,71.1,67.0,69.0,68.0,68.0,2999
2025-03-03 05:30:00,126.42333333333332,0.0,37.0,105.33,127.13,72.0,100.0,70.0,70.0,72.0,71.1,67.0,69.0,68.0,68.0,3000
2025-03-03 05:45:00,126.42333333333332,0.0,37.0,104.95,127.13,72.0,100.0,70.0,70.0,72.0,71.07333333333334,67.0,69.0,68.0,68.0,3001
2025-03-03 06:00:00,126.42333333333332,0.0,37.0,105.10333333333334,127.13,72.0,100.0,70.0,70.0,72.0,70.99333333333334,67.0,69.0,68.0,68.0,3002
2025-03-03 06:15:00,126.42333333333332,0.0,36.833333333333336,105.14,127.13,72.0,100.0,70.0,70.0,72.0,71.02333333333333,67.0,69.0,68.0,68.0,3003
2025-03-03 06:30:00,125.01,0.0,36.5,104.91666666666669,127.13,72.0,100.0,70.0,70.0,72.0,71.08,67.0,69.0,68.0,68.0,3004
2025-03-03 06:45:00,126.42333333333332,0.0,36.5,104.91666666666669,127.13,72.0,100.0,70.0,70.0,72.0,71.08666666666666,67.0,69.0,68.0,68.0,3005
2025-03-03 07:00:00,127.13,0.0,36.5,104.81,127.13,72.0,100.0,70.0,70.0,72.0,71.08666666666666,67.0,69.0,68.0,68.0,3006
2025-03-03 07:15:00,124.30666666666669,0.0,36.833333333333336,105.18666666666668,127.13,72.0,100.0,70.0,70.0,72.0,71.08666666666666,67.0,69.0,68.0,68.0,3007
2025-03-03 07:30:00,126.42333333333332,0.0,37.0,105.32666666666668,127.13,72.0,100.0,70.0,70.0,72.0,71.1,67.0,69.0,68.0,68.0,3008
2025-03-03 07:45:00,125.01333333333334,0.0,37.0,105.23,127.13,72.0,100.0,70.0,70.0,72.0,70.84666666666666,67.0,69.0,68.0,68.0,3009
2025-03-03 08:00:00,126.42333333333332,0.0,37.333333333333336,105.03,127.13,72.0,100.0,70.0,70.0,72.0,70.36333333333333,67.0,69.0,68.0,68.0,3010
2025-03-03 08:15:00,125.71666666666664,0.0,37.16666666666666,104.67333333333332,127.13,72.0,100.0,70.0,70.0,72.0,70.12666666666667,67.0,69.0,68.0,68.0,3011
2025-03-03 08:30:00,125.71999999999998,0.0,37.0,105.04333333333334,127.13,72.0,100.0,70.0,70.0,72.0,69.94333333333333,67.0,69.0,68.0,68.0,3012
2025-03-03 08:45:00,126.42333333333332,0.0,37.0,104.78000000000002,127.13,72.0,100.0,70.0,70.0,72.0,69.78333333333333,67.0,69.0,68.0,68.0,3013
2025-03-03 09:00:00,125.71666666666664,0.0,37.333333333333336,104.72,127.13,72.0,100.0,70.0,70.0,72.0,69.67333333333333,67.0,69.0,68.0,68.0,3014
2025-03-03 09:15:00,125.01,0.0,37.5,104.59333333333332,127.13,72.0,100.0,70.0,70.0,72.0,69.52,67.0,69.0,68.0,68.0,3015
2025-03-03 09:30:00,127.13,0.0,37.5,104.47333333333334,127.13,72.0,100.0,70.0,70.0,72.0,69.39666666666666,67.0,69.0,68.0,68.0,3016
2025-03-03 09:45:00,127.13,0.0,37.5,104.36333333333334,127.13,72.0,100.0,70.0,70.0,72.0,69.33333333333333,67.0,69.0,68.0,68.0,3017
2025-03-03 10:00:00,126.42333333333332,0.0,37.0,104.28333333333336,127.13,72.0,100.0,70.0,70.0,72.0,69.26666666666667,67.0,69.0,68.0,68.0,3018
2025-03-03 10:15:00,126.42333333333332,0.0,36.0,104.01,127.13,72.0,100.0,70.0,70.0,72.0,69.17333333333333,67.0,69.0,68.0,68.0,3019
2025-03-03 10:30:00,126.42333333333332,0.0,36.0,103.98333333333332,127.13,72.0,100.0,70.0,70.0,72.0,69.15,67.0,69.0,68.0,68.0,3020
2025-03-03 10:45:00,126.42333333333332,0.0,36.0,104.33,127.13,72.0,100.0,70.0,70.0,72.0,69.14333333333333,67.0,69.0,68.0,68.0,3021
2025-03-03 11:00:00,127.83666666666666,0.0,36.0,104.24,127.13,72.0,100.0,70.0,70.0,72.0,69.13,67.0,69.0,68.0,68.0,3022
2025-03-03 11:15:00,127.13,0.0,36.0,104.45666666666666,127.13,72.0,100.0,70.0,70.0,72.0,69.13,67.0,69.0,68.0,68.0,3023
2025-03-03 11:30:00,125.71666666666664,0.0,36.0,104.52,127.13,72.0,100.0,70.0,70.0,72.0,69.12666666666667,67.0,69.0,68.0,68.0,3024
2025-03-03 11:45:00,125.71666666666664,0.0,36.0,104.59666666666668,127.13,72.0,100.0,70.0,70.0,72.0,69.14,67.0,69.0,68.0,68.0,3025
2025-03-03 12:00:00,125.71666666666664,0.0,36.0,104.82666666666668,127.13,72.0,100.0,70.0,70.0,72.0,69.14333333333333,67.0,69.0,68.0,68.0,3026
2025-03-03 12:15:00,126.42333333333332,0.0,36.0,104.77333333333333,127.13,72.0,100.0,70.0,70.0,72.0,69.13666666666667,67.0,69.0,68.0,68.0,3027
2025-03-03 12:30:00,125.71666666666664,0.0,36.0,104.92333333333332,127.13,72.0,100.0,70.0,70.0,72.0,69.21666666666667,67.0,69.0,68.0,68.0,3028
2025-03-03 12:45:00,127.13,0.0,36.0,104.92333333333332,127.13,72.0,100.0,70.0,70.0,72.0,69.28,67.0,69.0,68.0,68.0,3029
2025-03-03 13:00:00,125.71666666666664,0.0,36.0,105.21333333333332,127.13,72.0,100.0,70.0,70.0,72.0,69.37,67.0,69.0,68.0,68.0,3030
2025-03-03 13:15:00,127.13,0.0,36.0,105.33666666666666,127.13,72.0,100.0,70.0,70.0,72.0,69.47,67.0,69.0,68.0,68.0,3031
2025-03-03 13:30:00,126.42333333333332,0.0,36.0,105.28666666666668,127.13,72.0,100.0,70.0,70.0,72.0,69.59333333333332,67.0,69.0,68.0,68.0,3032
2025-03-03 13:45:00,127.13,0.0,36.0,105.52,127.13,72.0,100.0,70.0,70.0,72.0,69.75333333333333,67.0,69.0,68.0,68.0,3033
2025-03-03 14:00:00,125.71666666666664,0.0,36.0,105.90333333333332,127.13,72.0,100.0,70.0,70.0,72.0,69.91000000000001,67.0,69.0,68.0,68.0,3034
2025-03-03 14:15:00,127.83666666666666,0.0,35.833333333333336,106.11,127.13,72.0,100.0,70.0,70.0,72.0,70.05666666666667,67.0,69.0,68.0,68.0,3035
2025-03-03 14:30:00,127.13,0.0,35.5,106.45333333333332,127.13,72.0,100.0,70.0,70.0,72.0,70.31333333333333,67.0,69.0,68.0,68.0,3036
2025-03-03 14:45:00,127.13,0.0,35.166666666666664,106.68,127.13,72.0,100.0,70.0,70.0,72.0,70.52666666666667,67.0,69.0,68.0,68.0,3037
2025-03-03 15:00:00,127.83666666666666,0.0,35.0,106.99333333333334,127.13,72.0,100.0,70.0,70.0,72.0,71.01,67.0,69.0,68.0,68.0,3038
2025-03-03 15:15:00,125.71666666666664,0.0,34.5,107.42333333333332,127.13,72.0,100.0,70.0,70.0,72.0,71.23666666666666,67.0,69.0,68.0,68.0,3039
2025-03-03 15:30:00,126.42333333333332,0.0,34.5,107.90333333333332,127.13,72.0,100.0,70.0,70.0,72.0,71.36,67.0,69.0,68.0,68.0,3040
2025-03-03 15:45:00,127.13,0.0,34.5,107.98333333333332,127.13,72.0,100.0,70.0,70.0,72.0,71.69333333333333,67.0,69.0,68.0,68.0,3041
2025-03-03 16:00:00,127.83666666666666,1.1166666666666667,34.5,108.18333333333334,126.42333333333332,72.0,99.30666666666669,70.0,70.0,72.0,71.98666666666666,67.0,69.0,68.0,68.0,3042
2025-03-03 16:15:00,127.13,8.47,34.333333333333336,108.28000000000002,125.01,72.0,94.57666666666668,70.0,70.0,72.0,72.22333333333334,67.0,69.0,68.0,68.0,3043
2025-03-03 16:30:00,125.71666666666664,14.056666666666668,33.833333333333336,108.03666666666668,125.01,72.0,90.28000000000002,70.0,70.0,72.0,72.32000000000001,67.0,69.0,68.0,68.0,3044
2025-03-03 16:45:00,125.01,16.343333333333334,33.5,107.86333333333334,125.01,72.0,88.02,70.0,70.0,72.0,72.31333333333333,67.0,69.0,68.0,68.0,3045
2025-03-03 17:00:00,127.83666666666666,26.50333333333333,33.5,105.33666666666666,125.01,72.0,80.54666666666667,70.0,70.0,72.0,72.52,67.0,69.0,68.0,68.0,3046
2025-03-03 17:15:00,127.13,29.456666666666667,33.166666666666664,104.01666666666668,125.01,72.0,77.22666666666667,70.0,70.0,72.0,72.49,67.0,69.0,68.0,68.0,3047
2025-03-03 17:30:00,127.13,38.723333333333336,33.0,101.07666666666668,125.01,72.0,69.97666666666667,70.0,70.0,72.0,72.67333333333333,67.0,69.0,68.0,68.0,3048
2025-03-03 17:45:00,126.42333333333332,44.123333333333335,33.0,98.91666666666669,125.01,72.0,64.7,70.0,70.0,72.0,72.64333333333333,67.0,69.0,68.0,68.0,3049
2025-03-03 18:00:00,126.42333333333332,57.64000000000001,32.666666666666664,93.32666666666668,125.01,72.0,54.27,70.0,70.0,72.0,72.87666666666667,67.0,69.0,68.0,68.0,3050
2025-03-03 18:15:00,125.01333333333334,66.31333333333333,32.5,88.06333333333333,125.01,72.0,46.26333333333333,70.0,70.0,72.0,72.93,67.0,69.0,68.0,68.0,3051
2025-03-03 18:30:00,126.42333333333332,73.64,32.0,83.32000000000001,125.01,72.0,39.09,70.0,70.0,72.0,72.95,67.0,69.0,68.0,68.0,3052
2025-03-03 18:45:00,175.86666666666667,66.89666666666666,38.66666666666666,72.78666666666668,175.16,72.0,11.616666666666667,70.0,70.0,72.0,72.56666666666666,67.0,69.0,68.0,68.0,3053
2025-03-03 19:00:00,189.28666666666663,52.38666666666666,39.833333333333336,69.00333333333333,187.8733333333333,72.0,0.0,70.0,70.0,72.0,72.05333333333333,67.0,69.0,68.0,68.0,3054
2025-03-03 19:15:00,175.16,40.58,37.16666666666666,67.28,173.74666666666667,72.0,0.0,70.0,70.0,72.0,71.72000000000001,67.0,69.0,68.0,68.0,3055
2025-03-03 19:30:00,145.49333333333334,16.040000000000003,33.166666666666664,63.696666666666665,144.78666666666666,72.0,10.56,70.0,70.0,72.0,71.05333333333333,67.0,69.0,68.0,68.0,3056
2025-03-03 19:45:00,125.01333333333334,0.0,31.5,75.70333333333333,125.01,72.0,35.13666666666666,70.0,70.0,72.0,70.68333333333334,67.0,69.0,68.0,68.0,3057
2025-03-03 20:00:00,124.30666666666669,0.0,31.666666666666668,74.27,125.01,72.0,37.06333333333333,70.0,70.0,72.0,71.01,67.0,69.0,68.0,68.0,3058
2025-03-03 20:15:00,125.71666666666664,0.0,31.83333333333333,79.36,125.01,72.0,42.93333333333334,70.0,70.0,72.0,71.07333333333334,67.0,69.0,68.0,68.0,3059
2025-03-03 20:30:00,125.71999999999998,0.0,29.166666666666668,84.32666666666667,125.01,72.0,49.71666666666667,70.0,70.0,72.0,71.08,67.0,69.0,68.0,68.0,3060
2025-03-03 20:45:00,127.13,0.0,28.666666666666668,83.10333333333334,125.01,72.0,52.34666666666666,70.0,70.0,72.0,71.25999999999999,67.0,69.0,68.0,68.0,3061
2025-03-03 21:00:00,126.42333333333332,0.0,28.83333333333333,86.33,125.01,72.0,50.01666666666667,70.0,70.0,72.0,71.58,67.0,69.0,68.0,68.0,3062
2025-03-03 21:15:00,127.13,0.0,28.666666666666668,86.46333333333332,125.01,72.0,57.13,70.0,70.0,72.0,71.40333333333334,67.0,69.0,68.0,68.0,3063
2025-03-03 21:30:00,125.71666666666664,0.0,28.0,90.00333333333333,125.01,72.0,63.76666666666667,70.0,70.0,72.0,71.32666666666667,67.0,69.0,68.0,68.0,3064
2025-03-03 21:45:00,126.42333333333332,0.0,28.0,91.62333333333332,125.01,72.0,67.28,70.0,70.0,72.0,71.38,67.0,69.0,68.0,68.0,3065
2025-03-03 22:00:00,126.42333333333332,0.0,27.666666666666668,92.53333333333336,125.01,72.0,68.80666666666667,70.0,70.0,72.0,71.51333333333334,67.0,69.0,68.0,68.0,3066
2025-03-03 22:15:00,127.83666666666666,0.0,28.0,91.03000000000002,125.01,72.0,65.36333333333333,70.0,70.0,72.0,71.79666666666667,67.0,69.0,68.0,68.0,3067
2025-03-03 22:30:00,126.42333333333332,0.0,28.166666666666668,91.57666666666668,125.01,72.0,67.31666666666666,70.0,70.0,72.0,71.75666666666667,67.0,69.0,68.0,68.0,3068
2025-03-03 22:45:00,126.42333333333332,4.666666666666667,27.83333333333333,89.58333333333333,125.01,72.0,62.93333333333334,70.0,70.0,72.0,72.06333333333333,67.0,69.0,68.0,68.0,3069
2025-03-03 23:00:00,125.71666666666664,23.506666666666664,28.33333333333333,82.53333333333335,125.01,72.0,49.30666666666667,70.0,70.0,72.0,72.60666666666667,67.0,69.0,68.0,68.0,3070
2025-03-03 23:15:00,125.01333333333334,33.92666666666667,27.83333333333333,78.78,125.01,72.0,40.84333333333333,70.0,70.0,72.0,72.74,67.0,69.0,68.0,68.0,3071
2025-03-03 23:30:00,125.01333333333334,15.306666666666668,28.33333333333333,82.99333333333334,125.01,72.0,50.65,70.0,70.0,72.0,72.07666666666667,67.0,69.0,68.0,68.0,3072
2025-03-03 23:45:00,122.89666666666666,1.67,28.33333333333333,89.89,125.01,72.0,60.403333333333336,70.0,70.0,72.0,71.64666666666666,67.0,69.0,68.0,68.0,3073
2025-03-04 00:00:00,127.13,0.0,29.5,98.13333333333333,125.01,72.0,68.88333333333334,70.0,70.0,72.0,71.40333333333332,67.0,69.0,68.0,68.0,3074
2025-03-04 00:15:00,125.71999999999998,0.0,29.166666666666668,102.13333333333333,125.01,72.0,74.03666666666668,70.0,70.0,72.0,71.35666666666667,67.0,69.0,68.0,68.0,3075
2025-03-04 00:30:00,126.42333333333332,0.0,30.33333333333333,104.96999999999998,125.01,72.0,81.63666666666667,70.0,70.0,72.0,71.24,67.0,69.0,68.0,68.0,3076
2025-03-04 00:45:00,125.71999999999998,0.0,30.166666666666668,107.79333333333334,125.01,72.0,90.31666666666666,70.0,70.0,72.0,71.12666666666667,67.0,69.0,68.0,68.0,3077
2025-03-04 01:00:00,125.71666666666664,0.0,30.83333333333333,108.76333333333334,125.71666666666664,72.0,97.66333333333334,70.0,70.0,72.0,71.1,67.0,69.0,68.0,68.0,3078
2025-03-04 01:15:00,126.42333333333332,0.0,31.0,108.50666666666666,126.42333333333332,72.0,100.0,70.0,70.0,72.0,71.19666666666667,67.0,69.0,68.0,68.0,3079
2025-03-04 01:30:00,125.01333333333334,0.0,31.33333333333333,108.78,127.13,72.0,100.0,70.0,70.0,72.0,71.22,67.0,69.0,68.0,68.0,3080
2025-03-04 01:45:00,126.42333333333332,0.0,31.83333333333333,108.73333333333332,127.13,72.0,100.0,70.0,70.0,72.0,71.34666666666668,67.0,69.0,68.0,68.0,3081
2025-03-04 02:00:00,125.01,0.0,31.83333333333333,108.8,127.13,72.0,100.0,70.0,70.0,72.0,71.79666666666667,67.0,69.0,68.0,68.0,3082
2025-03-04 02:15:00,125.71999999999998,0.0,32.0,109.02666666666666,127.13,72.0,100.0,70.0,70.0,72.0,71.78,67.0,69.0,68.0,68.0,3083
2025-03-04 02:30:00,124.30666666666669,0.0,32.5,108.64666666666666,127.13,72.0,100.0,70.0,70.0,72.0,71.58999999999999,67.0,69.0,68.0,68.0,3084
2025-03-04 02:45:00,124.30666666666669,0.0,32.5,108.31333333333332,127.13,72.0,100.0,70.0,70.0,72.0,71.51666666666667,67.0,69.0,68.0,68.0,3085
2025-03-04 03:00:00,125.71666666666664,0.0,32.666666666666664,108.36333333333334,127.13,72.0,100.0,70.0,70.0,72.0,71.61333333333333,67.0,69.0,68.0,68.0,3086
2025-03-04 03:15:00,125.01,0.9633333333333334,33.0,108.36666666666667,126.42333333333332,72.0,99.40666666666668,70.0,70.0,72.0,71.93666666666667,67.0,69.0,68.0,68.0,3087
2025-03-04 03:30:00,126.42333333333332,9.46,33.0,108.20666666666666,125.01,72.0,93.92,70.0,70.0,72.0,72.24666666666667,67.0,69.0,68.0,68.0,3088
2025-03-04 03:45:00,125.01333333333334,18.136666666666667,33.0,107.45666666666666,125.01,72.0,87.60666666666667,70.0,70.0,72.0,72.41333333333334,67.0,69.0,68.0,68.0,3089
2025-03-04 04:00:00,124.30666666666669,27.723333333333333,33.333333333333336,105.05,125.01,72.0,80.32666666666667,70.0,70.0,72.0,72.57666666666667,67.0,69.0,68.0,68.0,3090
2025-03-04 04:15:00,124.30666666666669,34.81333333333333,33.5,102.2,125.01,72.0,74.15333333333332,70.0,70.0,72.0,72.66,67.0,69.0,68.0,68.0,3091
2025-03-04 04:30:00,124.30666666666669,33.06,33.666666666666664,101.84666666666668,125.01,72.0,73.34333333333333,70.0,70.0,72.0,72.48666666666666,67.0,69.0,68.0,68.0,3092
2025-03-04 04:45:00,124.31,32.626666666666665,34.0,102.17666666666666,125.01,72.0,72.54666666666667,70.0,70.0,72.0,72.37333333333333,67.0,69.0,68.0,68.0,3093
2025-03-04 05:00:00,123.60333333333334,53.876666666666665,34.333333333333336,94.49333333333334,125.01,72.0,57.873333333333335,70.0,70.0,72.0,72.85666666666667,67.0,69.0,68.0,68.0,3094
2025-03-04 05:15:00,192.11333333333332,55.28,43.333333333333336,68.90333333333332,191.40666666666667,72.0,0.0,70.0,70.0,72.0,72.72666666666667,67.0,69.0,68.0,68.0,3095
2025-03-04 05:30:00,163.86,30.596666666666664,38.333333333333336,65.92333333333333,161.74,72.0,0.0,70.0,70.0,72.0,71.93,67.0,69.0,68.0,68.0,3096
2025-03-04 05:45:00,168.09666666666666,35.81666666666667,39.66666666666666,65.86,168.8033333333333,72.0,0.0,70.0,70.0,72.0,72.06666666666666,67.0,69.0,68.0,68.0,3097
2025-03-04 06:00:00,161.03333333333333,29.25666666666667,38.0,65.80333333333333,161.03333333333333,72.0,0.0,70.0,70.0,72.0,71.87,67.0,69.0,68.0,68.0,3098
2025-03-04 06:15:00,145.49666666666667,15.463333333333331,35.333333333333336,65.69666666666667,142.67,72.0,0.0,70.0,70.0,72.0,71.51333333333334,67.0,69.0,68.0,68.0,3099
2025-03-04 06:30:00,129.25,3.24,33.166666666666664,65.67666666666666,127.83666666666666,72.0,0.0,70.0,70.0,72.0,71.23333333333333,67.0,69.0,68.0,68.0,3100
2025-03-04 06:45:00,125.71666666666664,0.0,32.5,67.89666666666666,125.01,72.0,14.673333333333332,70.0,70.0,72.0,71.02333333333333,67.0,69.0,68.0,68.0,3101
2025-03-04 07:00:00,123.60333333333334,0.0,32.5,74.81,125.01,72.0,29.416666666666668,70.0,70.0,72.0,70.92666666666668,67.0,69.0,68.0,68.0,3102
2025-03-04 07:15:00,122.90000000000002,0.0,32.666666666666664,80.46333333333332,125.01,72.0,39.22666666666667,70.0,70.0,72.0,70.83333333333333,67.0,69.0,68.0,68.0,3103
2025-03-04 07:30:00,124.30666666666669,0.0,33.833333333333336,86.76,125.01,72.0,48.36333333333334,70.0,70.0,72.0,70.81,67.0,69.0,68.0,68.0,3104
2025-03-04 07:45:00,125.01,0.0,34.0,92.52666666666666,125.01,72.0,56.64333333333334,70.0,70.0,72.0,70.84666666666668,67.0,69.0,68.0,68.0,3105
2025-03-04 08:00:00,125.71666666666664,0.0,34.0,96.91333333333334,125.01,72.0,62.88,70.0,70.0,72.0,70.94333333333334,67.0,69.0,68.0,68.0,3106
2025-03-04 08:15:00,125.01,0.0,34.166666666666664,100.92,125.01,72.0,70.14,70.0,70.0,72.0,70.95666666666666,67.0,69.0,68.0,68.0,3107
2025-03-04 08:30:00,124.30666666666669,0.0,34.5,103.28666666666668,125.01,72.0,75.57333333333334,70.0,70.0,72.0,71.06,67.0,69.0,68.0,68.0,3108
2025-03-04 08:45:00,124.30666666666669,0.0,34.5,105.15,125.01,72.0,80.76,70.0,70.0,72.0,71.13666666666667,67.0,69.0,68.0,68.0,3109
2025-03-04 09:00:00,125.01,0.0,33.833333333333336,106.44666666666669,125.01,72.0,84.16,70.0,70.0,72.0,71.21333333333332,67.0,69.0,68.0,68.0,3110
2025-03-04 09:15:00,125.01333333333334,0.0,32.833333333333336,108.28333333333336,125.01,72.0,88.08,70.0,70.0,72.0,71.33333333333333,67.0,69.0,68.0,68.0,3111
2025-03-04 09:30:00,123.60333333333334,0.0,34.5,109.37333333333332,125.01,72.0,90.11666666666667,70.0,70.0,72.0,71.45333333333333,67.0,69.0,68.0,68.0,3112
2025-03-04 09:45:00,125.01,0.0,34.5,109.96,125.01,72.0,91.69,70.0,70.0,72.0,71.55333333333334,67.0,69.0,68.0,68.0,3113
2025-03-04 10:00:00,126.42333333333332,0.0,34.666666666666664,110.23333333333332,125.01,72.0,92.48666666666666,70.0,70.0,72.0,71.65333333333334,67.0,69.0,68.0,68.0,3114
2025-03-04 10:15:00,127.13,0.0,34.666666666666664,110.23333333333332,125.01,72.0,92.93,70.0,70.0,72.0,71.73666666666666,67.0,69.0,68.0,68.0,3115
2025-03-04 10:30:00,127.83666666666666,0.0,34.5,110.33666666666666,125.01,72.0,93.54333333333334,70.0,70.0,72.0,71.79333333333334,67.0,69.0,68.0,68.0,3116
2025-03-04 10:45:00,128.54333333333332,0.0,33.166666666666664,110.44333333333331,125.01,72.0,94.74333333333334,70.0,70.0,72.0,71.8,67.0,69.0,68.0,68.0,3117
2025-03-04 11:00:00,127.83666666666666,0.0,32.333333333333336,110.36666666666667,125.01,72.0,96.18,70.0,70.0,72.0,71.8,67.0,69.0,68.0,68.0,3118
2025-03-04 11:15:00,125.71666666666664,0.0,32.666666666666664,105.03666666666668,125.71666666666664,72.0,98.39666666666666,70.0,70.0,72.0,71.75,67.0,69.0,68.0,68.0,3119
2025-03-04 11:30:00,126.42333333333332,0.0,33.833333333333336,108.65666666666668,127.13,72.0,100.0,70.0,70.0,72.0,71.60333333333334,67.0,69.0,68.0,68.0,3120
2025-03-04 11:45:00,126.42666666666666,0.0,33.333333333333336,105.00666666666666,127.13,72.0,100.0,70.0,70.0,72.0,71.64666666666666,67.0,69.0,68.0,68.0,3121
2025-03-04 12:00:00,127.13,0.0,33.833333333333336,109.19,127.13,72.0,100.0,70.0,70.0,72.0,71.54666666666667,67.0,69.0,68.0,68.0,3122
2025-03-04 12:15:00,124.30666666666669,0.0,34.166666666666664,105.06666666666666,127.13,72.0,100.0,70.0,70.0,72.0,71.58666666666666,67.0,69.0,68.0,68.0,3123
2025-03-04 12:30:00,128.54333333333332,0.0,33.5,109.35333333333334,127.13,72.0,100.0,70.0,70.0,72.0,71.63,67.0,69.0,68.0,68.0,3124
2025-03-04 12:45:00,127.13,0.0,32.5,108.45,127.13,72.0,100.0,70.0,70.0,72.0,71.67,67.0,69.0,68.0,68.0,3125
2025-03-04 13:00:00,126.42333333333332,0.0,32.833333333333336,94.53333333333336,126.42333333333332,72.0,66.66666666666667,70.0,70.0,72.0,71.51333333333334,67.0,69.0,68.0,68.0,3126
2025-03-04 13:15:00,124.30666666666669,0.0,29.83333333333333,65.58666666666666,125.01,72.0,8.566666666666666,70.0,70.0,72.0,71.07000000000001,67.0,69.0,68.0,68.0,3127
2025-03-04 13:30:00,125.01333333333334,0.0,31.166666666666668,74.20666666666666,125.01,72.0,30.286666666666665,70.0,70.0,72.0,70.84333333333335,67.0,69.0,68.0,68.0,3128
2025-03-04 13:45:00,123.60333333333334,0.0,30.166666666666668,72.98,125.01,72.0,34.92666666666667,70.0,70.0,72.0,71.01333333333334,67.0,69.0,68.0,68.0,3129
2025-03-04 14:00:00,126.42333333333332,0.0,30.5,80.37333333333333,125.01,72.0,40.5,70.0,70.0,72.0,71.08333333333333,67.0,69.0,68.0,68.0,3130
2025-03-04 14:15:00,124.30666666666669,0.0,30.5,77.73666666666666,125.01,72.0,43.13999999999999,70.0,70.0,72.0,71.25666666666666,67.0,69.0,68.0,68.0,3131
2025-03-04 14:30:00,124.30666666666669,0.0,31.0,79.49666666666667,125.01,72.0,46.18666666666667,70.0,70.0,72.0,71.36,67.0,69.0,68.0,68.0,3132
2025-03-04 14:45:00,125.01,0.0,31.0,80.76666666666667,125.01,72.0,47.48,70.0,70.0,72.0,71.51,67.0,69.0,68.0,68.0,3133
2025-03-04 15:00:00,124.30666666666669,0.0,31.166666666666668,80.38333333333334,125.01,72.0,46.25333333333333,70.0,70.0,72.0,71.71,67.0,69.0,68.0,68.0,3134
2025-03-04 15:15:00,124.31,0.0,32.0,79.85000000000001,125.01,72.0,45.06,70.0,70.0,72.0,71.84666666666666,67.0,69.0,68.0,68.0,3135
2025-03-04 15:30:00,125.01,0.0,31.5,79.10000000000001,125.01,72.0,43.61333333333334,70.0,70.0,72.0,71.94,67.0,69.0,68.0,68.0,3136
2025-03-04 15:45:00,125.01,1.7033333333333334,31.0,78.27,125.01,72.0,42.11666666666667,70.0,70.0,72.0,72.02666666666666,67.0,69.0,68.0,68.0,3137
2025-03-04 16:00:00,125.71666666666664,7.696666666666666,30.666666666666668,75.86,125.01,72.0,37.91666666666666,70.0,70.0,72.0,72.19,67.0,69.0,68.0,68.0,3138
2025-03-04 16:15:00,125.71666666666664,6.896666666666666,30.166666666666668,75.89666666666666,125.01,72.0,37.943333333333335,70.0,70.0,72.0,72.11333333333333,67.0,69.0,68.0,68.0,3139
2025-03-04 16:30:00,125.71666666666664,12.3,30.0,73.17333333333333,125.01,72.0,33.843333333333334,70.0,70.0,72.0,72.19333333333333,67.0,69.0,68.0,68.0,3140
2025-03-04 16:45:00,126.42333333333332,1.66,30.0,77.83999999999999,125.01,72.0,40.52,70.0,70.0,72.0,71.89999999999999,67.0,69.0,68.0,68.0,3141
2025-03-04 17:00:00,126.42333333333332,13.699999999999998,29.83333333333333,73.35666666666667,125.01,72.0,32.82333333333333,70.0,70.0,72.0,72.26333333333334,67.0,69.0,68.0,68.0,3142
2025-03-04 17:15:00,125.01333333333334,18.77,29.5,70.92333333333333,125.01,72.0,28.673333333333336,70.0,70.0,72.0,72.32000000000001,67.0,69.0,68.0,68.0,3143
2025-03-04 17:30:00,125.71666666666664,16.84,29.166666666666668,70.73666666666666,125.01,72.0,29.0,70.0,70.0,72.0,72.20333333333333,67.0,69.0,68.0,68.0,3144
2025-03-04 17:45:00,125.71666666666664,17.353333333333335,29.83333333333333,70.74333333333334,125.01,72.0,28.136666666666667,70.0,70.0,72.0,72.17666666666666,67.0,69.0,68.0,68.0,3145
2025-03-04 18:00:00,125.71666666666664,11.373333333333331,29.0,72.05666666666666,125.01,72.0,31.35666666666667,70.0,70.0,72.0,71.97333333333334,67.0,69.0,68.0,68.0,3146
2025-03-04 18:15:00,125.01,1.21,28.666666666666668,76.27,125.01,72.0,37.97,70.0,70.0,72.0,71.69666666666667,67.0,69.0,68.0,68.0,3147
2025-03-04 18:30:00,125.01,19.346666666666668,28.5,70.47666666666667,125.01,72.0,27.01,70.0,70.0,72.0,72.25333333333333,67.0,69.0,68.0,68.0,3148
2025-03-04 18:45:00,124.30666666666669,12.366666666666667,28.5,71.86333333333333,125.01,72.0,30.58333333333333,70.0,70.0,72.0,71.98333333333333,67.0,69.0,68.0,68.0,3149
2025-03-04 19:00:00,124.30666666666669,12.333333333333334,28.5,72.19,125.01,72.0,30.65,70.0,70.0,72.0,72.01333333333334,67.0,69.0,68.0,68.0,3150
2025-03-04 19:15:00,125.01,7.77,28.5,73.73,125.01,72.0,33.63333333333333,70.0,70.0,72.0,71.86333333333333,67.0,69.0,68.0,68.0,3151
2025-03-04 19:30:00,125.71666666666664,22.453333333333333,28.5,69.38000000000001,125.01,72.0,24.5,70.0,70.0,72.0,72.30666666666667,67.0,69.0,68.0,68.0,3152
2025-03-04 19:45:00,124.30666666666669,8.886666666666667,28.83333333333333,72.25333333333333,125.01,72.0,32.25333333333334,70.0,70.0,72.0,71.84666666666666,67.0,69.0,68.0,68.0,3153
2025-03-04 20:00:00,125.71666666666664,13.153333333333334,28.83333333333333,71.79666666666667,125.01,72.0,30.036666666666665,70.0,70.0,72.0,72.01666666666667,67.0,69.0,68.0,68.0,3154
2025-03-04 20:15:00,124.30666666666669,24.703333333333333,28.5,68.39,125.01,72.0,22.55,70.0,70.0,72.0,72.3,67.0,69.0,68.0,68.0,3155
2025-03-04 20:30:00,125.01,20.10333333333333,28.5,68.90333333333332,125.01,72.0,24.546666666666667,70.0,70.0,72.0,72.11,67.0,69.0,68.0,68.0,3156
2025-03-04 20:45:00,124.30666666666669,18.45,28.5,69.33666666666666,125.01,72.0,25.313333333333333,70.0,70.0,72.0,72.04333333333334,67.0,69.0,68.0,68.0,3157
2025-03-04 21:00:00,125.71666666666664,16.533333333333335,28.5,69.56333333333333,125.01,72.0,26.35333333333333,70.0,70.0,72.0,71.97666666666667,67.0,69.0,68.0,68.0,3158
2025-03-04 21:15:00,124.30666666666669,14.806666666666668,28.5,70.29666666666667,125.01,72.0,27.50333333333333,70.0,70.0,72.0,71.93333333333334,67.0,69.0,68.0,68.0,3159
2025-03-04 21:30:00,125.01,13.910000000000002,28.166666666666668,70.64333333333333,125.01,72.0,28.206666666666667,70.0,70.0,72.0,71.92,67.0,69.0,68.0,68.0,3160
2025-03-04 21:45:00,125.01,10.583333333333334,28.0,71.62666666666667,125.01,72.0,30.48333333333333,70.0,70.0,72.0,71.83666666666666,67.0,69.0,68.0,68.0,3161
2025-03-04 22:00:00,123.60333333333334,7.796666666666667,28.0,72.76333333333334,125.01,72.0,32.67666666666667,70.0,70.0,72.0,71.8,67.0,69.0,68.0,68.0,3162
2025-03-04 22:15:00,124.30666666666669,5.829999999999999,28.0,73.64666666666666,125.01,72.0,34.43,70.0,70.0,72.0,71.78666666666668,67.0,69.0,68.0,68.0,3163
2025-03-04 22:30:00,124.30666666666669,3.16,28.166666666666668,74.95,125.01,72.0,36.64333333333334,70.0,70.0,72.0,71.75,67.0,69.0,68.0,68.0,3164
2025-03-04 22:45:00,122.19333333333334,0.0,29.166666666666668,78.85000000000001,125.01,72.0,43.44333333333333,70.0,70.0,72.0,71.54,67.0,69.0,68.0,68.0,3165
2025-03-04 23:00:00,123.60333333333334,0.0,29.5,84.81666666666666,125.01,72.0,52.82333333333333,70.0,70.0,72.0,71.26666666666667,67.0,69.0,68.0,68.0,3166
2025-03-04 23:15:00,125.01,0.0,29.83333333333333,91.58666666666666,125.01,72.0,63.74,70.0,70.0,72.0,71.05,67.0,69.0,68.0,68.0,3167
2025-03-04 23:30:00,122.90000000000002,0.0,30.0,96.91666666666669,125.01,72.0,74.27,70.0,70.0,72.0,70.89333333333333,67.0,69.0,68.0,68.0,3168
2025-03-04 23:45:00,124.30666666666669,0.0,30.33333333333333,100.40666666666668,125.01,72.0,83.23666666666666,70.0,70.0,72.0,70.88,67.0,69.0,68.0,68.0,3169
2025-03-05 00:00:00,123.60333333333334,0.0,30.5,102.01,125.01,72.0,87.45666666666666,70.0,70.0,72.0,71.03,67.0,69.0,68.0,68.0,3170
2025-03-05 00:15:00,125.71666666666664,0.0,30.666666666666668,103.55666666666666,125.01,72.0,96.29666666666668,70.0,70.0,72.0,70.95,67.0,69.0,68.0,68.0,3171
2025-03-05 00:30:00,125.71666666666664,0.0,31.0,103.02,126.42333333333332,72.0,99.5,70.0,70.0,72.0,71.13,67.0,69.0,68.0,68.0,3172
2025-03-05 00:45:00,125.01,0.0,31.0,102.51666666666668,127.13,72.0,100.0,70.0,70.0,72.0,71.13,67.0,69.0,68.0,68.0,3173
2025-03-05 01:00:00,125.71666666666664,0.0,31.0,102.77666666666666,127.13,72.0,100.0,70.0,70.0,72.0,71.13,67.0,69.0,68.0,68.0,3174
2025-03-05 01:15:00,125.71999999999998,0.0,31.5,102.69,127.13,72.0,100.0,70.0,70.0,72.0,71.36333333333333,67.0,69.0,68.0,68.0,3175
2025-03-05 01:30:00,125.71999999999998,0.0,31.33333333333333,102.63333333333333,127.13,72.0,100.0,70.0,70.0,72.0,71.68333333333334,67.0,69.0,68.0,68.0,3176
2025-03-05 01:45:00,126.42333333333332,0.98,30.666666666666668,102.43333333333334,126.42333333333332,72.0,99.39333333333332,70.0,70.0,72.0,71.95333333333333,67.0,69.0,68.0,68.0,3177
2025-03-05 02:00:00,125.01333333333334,7.573333333333333,30.5,103.06333333333332,125.01,72.0,95.14666666666666,70.0,70.0,72.0,72.18333333333334,67.0,69.0,68.0,68.0,3178
2025-03-05 02:15:00,125.01,15.54,30.5,102.37,125.01,72.0,89.45666666666666,70.0,70.0,72.0,72.35666666666667,67.0,69.0,68.0,68.0,3179
2025-03-05 02:30:00,126.42333333333332,13.293333333333337,30.83333333333333,102.88,125.01,72.0,89.88666666666666,70.0,70.0,72.0,72.23,67.0,69.0,68.0,68.0,3180
2025-03-05 02:45:00,124.30666666666669,11.146666666666668,31.166666666666668,103.51666666666668,125.01,72.0,90.61,70.0,70.0,72.0,72.12,67.0,69.0,68.0,68.0,3181
2025-03-05 03:00:00,125.01,10.766666666666666,32.0,103.17,125.01,72.0,90.53333333333336,70.0,70.0,72.0,72.09,67.0,69.0,68.0,68.0,3182
2025-03-05 03:15:00,125.71666666666664,11.32,32.0,102.62333333333332,125.01,72.0,89.90666666666665,70.0,70.0,72.0,72.08333333333333,67.0,69.0,68.0,68.0,3183
2025-03-05 03:30:00,126.42333333333332,11.83,32.166666666666664,102.02666666666666,125.01,72.0,89.33999999999999,70.0,70.0,72.0,72.08333333333333,67.0,69.0,68.0,68.0,3184
2025-03-05 03:45:00,126.42333333333332,12.546666666666669,32.0,101.89333333333332,125.01,72.0,88.63333333333333,70.0,70.0,72.0,72.08333333333333,67.0,69.0,68.0,68.0,3185
2025-03-05 04:00:00,125.71666666666664,14.626666666666669,32.333333333333336,101.71,125.01,72.0,87.07666666666667,70.0,70.0,72.0,72.11333333333333,67.0,69.0,68.0,68.0,3186
2025-03-05 04:15:00,127.13,17.540000000000003,31.5,100.61666666666667,125.01,72.0,84.83666666666666,70.0,70.0,72.0,72.17,67.0,69.0,68.0,68.0,3187
2025-03-05 04:30:00,126.42333333333332,20.723333333333333,31.0,99.56666666666666,125.01,72.0,82.34666666666666,70.0,70.0,72.0,72.24000000000001,67.0,69.0,68.0,68.0,3188
2025-03-05 04:45:00,125.01333333333334,26.11,31.0,98.09,125.01,72.0,78.19,70.0,70.0,72.0,72.29666666666667,67.0,69.0,68.0,68.0,3189
2025-03-05 05:00:00,126.42333333333332,29.313333333333333,31.0,97.06333333333332,125.01,72.0,75.27,70.0,70.0,72.0,72.33,67.0,69.0,68.0,68.0,3190
2025-03-05 05:15:00,126.42333333333332,31.806666666666672,31.0,95.92666666666666,125.01,72.0,72.69,70.0,70.0,72.0,72.32666666666667,67.0,69.0,68.0,68.0,3191
2025-03-05 05:30:00,127.13,30.77,32.0,95.50333333333332,125.01,72.0,72.40666666666667,70.0,70.0,72.0,72.23666666666666,67.0,69.0,68.0,68.0,3192
2025-03-05 05:45:00,126.42333333333332,32.68,32.166666666666664,94.65666666666668,125.01,72.0,70.54,70.0,70.0,72.0,72.23,67.0,69.0,68.0,68.0,3193
2025-03-05 06:00:00,127.13,39.34333333333333,32.0,99.14666666666666,125.01,72.0,65.71333333333332,70.0,70.0,72.0,72.35666666666667,67.0,69.0,68.0,68.0,3194
2025-03-05 06:15:00,125.01333333333334,55.44333333333333,31.166666666666668,86.8,125.01,72.0,54.31666666666666,70.0,70.0,72.0,72.72666666666667,67.0,69.0,68.0,68.0,3195
2025-03-05 06:30:00,153.97,63.23333333333333,36.0,75.22666666666667,150.43666666666667,72.0,32.38333333333333,70.0,70.0,72.0,72.78,67.0,69.0,68.0,68.0,3196
2025-03-05 06:45:00,177.28,42.57333333333333,38.833333333333336,60.123333333333335,175.86666666666667,72.0,0.0,70.0,70.0,72.0,72.07,67.0,69.0,68.0,68.0,3197
2025-03-05 07:00:00,135.61,16.22666666666667,32.666666666666664,62.89666666666667,134.9,72.0,11.83,70.0,70.0,72.0,71.32,67.0,69.0,68.0,68.0,3198
2025-03-05 07:15:00,123.60333333333334,20.14,31.0,63.07,125.01,72.0,13.043333333333331,70.0,70.0,72.0,71.59,67.0,69.0,68.0,68.0,3199
2025-03-05 07:30:00,125.01,5.066666666666666,31.0,69.06333333333333,125.01,72.0,29.106666666666666,70.0,70.0,72.0,71.02333333333333,67.0,69.0,68.0,68.0,3200
2025-03-05 07:45:00,125.01,0.0,31.0,78.21333333333332,125.01,72.0,43.89000000000001,70.0,70.0,72.0,70.73,67.0,69.0,68.0,68.0,3201
2025-03-05 08:00:00,125.71666666666664,0.0,31.0,77.72333333333334,125.01,72.0,41.97666666666667,70.0,70.0,72.0,71.24666666666667,67.0,69.0,68.0,68.0,3202
2025-03-05 08:15:00,125.71666666666664,0.0,31.0,76.22666666666667,125.01,72.0,41.723333333333336,70.0,70.0,72.0,71.45666666666666,67.0,69.0,68.0,68.0,3203
2025-03-05 08:30:00,127.13,0.0,30.666666666666668,81.56,125.01,72.0,49.05,70.0,70.0,72.0,71.32000000000001,67.0,69.0,68.0,68.0,3204
2025-03-05 08:45:00,124.30666666666669,0.0,30.5,87.18,125.01,72.0,48.07333333333333,70.0,70.0,72.0,71.56666666666666,67.0,69.0,68.0,68.0,3205
2025-03-05 09:00:00,124.30666666666669,0.0,30.666666666666668,85.67,125.01,72.0,52.77666666666666,70.0,70.0,72.0,71.47666666666667,67.0,69.0,68.0,68.0,3206
2025-03-05 09:15:00,125.71666666666664,0.0,31.33333333333333,96.66666666666669,125.01,72.0,63.89333333333334,70.0,70.0,72.0,71.22666666666667,67.0,69.0,68.0,68.0,3207
2025-03-05 09:30:00,125.01666666666668,0.0,30.666666666666668,93.39333333333332,125.01,72.0,63.51333333333333,70.0,70.0,72.0,71.48333333333333,67.0,69.0,68.0,68.0,3208
2025-03-05 09:45:00,126.42666666666666,0.0,31.166666666666668,93.86666666666667,125.01,72.0,60.54666666666666,70.0,70.0,72.0,71.77,67.0,69.0,68.0,68.0,3209
2025-03-05 10:00:00,124.30666666666669,0.0,31.33333333333333,94.20333333333332,125.01,72.0,65.17333333333333,70.0,70.0,72.0,71.64333333333333,67.0,69.0,68.0,68.0,3210
2025-03-05 10:15:00,126.42333333333332,0.0,30.5,97.03666666666668,125.01,72.0,64.70666666666666,70.0,70.0,72.0,71.77,67.0,69.0,68.0,68.0,3211
2025-03-05 10:30:00,125.01666666666668,6.53,31.0,91.13,125.01,72.0,56.94333333333333,70.0,70.0,72.0,72.17,67.0,69.0,68.0,68.0,3212
2025-03-05 10:45:00,123.60333333333334,2.9,30.666666666666668,89.88333333333333,125.01,72.0,58.97666666666667,70.0,70.0,72.0,72.0,67.0,69.0,68.0,68.0,3213
2025-03-05 11:00:00,125.71666666666664,0.7866666666666666,31.0,95.40666666666668,125.01,72.0,60.24333333333334,70.0,70.0,72.0,71.96333333333332,67.0,69.0,68.0,68.0,3214
2025-03-05 11:15:00,125.72,3.82,30.5,89.88333333333333,125.01,72.0,58.18,70.0,70.0,72.0,72.06333333333333,67.0,69.0,68.0,68.0,3215
2025-03-05 11:30:00,125.71666666666664,4.716666666666667,30.83333333333333,92.83,125.01,72.0,57.43333333333334,70.0,70.0,72.0,72.05666666666666,67.0,69.0,68.0,68.0,3216
2025-03-05 11:45:00,126.42666666666666,5.906666666666666,31.0,88.85000000000001,125.01,72.0,56.446666666666665,70.0,70.0,72.0,72.08333333333333,67.0,69.0,68.0,68.0,3217
2025-03-05 12:00:00,126.42333333333332,6.686666666666667,30.0,92.88666666666666,125.01,72.0,55.673333333333325,70.0,70.0,72.0,72.07666666666667,67.0,69.0,68.0,68.0,3218
2025-03-05 12:15:00,126.42333333333332,7.57,29.83333333333333,92.82,125.01,72.0,54.86333333333334,70.0,70.0,72.0,72.09,67.0,69.0,68.0,68.0,3219
2025-03-05 12:30:00,125.01,10.5,29.666666666666668,89.33666666666666,125.01,72.0,52.68,70.0,70.0,72.0,72.15666666666667,67.0,69.0,68.0,68.0,3220
2025-03-05 12:45:00,124.30666666666669,9.423333333333334,31.0,87.95666666666666,125.01,72.0,52.93333333333334,70.0,70.0,72.0,72.09,67.0,69.0,68.0,68.0,3221
2025-03-05 13:00:00,125.01,11.726666666666668,30.0,90.68,125.01,72.0,51.24333333333333,70.0,70.0,72.0,72.13,67.0,69.0,68.0,68.0,3222
2025-03-05 13:15:00,124.30666666666669,13.806666666666668,30.33333333333333,84.92,125.01,72.0,49.48,70.0,70.0,72.0,72.16000000000001,67.0,69.0,68.0,68.0,3223
2025-03-05 13:30:00,125.01333333333334,12.63,31.33333333333333,88.55666666666667,125.01,72.0,49.81666666666666,70.0,70.0,72.0,72.09,67.0,69.0,68.0,68.0,3224
2025-03-05 13:45:00,124.30666666666669,16.986666666666668,30.166666666666668,83.15666666666667,125.01,72.0,46.76666666666667,70.0,70.0,72.0,72.18333333333334,67.0,69.0,68.0,68.0,3225
2025-03-05 14:00:00,125.71999999999998,19.73,31.5,84.27,125.01,72.0,44.44,70.0,70.0,72.0,72.21666666666665,67.0,69.0,68.0,68.0,3226
2025-03-05 14:15:00,125.01333333333334,21.683333333333334,30.666666666666668,79.79,125.01,72.0,42.59333333333333,70.0,70.0,72.0,72.23,67.0,69.0,68.0,68.0,3227
2025-03-05 14:30:00,126.42333333333332,23.116666666666664,30.83333333333333,82.10000000000001,125.01,72.0,40.99,70.0,70.0,72.0,72.21,67.0,69.0,68.0,68.0,3228
2025-03-05 14:45:00,125.72,23.256666666666664,30.83333333333333,77.93333333333334,125.01,72.0,40.25666666666667,70.0,70.0,72.0,72.17333333333333,67.0,69.0,68.0,68.0,3229
2025-03-05 15:00:00,125.01,18.17,30.5,82.49,125.01,72.0,42.97,70.0,70.0,72.0,71.99,67.0,69.0,68.0,68.0,3230
2025-03-05 15:15:00,125.71666666666664,19.62,31.0,80.85000000000001,125.01,72.0,42.02,70.0,70.0,72.0,72.02666666666666,67.0,69.0,68.0,68.0,3231
2025-03-05 15:30:00,125.71666666666664,15.816666666666668,30.166666666666668,85.05,125.01,72.0,44.35333333333333,70.0,70.0,72.0,71.92333333333333,67.0,69.0,68.0,68.0,3232
2025-03-05 15:45:00,126.42666666666666,12.99,31.33333333333333,86.42,125.01,72.0,46.370000000000005,70.0,70.0,72.0,71.86,67.0,69.0,68.0,68.0,3233
2025-03-05 16:00:00,125.01333333333334,11.31,30.5,86.98,125.01,72.0,47.75,70.0,70.0,72.0,71.85,67.0,69.0,68.0,68.0,3234
2025-03-05 16:15:00,124.30666666666669,8.426666666666668,31.166666666666668,88.44333333333333,125.01,72.0,50.00333333333333,70.0,70.0,72.0,71.78666666666668,67.0,69.0,68.0,68.0,3235
2025-03-05 16:30:00,122.90000000000002,4.319999999999999,32.0,90.25666666666666,125.01,72.0,53.20666666666667,70.0,70.0,72.0,71.72333333333334,67.0,69.0,68.0,68.0,3236
2025-03-05 16:45:00,125.01333333333334,4.033333333333333,32.0,90.58666666666666,125.01,72.0,54.10999999999999,70.0,70.0,72.0,71.76,67.0,69.0,68.0,68.0,3237
2025-03-05 17:00:00,122.90000000000002,0.3966666666666666,32.166666666666664,92.48,125.01,72.0,57.67666666666667,70.0,70.0,72.0,71.69,67.0,69.0,68.0,68.0,3238
2025-03-05 17:15:00,125.01333333333334,0.0,32.833333333333336,93.72333333333334,125.01,72.0,59.156666666666666,70.0,70.0,72.0,71.72333333333334,67.0,69.0,68.0,68.0,3239
2025-03-05 17:30:00,126.42333333333332,0.0,32.0,93.54,125.01,72.0,60.21333333333333,70.0,70.0,72.0,71.76666666666667,67.0,69.0,68.0,68.0,3240
2025-03-05 17:45:00,125.01,0.0,31.5,94.66333333333334,125.01,72.0,61.39333333333334,70.0,70.0,72.0,71.78666666666668,67.0,69.0,68.0,68.0,3241
2025-03-05 18:00:00,125.01333333333334,0.0,32.0,95.61333333333334,125.01,72.0,62.52333333333333,70.0,70.0,72.0,71.80666666666666,67.0,69.0,68.0,68.0,3242
2025-03-05 18:15:00,124.30666666666669,0.0,33.5,95.20333333333332,125.01,72.0,61.85333333333333,70.0,70.0,72.0,71.89333333333333,67.0,69.0,68.0,68.0,3243
2025-03-05 18:30:00,124.31,3.026666666666667,33.5,94.08333333333331,125.01,72.0,59.96,70.0,70.0,72.0,72.00333333333333,67.0,69.0,68.0,68.0,3244
2025-03-05 18:45:00,124.30666666666669,2.063333333333333,33.5,93.19333333333331,125.01,72.0,59.35,70.0,70.0,72.0,72.00333333333333,67.0,69.0,68.0,68.0,3245
2025-03-05 19:00:00,124.30666666666669,0.0,33.5,94.13,125.01,72.0,60.81333333333333,70.0,70.0,72.0,71.94,67.0,69.0,68.0,68.0,3246
2025-03-05 19:15:00,125.01,2.8466666666666662,33.833333333333336,93.19333333333331,125.01,72.0,58.89333333333334,70.0,70.0,72.0,72.04333333333334,67.0,69.0,68.0,68.0,3247
2025-03-05 19:30:00,124.30666666666669,11.043333333333337,32.666666666666664,89.93333333333334,125.01,72.0,53.57,70.0,70.0,72.0,72.26,67.0,69.0,68.0,68.0,3248
2025-03-05 19:45:00,125.01333333333334,5.246666666666667,32.166666666666664,91.15,125.01,72.0,56.43,70.0,70.0,72.0,72.02333333333333,67.0,69.0,68.0,68.0,3249
2025-03-05 20:00:00,125.01333333333334,8.090000000000002,34.333333333333336,91.07666666666668,125.01,72.0,54.69,70.0,70.0,72.0,72.11666666666667,67.0,69.0,68.0,68.0,3250
2025-03-05 20:15:00,125.71666666666664,10.773333333333332,34.166666666666664,89.48,125.01,72.0,52.59333333333333,70.0,70.0,72.0,72.14666666666666,67.0,69.0,68.0,68.0,3251
2025-03-05 20:30:00,125.01333333333334,6.403333333333333,34.5,91.23333333333332,125.01,72.0,55.03333333333333,70.0,70.0,72.0,72.01333333333334,67.0,69.0,68.0,68.0,3252
2025-03-05 20:45:00,125.71666666666664,13.90333333333333,33.5,88.00999999999999,125.01,72.0,50.26,70.0,70.0,72.0,72.21333333333332,67.0,69.0,68.0,68.0,3253
2025-03-05 21:00:00,124.30666666666669,15.65,33.0,85.58,125.01,72.0,48.35666666666666,70.0,70.0,72.0,72.2,67.0,69.0,68.0,68.0,3254
2025-03-05 21:15:00,125.01,9.18,34.833333333333336,88.31666666666666,125.01,72.0,51.91333333333333,70.0,70.0,72.0,72.00333333333333,67.0,69.0,68.0,68.0,3255
2025-03-05 21:30:00,125.71666666666664,4.346666666666667,34.833333333333336,90.07333333333334,125.01,72.0,54.91,70.0,70.0,72.0,71.84666666666666,67.0,69.0,68.0,68.0,3256
2025-03-05 21:45:00,127.83666666666666,0.4866666666666666,34.5,94.01666666666668,125.01,72.0,61.833333333333336,70.0,70.0,72.0,71.59333333333333,67.0,69.0,68.0,68.0,3257
2025-03-05 22:00:00,124.30666666666669,0.0,34.5,97.90333333333332,125.01,72.0,68.48,70.0,70.0,72.0,71.44333333333333,67.0,69.0,68.0,68.0,3258
2025-03-05 22:15:00,125.71666666666664,0.0,34.5,100.35666666666668,125.01,72.0,74.56333333333333,70.0,70.0,72.0,71.36,67.0,69.0,68.0,68.0,3259
2025-03-05 22:30:00,125.71999999999998,0.0,34.5,102.64333333333332,125.01,72.0,81.51,70.0,70.0,72.0,71.27,67.0,69.0,68.0,68.0,3260
2025-03-05 22:45:00,126.42333333333332,0.0,34.833333333333336,105.10333333333334,125.01,72.0,87.94333333333333,70.0,70.0,72.0,71.21333333333332,67.0,69.0,68.0,68.0,3261
2025-03-05 23:00:00,125.71666666666664,0.0,33.666666666666664,106.58333333333331,125.01,72.0,96.06666666666666,70.0,70.0,72.0,71.11666666666666,67.0,69.0,68.0,68.0,3262
2025-03-05 23:15:00,125.01333333333334,0.0,34.0,107.24333333333334,127.13,72.0,100.0,70.0,70.0,72.0,71.06666666666666,67.0,69.0,68.0,68.0,3263
2025-03-05 23:30:00,126.42333333333332,0.0,35.0,107.15666666666664,127.13,72.0,100.0,70.0,70.0,72.0,70.94333333333334,67.0,69.0,68.0,68.0,3264
2025-03-05 23:45:00,126.42333333333332,0.0,35.666666666666664,107.54666666666668,127.13,72.0,100.0,70.0,70.0,72.0,70.85666666666667,67.0,69.0,68.0,68.0,3265
2025-03-06 00:00:00,127.83666666666666,0.0,34.833333333333336,106.91666666666669,127.13,72.0,100.0,70.0,70.0,72.0,70.79666666666667,67.0,69.0,68.0,68.0,3266
2025-03-06 00:15:00,125.71666666666664,0.0,34.333333333333336,107.63,127.13,72.0,100.0,70.0,70.0,72.0,70.77333333333333,67.0,69.0,68.0,68.0,3267
2025-03-06 00:30:00,124.30666666666669,0.0,34.5,107.71333333333332,127.13,72.0,100.0,70.0,70.0,72.0,71.10666666666667,67.0,69.0,68.0,68.0,3268
2025-03-06 00:45:00,125.01333333333334,0.0,35.5,107.81666666666666,127.13,72.0,100.0,70.0,70.0,72.0,71.32,67.0,69.0,68.0,68.0,3269
2025-03-06 01:00:00,126.42333333333332,0.0,36.333333333333336,107.98333333333332,127.13,72.0,100.0,70.0,70.0,72.0,71.46,67.0,69.0,68.0,68.0,3270
2025-03-06 01:15:00,127.13,0.0,34.833333333333336,107.81666666666666,127.13,72.0,100.0,70.0,70.0,72.0,71.59333333333335,67.0,69.0,68.0,68.0,3271
2025-03-06 01:30:00,126.42333333333332,0.0,34.5,108.16333333333334,127.13,72.0,100.0,70.0,70.0,72.0,71.66333333333334,67.0,69.0,68.0,68.0,3272
2025-03-06 01:45:00,125.01333333333334,0.0,35.166666666666664,108.25,127.13,72.0,100.0,70.0,70.0,72.0,71.44333333333334,67.0,69.0,68.0,68.0,3273
2025-03-06 02:00:00,125.01,0.0,35.666666666666664,107.91666666666669,127.13,72.0,100.0,70.0,70.0,72.0,71.18666666666667,67.0,69.0,68.0,68.0,3274
2025-03-06 02:15:00,125.01333333333334,0.0,36.16666666666666,107.85666666666668,127.13,72.0,100.0,70.0,70.0,72.0,71.02,67.0,69.0,68.0,68.0,3275
2025-03-06 02:30:00,125.01333333333334,0.0,36.66666666666666,108.26666666666668,127.13,72.0,100.0,70.0,70.0,72.0,71.27333333333333,67.0,69.0,68.0,68.0,3276
2025-03-06 02:45:00,127.13,0.0,35.833333333333336,107.84666666666664,127.13,72.0,100.0,70.0,70.0,72.0,71.75666666666666,67.0,69.0,68.0,68.0,3277
2025-03-06 03:00:00,125.71666666666664,1.13,35.333333333333336,107.40333333333336,126.42333333333332,72.0,99.29333333333334,70.0,70.0,72.0,71.99,67.0,69.0,68.0,68.0,3278
2025-03-06 03:15:00,126.42333333333332,3.6766666666666654,35.0,107.16666666666669,125.01,72.0,97.55,70.0,70.0,72.0,72.08333333333333,67.0,69.0,68.0,68.0,3279
2025-03-06 03:30:00,127.83666666666666,4.573333333333333,34.666666666666664,107.43333333333334,125.01,72.0,96.71666666666664,70.0,70.0,72.0,72.09,67.0,69.0,68.0,68.0,3280
2025-03-06 03:45:00,125.01,3.1299999999999994,35.833333333333336,107.83333333333331,125.01,72.0,97.36666666666667,70.0,70.0,72.0,72.02666666666666,67.0,69.0,68.0,68.0,3281
2025-03-06 04:00:00,124.30666666666669,0.0,36.5,107.43666666666668,126.42333333333332,72.0,99.81333333333332,70.0,70.0,72.0,71.74333333333334,67.0,69.0,68.0,68.0,3282
2025-03-06 04:15:00,125.71666666666664,0.0,36.5,107.71333333333332,127.13,72.0,100.0,70.0,70.0,72.0,71.34333333333332,67.0,69.0,68.0,68.0,3283
2025-03-06 04:30:00,125.71666666666664,0.0,36.5,107.24666666666668,127.13,72.0,100.0,70.0,70.0,72.0,71.18,67.0,69.0,68.0,68.0,3284
2025-03-06 04:45:00,126.42333333333332,0.0,36.5,107.03333333333336,127.13,72.0,100.0,70.0,70.0,72.0,71.58,67.0,69.0,68.0,68.0,3285
2025-03-06 05:00:00,128.54333333333332,0.0,35.666666666666664,106.82,127.13,72.0,100.0,70.0,70.0,72.0,71.41333333333334,67.0,69.0,68.0,68.0,3286
2025-03-06 05:15:00,126.42333333333332,0.0,35.0,107.24666666666668,127.13,72.0,100.0,70.0,70.0,72.0,71.12666666666667,67.0,69.0,68.0,68.0,3287
2025-03-06 05:30:00,127.13,0.0,35.0,106.72333333333334,127.13,72.0,100.0,70.0,70.0,72.0,71.13,67.0,69.0,68.0,68.0,3288
2025-03-06 05:45:00,126.42333333333332,0.0,35.0,106.70666666666666,127.13,72.0,100.0,70.0,70.0,72.0,70.90333333333334,67.0,69.0,68.0,68.0,3289
2025-03-06 06:00:00,127.83666666666666,0.0,35.0,106.77,127.13,72.0,100.0,70.0,70.0,72.0,70.90666666666668,67.0,69.0,68.0,68.0,3290
2025-03-06 06:15:00,126.42333333333332,0.0,35.0,106.79666666666668,127.13,72.0,100.0,70.0,70.0,72.0,70.81,67.0,69.0,68.0,68.0,3291
2025-03-06 06:30:00,125.71666666666664,0.0,35.0,107.07333333333334,127.13,72.0,100.0,70.0,70.0,72.0,70.67,67.0,69.0,68.0,68.0,3292
2025-03-06 06:45:00,127.83666666666666,0.0,34.833333333333336,107.13,127.13,72.0,100.0,70.0,70.0,72.0,70.54333333333334,67.0,69.0,68.0,68.0,3293
2025-03-06 07:00:00,127.13,0.0,34.5,106.77,127.13,72.0,100.0,70.0,70.0,72.0,70.65666666666667,67.0,69.0,68.0,68.0,3294
2025-03-06 07:15:00,125.01,0.0,34.5,107.19666666666666,127.13,72.0,100.0,70.0,70.0,72.0,70.58666666666666,67.0,69.0,68.0,68.0,3295
2025-03-06 07:30:00,125.01,0.0,34.5,107.40333333333332,127.13,72.0,100.0,70.0,70.0,72.0,70.33333333333333,67.0,69.0,68.0,68.0,3296
2025-03-06 07:45:00,125.71666666666664,0.0,34.5,107.44333333333334,127.13,72.0,100.0,70.0,70.0,72.0,70.44333333333333,67.0,69.0,68.0,68.0,3297
2025-03-06 08:00:00,126.42333333333332,0.0,34.5,106.96333333333332,127.13,72.0,100.0,70.0,70.0,72.0,70.42333333333333,67.0,69.0,68.0,68.0,3298
2025-03-06 08:15:00,125.71666666666664,0.0,34.5,107.20666666666666,127.13,72.0,100.0,70.0,70.0,72.0,70.35000000000001,67.0,69.0,68.0,68.0,3299
2025-03-06 08:30:00,125.01333333333334,0.0,34.666666666666664,107.31,127.13,72.0,100.0,70.0,70.0,72.0,70.33666666666666,67.0,69.0,68.0,68.0,3300
2025-03-06 08:45:00,125.71666666666664,0.0,35.0,107.07666666666668,127.13,72.0,100.0,70.0,70.0,72.0,70.15333333333334,67.0,69.0,68.0,68.0,3301
2025-03-06 09:00:00,127.83666666666666,0.0,33.833333333333336,106.64666666666666,127.13,72.0,100.0,70.0,70.0,72.0,70.32333333333334,67.0,69.0,68.0,68.0,3302
2025-03-06 09:15:00,124.30666666666669,0.0,32.666666666666664,106.3,127.13,72.0,100.0,70.0,70.0,72.0,70.27999999999999,67.0,69.0,68.0,68.0,3303
2025-03-06 09:30:00,126.42333333333332,0.0,34.0,106.31666666666666,127.13,72.0,100.0,70.0,70.0,72.0,70.05666666666667,67.0,69.0,68.0,68.0,3304
2025-03-06 09:45:00,126.42333333333332,0.0,34.0,106.38,127.13,72.0,100.0,70.0,70.0,72.0,70.05666666666667,67.0,69.0,68.0,68.0,3305
2025-03-06 10:00:00,125.71666666666664,0.0,34.0,106.36666666666667,127.13,72.0,100.0,70.0,70.0,72.0,70.09666666666668,67.0,69.0,68.0,68.0,3306
2025-03-06 10:15:00,126.42333333333332,0.0,34.0,106.45666666666666,127.13,72.0,100.0,70.0,70.0,72.0,70.07000000000001,67.0,69.0,68.0,68.0,3307
2025-03-06 10:30:00,125.01,0.0,34.0,106.33333333333331,127.13,72.0,100.0,70.0,70.0,72.0,69.87,67.0,69.0,68.0,68.0,3308
2025-03-06 10:45:00,125.71666666666664,0.0,34.166666666666664,106.67,127.13,72.0,100.0,70.0,70.0,72.0,69.84,67.0,69.0,68.0,68.0,3309
2025-03-06 11:00:00,125.71666666666664,0.0,34.5,106.08,127.13,72.0,100.0,70.0,70.0,72.0,69.86666666666666,67.0,69.0,68.0,68.0,3310
2025-03-06 11:15:00,124.30666666666669,0.0,34.5,106.05333333333331,127.13,72.0,100.0,70.0,70.0,72.0,69.93666666666667,67.0,69.0,68.0,68.0,3311
2025-03-06 11:30:00,125.01,0.0,34.833333333333336,106.32333333333334,127.13,72.0,100.0,70.0,70.0,72.0,69.97333333333334,67.0,69.0,68.0,68.0,3312
2025-03-06 11:45:00,127.13,0.0,35.0,105.95666666666666,127.13,72.0,100.0,70.0,70.0,72.0,69.98,67.0,69.0,68.0,68.0,3313
2025-03-06 12:00:00,126.42333333333332,0.0,35.0,106.09333333333332,127.13,72.0,100.0,70.0,70.0,72.0,69.98666666666666,67.0,69.0,68.0,68.0,3314
2025-03-06 12:15:00,125.71999999999998,0.0,35.166666666666664,106.28333333333336,127.13,72.0,100.0,70.0,70.0,72.0,70.11666666666666,67.0,69.0,68.0,68.0,3315
2025-03-06 12:30:00,126.42333333333332,0.0,35.5,106.28666666666668,127.13,72.0,100.0,70.0,70.0,72.0,70.14333333333333,67.0,69.0,68.0,68.0,3316
2025-03-06 12:45:00,125.01,0.0,35.5,106.27666666666666,127.13,72.0,100.0,70.0,70.0,72.0,70.11,67.0,69.0,68.0,68.0,3317
2025-03-06 13:00:00,126.42333333333332,0.0,35.5,106.53000000000002,127.13,72.0,100.0,70.0,70.0,72.0,70.19333333333333,67.0,69.0,68.0,68.0,3318
2025-03-06 13:15:00,127.13,0.0,35.5,106.47666666666667,127.13,72.0,100.0,70.0,70.0,72.0,70.25666666666666,67.0,69.0,68.0,68.0,3319
2025-03-06 13:30:00,128.54333333333332,0.0,35.0,106.22666666666667,127.13,72.0,100.0,70.0,70.0,72.0,70.36333333333333,67.0,69.0,68.0,68.0,3320
2025-03-06 13:45:00,126.42333333333332,0.0,34.0,106.1,127.13,72.0,100.0,70.0,70.0,72.0,70.38666666666667,67.0,69.0,68.0,68.0,3321
2025-03-06 14:00:00,126.42333333333332,0.0,34.0,105.68333333333334,127.13,72.0,100.0,70.0,70.0,72.0,70.39,67.0,69.0,68.0,68.0,3322
2025-03-06 14:15:00,126.42333333333332,0.0,34.0,105.8,127.13,72.0,100.0,70.0,70.0,72.0,70.39666666666666,67.0,69.0,68.0,68.0,3323
2025-03-06 14:30:00,126.42333333333332,0.0,34.0,106.03333333333336,127.13,72.0,100.0,70.0,70.0,72.0,70.47666666666667,67.0,69.0,68.0,68.0,3324
2025-03-06 14:45:00,125.71666666666664,0.0,34.0,106.22666666666667,127.13,72.0,100.0,70.0,70.0,72.0,70.53333333333335,67.0,69.0,68.0,68.0,3325
2025-03-06 15:00:00,126.42333333333332,0.0,34.0,106.50333333333332,127.13,72.0,100.0,70.0,70.0,72.0,70.61666666666667,67.0,69.0,68.0,68.0,3326
2025-03-06 15:15:00,126.42333333333332,0.0,34.0,106.59666666666664,127.13,72.0,100.0,70.0,70.0,72.0,70.67333333333333,67.0,69.0,68.0,68.0,3327
2025-03-06 15:30:00,126.42333333333332,0.0,33.833333333333336,106.56,127.13,72.0,100.0,70.0,70.0,72.0,70.71666666666667,67.0,69.0,68.0,68.0,3328
2025-03-06 15:45:00,125.71666666666664,0.0,33.833333333333336,106.89666666666666,127.13,72.0,100.0,70.0,70.0,72.0,70.79,67.0,69.0,68.0,68.0,3329
2025-03-06 16:00:00,126.42333333333332,0.0,34.0,106.83333333333331,127.13,72.0,100.0,70.0,70.0,72.0,70.86666666666667,67.0,69.0,68.0,68.0,3330
2025-03-06 16:15:00,126.42333333333332,0.0,34.0,107.07333333333334,127.13,72.0,100.0,70.0,70.0,72.0,70.94333333333334,67.0,69.0,68.0,68.0,3331
2025-03-06 16:30:00,126.42333333333332,0.0,33.5,107.26,127.13,72.0,100.0,70.0,70.0,72.0,71.06666666666666,67.0,69.0,68.0,68.0,3332
2025-03-06 16:45:00,127.83666666666666,0.0,32.666666666666664,107.40666666666668,127.13,72.0,100.0,70.0,70.0,72.0,71.17333333333333,67.0,69.0,68.0,68.0,3333
2025-03-06 17:00:00,126.42333333333332,0.0,32.166666666666664,107.33666666666666,127.13,72.0,100.0,70.0,70.0,72.0,71.26333333333334,67.0,69.0,68.0,68.0,3334
2025-03-06 17:15:00,126.42333333333332,0.0,32.0,107.24,127.13,72.0,100.0,70.0,70.0,72.0,71.36666666666666,67.0,69.0,68.0,68.0,3335
2025-03-06 17:30:00,127.13,0.0,32.0,108.03333333333336,127.13,72.0,100.0,70.0,70.0,72.0,71.44333333333333,67.0,69.0,68.0,68.0,3336
2025-03-06 17:45:00,125.71666666666664,0.0,31.666666666666668,108.0,127.13,72.0,100.0,70.0,70.0,72.0,71.52333333333333,67.0,69.0,68.0,68.0,3337
2025-03-06 18:00:00,125.01333333333334,0.0,32.0,108.65666666666668,127.13,72.0,100.0,70.0,70.0,72.0,71.64,67.0,69.0,68.0,68.0,3338
2025-03-06 18:15:00,125.71666666666664,0.0,33.0,108.72333333333331,127.13,72.0,100.0,70.0,70.0,72.0,71.75,67.0,69.0,68.0,68.0,3339
2025-03-06 18:30:00,126.42333333333332,0.0,33.0,108.56333333333332,127.13,72.0,100.0,70.0,70.0,72.0,71.87,67.0,69.0,68.0,68.0,3340
2025-03-06 18:45:00,127.83666666666666,0.12,32.833333333333336,108.44666666666669,127.13,72.0,99.92666666666666,70.0,70.0,72.0,71.96,67.0,69.0,68.0,68.0,3341
2025-03-06 19:00:00,127.83666666666666,6.989999999999999,31.33333333333333,108.14333333333332,125.01,72.0,95.59,70.0,70.0,72.0,72.17999999999999,67.0,69.0,68.0,68.0,3342
2025-03-06 19:15:00,126.42333333333332,17.206666666666667,30.666666666666668,107.31666666666666,125.01,72.0,88.52333333333333,70.0,70.0,72.0,72.41666666666667,67.0,69.0,68.0,68.0,3343
2025-03-06 19:30:00,127.83666666666666,29.146666666666665,30.166666666666668,104.22333333333334,125.01,72.0,79.8,70.0,70.0,72.0,72.66333333333334,67.0,69.0,68.0,68.0,3344
2025-03-06 19:45:00,177.28,42.97,37.16666666666666,67.80333333333333,175.86666666666667,72.0,0.0,70.0,70.0,72.0,72.88333333333334,67.0,69.0,68.0,68.0,3345
2025-03-06 20:00:00,185.75333333333333,50.27,37.833333333333336,66.47,185.04666666666665,72.0,0.0,70.0,70.0,72.0,72.89666666666666,67.0,69.0,68.0,68.0,3346
2025-03-06 20:15:00,173.04,38.126666666666665,34.5,66.37333333333333,170.92333333333332,72.0,0.0,70.0,70.0,72.0,72.41000000000001,67.0,69.0,68.0,68.0,3347
2025-03-06 20:30:00,134.9,7.613333333333333,29.166666666666668,66.65666666666665,132.78333333333333,72.0,0.0,70.0,70.0,72.0,71.47333333333333,67.0,69.0,68.0,68.0,3348
2025-03-06 20:45:00,132.78333333333333,8.056666666666667,28.5,66.64666666666666,132.07666666666668,72.0,0.0,70.0,70.0,72.0,71.58666666666666,67.0,69.0,68.0,68.0,3349
2025-03-06 21:00:00,131.37,7.18,28.83333333333333,66.83,132.78333333333333,72.0,0.0,70.0,70.0,72.0,71.66,67.0,69.0,68.0,68.0,3350
2025-03-06 21:15:00,134.90333333333334,8.666666666666666,29.33333333333333,67.0,134.1966666666667,72.0,0.0,70.0,70.0,72.0,71.74333333333334,67.0,69.0,68.0,68.0,3351
2025-03-06 21:30:00,125.72,1.24,27.33333333333333,67.03,126.42333333333332,72.0,0.0,70.0,70.0,72.0,71.55333333333333,67.0,69.0,68.0,68.0,3352
2025-03-06 21:45:00,125.01,0.0,27.0,66.99333333333333,125.01,72.0,0.0,70.0,70.0,72.0,71.33999999999999,67.0,69.0,68.0,68.0,3353
2025-03-06 22:00:00,122.19333333333334,0.0,27.166666666666668,66.83333333333333,125.01,72.0,0.0,70.0,70.0,72.0,71.17,67.0,69.0,68.0,68.0,3354
2025-03-06 22:15:00,122.19333333333334,0.0,28.666666666666668,68.85333333333334,125.01,72.0,7.513333333333333,70.0,70.0,72.0,71.03,67.0,69.0,68.0,68.0,3355
2025-03-06 22:30:00,122.90000000000002,0.0,29.0,74.69,125.01,72.0,26.74333333333333,70.0,70.0,72.0,70.98666666666666,67.0,69.0,68.0,68.0,3356
2025-03-06 22:45:00,123.60333333333334,0.0,29.5,77.3,125.01,72.0,32.13333333333333,70.0,70.0,72.0,71.08,67.0,69.0,68.0,68.0,3357
2025-03-06 23:00:00,122.90000000000002,0.0,29.5,81.48666666666666,125.01,72.0,39.443333333333335,70.0,70.0,72.0,71.03666666666668,67.0,69.0,68.0,68.0,3358
2025-03-06 23:15:00,124.30666666666669,0.0,29.5,88.22666666666667,125.01,72.0,51.04,70.0,70.0,72.0,70.86666666666667,67.0,69.0,68.0,68.0,3359
2025-03-06 23:30:00,126.42333333333332,0.0,29.5,95.21999999999998,125.01,72.0,62.50333333333333,70.0,70.0,72.0,70.73666666666666,67.0,69.0,68.0,68.0,3360
2025-03-06 23:45:00,127.13,0.0,29.33333333333333,100.77,125.01,72.0,75.28333333333333,70.0,70.0,72.0,70.59666666666668,67.0,69.0,68.0,68.0,3361
2025-03-07 00:00:00,126.42333333333332,0.0,28.5,105.88,125.01,72.0,89.32333333333334,70.0,70.0,72.0,70.42666666666666,67.0,69.0,68.0,68.0,3362
2025-03-07 00:15:00,125.01333333333334,0.0,29.166666666666668,107.90333333333336,126.42333333333332,72.0,99.08,70.0,70.0,72.0,70.33999999999999,67.0,69.0,68.0,68.0,3363
2025-03-07 00:30:00,123.60333333333334,0.0,30.166666666666668,107.77,127.13,72.0,100.0,70.0,70.0,72.0,70.28666666666666,67.0,69.0,68.0,68.0,3364
2025-03-07 00:45:00,125.01333333333334,0.0,31.0,107.94666666666666,127.13,72.0,100.0,70.0,70.0,72.0,70.30333333333333,67.0,69.0,68.0,68.0,3365
2025-03-07 01:00:00,123.60333333333334,0.0,31.83333333333333,108.00333333333332,127.13,72.0,100.0,70.0,70.0,72.0,70.30666666666666,67.0,69.0,68.0,68.0,3366
2025-03-07 01:15:00,125.01,0.0,32.5,108.17666666666666,127.13,72.0,100.0,70.0,70.0,72.0,70.44,67.0,69.0,68.0,68.0,3367
2025-03-07 01:30:00,125.01,0.0,32.5,107.98666666666666,127.13,72.0,100.0,70.0,70.0,72.0,70.55,67.0,69.0,68.0,68.0,3368
2025-03-07 01:45:00,125.01,0.0,32.833333333333336,108.07,127.13,72.0,100.0,70.0,70.0,72.0,70.66333333333334,67.0,69.0,68.0,68.0,3369
2025-03-07 02:00:00,125.01,0.0,33.5,108.12333333333332,127.13,72.0,100.0,70.0,70.0,72.0,70.68,67.0,69.0,68.0,68.0,3370
2025-03-07 02:15:00,124.31,0.0,34.333333333333336,108.11,127.13,72.0,100.0,70.0,70.0,72.0,70.75333333333333,67.0,69.0,68.0,68.0,3371
2025-03-07 02:30:00,125.01333333333334,0.0,34.666666666666664,108.18666666666668,127.13,72.0,100.0,70.0,70.0,72.0,70.79666666666667,67.0,69.0,68.0,68.0,3372
2025-03-07 02:45:00,125.71666666666664,0.0,35.0,108.05,127.13,72.0,100.0,70.0,70.0,72.0,70.85333333333334,67.0,69.0,68.0,68.0,3373
2025-03-07 03:00:00,124.30666666666669,0.0,35.166666666666664,107.88333333333333,127.13,72.0,100.0,70.0,70.0,72.0,70.94333333333334,67.0,69.0,68.0,68.0,3374
2025-03-07 03:15:00,126.42333333333332,0.0,35.5,108.20666666666666,127.13,72.0,100.0,70.0,70.0,72.0,71.14,67.0,69.0,68.0,68.0,3375
2025-03-07 03:30:00,125.71999999999998,0.0,35.5,108.07,127.13,72.0,100.0,70.0,70.0,72.0,71.22,67.0,69.0,68.0,68.0,3376
2025-03-07 03:45:00,125.01333333333334,0.0,35.0,108.17666666666666,127.13,72.0,100.0,70.0,70.0,72.0,71.10333333333334,67.0,69.0,68.0,68.0,3377
2025-03-07 04:00:00,124.30666666666669,0.0,34.666666666666664,108.31333333333332,127.13,72.0,100.0,70.0,70.0,72.0,71.17666666666666,67.0,69.0,68.0,68.0,3378
2025-03-07 04:15:00,127.83666666666666,0.0,34.5,107.99666666666668,127.13,72.0,100.0,70.0,70.0,72.0,71.24,67.0,69.0,68.0,68.0,3379
2025-03-07 04:30:00,125.71666666666664,0.0,34.0,108.29666666666668,127.13,72.0,100.0,70.0,70.0,72.0,71.24,67.0,69.0,68.0,68.0,3380
2025-03-07 04:45:00,125.71666666666664,0.0,35.0,108.42666666666666,127.13,72.0,100.0,70.0,70.0,72.0,71.28333333333333,67.0,69.0,68.0,68.0,3381
2025-03-07 05:00:00,125.01333333333334,0.0,34.0,108.17,127.13,72.0,100.0,70.0,70.0,72.0,71.33666666666666,67.0,69.0,68.0,68.0,3382
2025-03-07 05:15:00,125.01333333333334,0.0,34.833333333333336,108.20666666666666,127.13,72.0,100.0,70.0,70.0,72.0,71.35,67.0,69.0,68.0,68.0,3383
2025-03-07 05:30:00,127.13,0.0,35.333333333333336,107.65333333333332,127.13,72.0,100.0,70.0,70.0,72.0,71.35,67.0,69.0,68.0,68.0,3384
2025-03-07 05:45:00,127.13,0.0,35.166666666666664,107.60333333333334,127.13,72.0,100.0,70.0,70.0,72.0,71.35,67.0,69.0,68.0,68.0,3385
2025-03-07 06:00:00,126.42333333333332,0.0,35.5,107.58,127.13,72.0,100.0,70.0,70.0,72.0,71.34333333333332,67.0,69.0,68.0,68.0,3386
2025-03-07 06:15:00,126.42333333333332,0.0,34.166666666666664,107.24666666666668,127.13,72.0,100.0,70.0,70.0,72.0,71.34333333333332,67.0,69.0,68.0,68.0,3387
2025-03-07 06:30:00,125.71666666666664,0.0,33.666666666666664,107.92666666666666,127.13,72.0,100.0,70.0,70.0,72.0,71.33,67.0,69.0,68.0,68.0,3388
2025-03-07 06:45:00,127.13,0.0,33.666666666666664,107.43333333333334,127.13,72.0,100.0,70.0,70.0,72.0,71.35,67.0,69.0,68.0,68.0,3389
2025-03-07 07:00:00,125.71666666666664,0.0,33.166666666666664,107.87,127.13,72.0,100.0,70.0,70.0,72.0,71.35666666666667,67.0,69.0,68.0,68.0,3390
2025-03-07 07:15:00,127.13,0.0,35.0,107.81,127.13,72.0,100.0,70.0,70.0,72.0,71.36333333333333,67.0,69.0,68.0,68.0,3391
2025-03-07 07:30:00,126.42333333333332,0.0,33.666666666666664,107.59666666666668,127.13,72.0,100.0,70.0,70.0,72.0,71.36333333333333,67.0,69.0,68.0,68.0,3392
2025-03-07 07:45:00,124.30666666666669,0.0,33.166666666666664,107.73,127.13,72.0,100.0,70.0,70.0,72.0,71.37,67.0,69.0,68.0,68.0,3393
2025-03-07 08:00:00,126.42333333333332,0.0,34.5,107.81666666666666,127.13,72.0,100.0,70.0,70.0,72.0,71.37,67.0,69.0,68.0,68.0,3394
2025-03-07 08:15:00,127.83666666666666,0.0,33.5,107.54,127.13,72.0,100.0,70.0,70.0,72.0,71.37,67.0,69.0,68.0,68.0,3395
2025-03-07 08:30:00,125.71666666666664,0.0,33.0,107.82666666666668,127.13,72.0,100.0,70.0,70.0,72.0,71.37333333333333,67.0,69.0,68.0,68.0,3396
2025-03-07 08:45:00,126.42333333333332,0.0,33.0,107.86,127.13,72.0,100.0,70.0,70.0,72.0,71.38,67.0,69.0,68.0,68.0,3397
2025-03-07 09:00:00,127.13,0.0,32.833333333333336,107.50333333333332,127.13,72.0,100.0,70.0,70.0,72.0,71.37666666666667,67.0,69.0,68.0,68.0,3398
2025-03-07 09:15:00,126.42333333333332,0.0,32.666666666666664,107.72666666666667,127.13,72.0,100.0,70.0,70.0,72.0,71.38,67.0,69.0,68.0,68.0,3399
2025-03-07 09:30:00,125.71666666666664,0.0,34.0,107.88666666666666,127.13,72.0,100.0,70.0,70.0,72.0,71.38,67.0,69.0,68.0,68.0,3400
2025-03-07 09:45:00,127.83666666666666,0.0,34.0,107.79666666666668,127.13,72.0,100.0,70.0,70.0,72.0,71.38,67.0,69.0,68.0,68.0,3401
2025-03-07 10:00:00,125.71666666666664,0.0,32.666666666666664,107.88666666666668,127.13,72.0,100.0,70.0,70.0,72.0,71.40666666666667,67.0,69.0,68.0,68.0,3402
2025-03-07 10:15:00,125.01666666666668,0.0,33.833333333333336,107.94333333333331,127.13,72.0,100.0,70.0,70.0,72.0,71.46,67.0,69.0,68.0,68.0,3403
2025-03-07 10:30:00,126.42333333333332,0.0,34.0,107.53666666666668,127.13,72.0,100.0,70.0,70.0,72.0,71.47666666666667,67.0,69.0,68.0,68.0,3404
2025-03-07 10:45:00,127.13,0.0,33.5,107.83,127.13,72.0,100.0,70.0,70.0,72.0,71.49666666666667,67.0,69.0,68.0,68.0,3405
2025-03-07 11:00:00,125.01,0.0,32.5,107.54,127.13,72.0,100.0,70.0,70.0,72.0,71.49,67.0,69.0,68.0,68.0,3406
2025-03-07 11:15:00,126.42333333333332,0.0,33.5,107.26,127.13,72.0,100.0,70.0,70.0,72.0,71.49,67.0,69.0,68.0,68.0,3407
2025-03-07 11:30:00,125.01,0.0,33.5,107.41333333333334,127.13,72.0,100.0,70.0,70.0,72.0,71.49,67.0,69.0,68.0,68.0,3408
2025-03-07 11:45:00,125.71666666666664,0.0,33.5,107.35333333333334,127.13,72.0,100.0,70.0,70.0,72.0,71.49,67.0,69.0,68.0,68.0,3409
2025-03-07 12:00:00,125.71666666666664,0.0,33.666666666666664,107.65,127.13,72.0,100.0,70.0,70.0,72.0,71.50333333333333,67.0,69.0,68.0,68.0,3410
2025-03-07 12:15:00,125.01333333333334,0.0,33.5,107.66666666666669,127.13,72.0,100.0,70.0,70.0,72.0,71.50333333333333,67.0,69.0,68.0,68.0,3411
2025-03-07 12:30:00,127.13,0.0,33.833333333333336,107.76666666666668,127.13,72.0,100.0,70.0,70.0,72.0,71.50333333333333,67.0,69.0,68.0,68.0,3412
2025-03-07 12:45:00,125.71666666666664,0.0,33.833333333333336,107.62333333333332,127.13,72.0,100.0,70.0,70.0,72.0,71.52333333333333,67.0,69.0,68.0,68.0,3413
2025-03-07 13:00:00,125.01,0.0,33.5,107.77333333333333,127.13,72.0,100.0,70.0,70.0,72.0,71.52333333333333,67.0,69.0,68.0,68.0,3414
2025-03-07 13:15:00,127.13,0.0,33.5,107.93666666666668,127.13,72.0,100.0,70.0,70.0,72.0,71.55333333333333,67.0,69.0,68.0,68.0,3415
2025-03-07 13:30:00,126.42333333333332,0.0,33.5,107.92333333333332,127.13,72.0,100.0,70.0,70.0,72.0,71.62333333333333,67.0,69.0,68.0,68.0,3416
2025-03-07 13:45:00,126.42333333333332,0.0,33.5,108.22,127.13,72.0,100.0,70.0,70.0,72.0,71.68666666666667,67.0,69.0,68.0,68.0,3417
2025-03-07 14:00:00,127.83666666666666,0.0,32.833333333333336,108.05666666666669,127.13,72.0,100.0,70.0,70.0,72.0,71.77333333333333,67.0,69.0,68.0,68.0,3418
2025-03-07 14:15:00,126.42333333333332,0.0,32.5,108.38,127.13,72.0,100.0,70.0,70.0,72.0,71.8,67.0,69.0,68.0,68.0,3419
2025-03-07 14:30:00,127.13,0.0,32.166666666666664,108.53000000000002,127.13,72.0,100.0,70.0,70.0,72.0,71.89333333333333,67.0,69.0,68.0,68.0,3420
2025-03-07 14:45:00,126.42333333333332,0.0,32.0,109.02666666666666,127.13,72.0,100.0,70.0,70.0,72.0,71.94,67.0,69.0,68.0,68.0,3421
2025-03-07 15:00:00,126.42333333333332,0.0,32.0,109.29333333333334,127.13,72.0,100.0,70.0,70.0,72.0,71.94,67.0,69.0,68.0,68.0,3422
2025-03-07 15:15:00,127.13,0.0,32.0,109.31666666666666,127.13,72.0,100.0,70.0,70.0,72.0,71.94,67.0,69.0,68.0,68.0,3423
2025-03-07 15:30:00,125.71666666666664,0.0,31.666666666666668,109.54333333333334,127.13,72.0,100.0,70.0,70.0,72.0,71.95333333333333,67.0,69.0,68.0,68.0,3424
2025-03-07 15:45:00,126.42333333333332,0.84,31.5,109.77666666666666,125.71666666666664,72.0,99.47333333333334,70.0,70.0,72.0,72.00333333333333,67.0,69.0,68.0,68.0,3425
2025-03-07 16:00:00,127.83666666666666,2.76,31.166666666666668,110.02333333333333,125.01,72.0,98.18666666666668,70.0,70.0,72.0,72.06333333333333,67.0,69.0,68.0,68.0,3426
2025-03-07 16:15:00,126.42333333333332,5.3566666666666665,31.0,110.39333333333332,125.01,72.0,96.36,70.0,70.0,72.0,72.12333333333333,67.0,69.0,68.0,68.0,3427
2025-03-07 16:30:00,125.71666666666664,9.69,31.0,110.75666666666666,125.01,72.0,93.22333333333334,70.0,70.0,72.0,72.19666666666666,67.0,69.0,68.0,68.0,3428
2025-03-07 16:45:00,124.30666666666669,11.839999999999998,31.0,110.60666666666668,125.01,72.0,91.25333333333332,70.0,70.0,72.0,72.23,67.0,69.0,68.0,68.0,3429
2025-03-07 17:00:00,126.42333333333332,14.833333333333334,31.5,109.63666666666666,125.01,72.0,88.72333333333334,70.0,70.0,72.0,72.25333333333333,67.0,69.0,68.0,68.0,3430
2025-03-07 17:15:00,127.13,19.936666666666667,30.83333333333333,108.47666666666667,125.01,72.0,84.73333333333333,70.0,70.0,72.0,72.33999999999999,67.0,69.0,68.0,68.0,3431
2025-03-07 17:30:00,125.01,23.22,30.5,107.76333333333332,125.01,72.0,81.72,70.0,70.0,72.0,72.36333333333333,67.0,69.0,68.0,68.0,3432
2025-03-07 17:45:00,124.30666666666669,28.95,30.33333333333333,106.26666666666668,125.01,72.0,77.06,70.0,70.0,72.0,72.43666666666667,67.0,69.0,68.0,68.0,3433
2025-03-07 18:00:00,124.30666666666669,31.44,31.5,97.50666666666666,125.01,72.0,74.16,70.0,70.0,72.0,72.41333333333334,67.0,69.0,68.0,68.0,3434
2025-03-07 18:15:00,124.31,23.58,33.833333333333336,101.66,125.01,72.0,78.06,70.0,70.0,72.0,72.11666666666666,67.0,69.0,68.0,68.0,3435
2025-03-07 18:30:00,124.31,22.98333333333333,33.166666666666664,100.99333333333334,125.01,72.0,78.15666666666667,70.0,70.0,72.0,72.07666666666667,67.0,69.0,68.0,68.0,3436
2025-03-07 18:45:00,126.42666666666666,18.17333333333333,33.666666666666664,103.46,125.01,72.0,80.99333333333333,70.0,70.0,72.0,71.93666666666667,67.0,69.0,68.0,68.0,3437
2025-03-07 19:00:00,124.31,17.576666666666668,33.5,102.27,125.01,72.0,81.54333333333334,70.0,70.0,72.0,71.92999999999999,67.0,69.0,68.0,68.0,3438
2025-03-07 19:15:00,125.71666666666664,12.55,33.166666666666664,104.98666666666668,125.01,72.0,84.95,70.0,70.0,72.0,71.8,67.0,69.0,68.0,68.0,3439
2025-03-07 19:30:00,124.30666666666669,8.93,35.333333333333336,101.32333333333332,125.01,72.0,87.75,70.0,70.0,72.0,71.73666666666666,67.0,69.0,68.0,68.0,3440
2025-03-07 19:45:00,125.71666666666664,1.42,35.666666666666664,102.74333333333334,125.01,72.0,94.03666666666668,70.0,70.0,72.0,71.54666666666667,67.0,69.0,68.0,68.0,3441
2025-03-07 20:00:00,127.13,0.0,35.166666666666664,102.56666666666666,126.42333333333332,72.0,99.11,70.0,70.0,72.0,71.41666666666667,67.0,69.0,68.0,68.0,3442
2025-03-07 20:15:00,124.31,0.0,34.833333333333336,102.96666666666664,127.13,72.0,100.0,70.0,70.0,72.0,71.38,67.0,69.0,68.0,68.0,3443
2025-03-07 20:30:00,127.83666666666666,0.0,35.0,102.65,127.13,72.0,100.0,70.0,70.0,72.0,71.38,67.0,69.0,68.0,68.0,3444
2025-03-07 20:45:00,127.83666666666666,0.0,33.833333333333336,102.17333333333332,127.13,72.0,100.0,70.0,70.0,72.0,71.38,67.0,69.0,68.0,68.0,3445
2025-03-07 21:00:00,127.83666666666666,0.0,33.333333333333336,105.21333333333332,127.13,72.0,100.0,70.0,70.0,72.0,71.39999999999999,67.0,69.0,68.0,68.0,3446
2025-03-07 21:15:00,127.13333333333333,0.0,31.5,106.49333333333334,127.13,72.0,100.0,70.0,70.0,72.0,71.58666666666666,67.0,69.0,68.0,68.0,3447
2025-03-07 21:30:00,125.01333333333334,0.0,32.666666666666664,107.24666666666668,127.13,72.0,100.0,70.0,70.0,72.0,71.56,67.0,69.0,68.0,68.0,3448
2025-03-07 21:45:00,125.01333333333334,0.0,31.5,106.02666666666666,127.13,72.0,100.0,70.0,70.0,72.0,71.62666666666667,67.0,69.0,68.0,68.0,3449
2025-03-07 22:00:00,125.01333333333334,0.0,33.166666666666664,103.29,127.13,72.0,100.0,70.0,70.0,72.0,71.58333333333333,67.0,69.0,68.0,68.0,3450
2025-03-07 22:15:00,126.42333333333332,0.0,33.0,107.03000000000002,127.13,72.0,100.0,70.0,70.0,72.0,71.56,67.0,69.0,68.0,68.0,3451
2025-03-07 22:30:00,126.42666666666666,0.0,31.666666666666668,105.75666666666666,127.13,72.0,100.0,70.0,70.0,72.0,71.70666666666666,67.0,69.0,68.0,68.0,3452
2025-03-07 22:45:00,125.71666666666664,0.0,33.0,103.19333333333331,127.13,72.0,100.0,70.0,70.0,72.0,71.65333333333334,67.0,69.0,68.0,68.0,3453
2025-03-07 23:00:00,125.71666666666664,0.0,33.5,103.09,127.13,72.0,100.0,70.0,70.0,72.0,71.64,67.0,69.0,68.0,68.0,3454
2025-03-07 23:15:00,128.54333333333332,0.0,32.333333333333336,107.83666666666666,127.13,72.0,100.0,70.0,70.0,72.0,71.69666666666667,67.0,69.0,68.0,68.0,3455
2025-03-07 23:30:00,125.01333333333334,0.0,32.166666666666664,103.67,127.13,72.0,100.0,70.0,70.0,72.0,71.76333333333334,67.0,69.0,68.0,68.0,3456
2025-03-07 23:45:00,124.30666666666669,0.0,33.333333333333336,103.49666666666668,127.13,72.0,100.0,70.0,70.0,72.0,71.65666666666668,67.0,69.0,68.0,68.0,3457
2025-03-08 00:00:00,125.01333333333334,0.0,33.5,104.05333333333331,127.13,72.0,100.0,70.0,70.0,72.0,71.65,67.0,69.0,68.0,68.0,3458
2025-03-08 00:15:00,126.42333333333332,0.0,33.666666666666664,107.91666666666669,127.13,72.0,100.0,70.0,70.0,72.0,71.67,67.0,69.0,68.0,68.0,3459
2025-03-08 00:30:00,126.42333333333332,0.0,32.333333333333336,107.15666666666668,127.13,72.0,100.0,70.0,70.0,72.0,71.8,67.0,69.0,68.0,68.0,3460
2025-03-08 00:45:00,125.71666666666664,0.0,34.0,106.22333333333334,127.13,72.0,100.0,70.0,70.0,72.0,71.7,67.0,69.0,68.0,68.0,3461
2025-03-08 01:00:00,127.13,0.0,32.333333333333336,108.67,127.13,72.0,100.0,70.0,70.0,72.0,71.76,67.0,69.0,68.0,68.0,3462
2025-03-08 01:15:00,125.01333333333334,0.0,33.666666666666664,107.17666666666666,127.13,72.0,100.0,70.0,70.0,72.0,71.74333333333334,67.0,69.0,68.0,68.0,3463
2025-03-08 01:30:00,125.01333333333334,0.0,32.0,108.2,127.13,72.0,100.0,70.0,70.0,72.0,71.79333333333334,67.0,69.0,68.0,68.0,3464
2025-03-08 01:45:00,127.13,0.0,33.833333333333336,108.60333333333334,127.13,72.0,100.0,70.0,70.0,72.0,71.77333333333333,67.0,69.0,68.0,68.0,3465
2025-03-08 02:00:00,125.71999999999998,0.0,32.666666666666664,106.95333333333332,127.13,72.0,100.0,70.0,70.0,72.0,71.83666666666666,67.0,69.0,68.0,68.0,3466
2025-03-08 02:15:00,127.83666666666666,0.0,33.5,109.62333333333332,127.13,72.0,100.0,70.0,70.0,72.0,71.75,67.0,69.0,68.0,68.0,3467
2025-03-08 02:30:00,127.13,1.4533333333333334,31.83333333333333,111.36333333333334,126.42333333333332,72.0,99.09666666666668,70.0,70.0,72.0,71.93666666666667,67.0,69.0,68.0,68.0,3468
2025-03-08 02:45:00,127.13,3.82,31.5,111.53666666666668,125.01,72.0,97.45,70.0,70.0,72.0,72.08333333333333,67.0,69.0,68.0,68.0,3469
2025-03-08 03:00:00,126.42333333333332,2.91,31.5,111.69666666666669,125.01,72.0,97.79666666666668,70.0,70.0,72.0,72.04333333333334,67.0,69.0,68.0,68.0,3470
2025-03-08 03:15:00,125.71666666666664,4.863333333333333,32.166666666666664,108.45666666666666,125.01,72.0,96.40666666666668,70.0,70.0,72.0,72.09,67.0,69.0,68.0,68.0,3471
2025-03-08 03:30:00,127.13333333333333,1.9566666666666668,34.0,108.60333333333334,125.01,72.0,97.99666666666668,70.0,70.0,72.0,71.98333333333333,67.0,69.0,68.0,68.0,3472
2025-03-08 03:45:00,127.13,2.67,31.83333333333333,108.94666666666669,125.01,72.0,97.62666666666668,70.0,70.0,72.0,72.0,67.0,69.0,68.0,68.0,3473
2025-03-08 04:00:00,126.42333333333332,0.97,34.0,108.28333333333336,126.42333333333332,72.0,99.13,70.0,70.0,72.0,71.78666666666668,67.0,69.0,68.0,68.0,3474
2025-03-08 04:15:00,127.83666666666666,0.0,32.333333333333336,111.04,127.13,72.0,100.0,70.0,70.0,72.0,71.68666666666667,67.0,69.0,68.0,68.0,3475
2025-03-08 04:30:00,126.42333333333332,0.0,31.5,111.13666666666668,127.13,72.0,100.0,70.0,70.0,72.0,71.79333333333334,67.0,69.0,68.0,68.0,3476
2025-03-08 04:45:00,126.42333333333332,0.0,31.5,111.43333333333334,127.13,72.0,100.0,70.0,70.0,72.0,71.8,67.0,69.0,68.0,68.0,3477
2025-03-08 05:00:00,126.42333333333332,0.0,31.5,111.39333333333332,127.13,72.0,100.0,70.0,70.0,72.0,71.80666666666666,67.0,69.0,68.0,68.0,3478
2025-03-08 05:15:00,126.42333333333332,0.0,31.5,111.34,127.13,72.0,100.0,70.0,70.0,72.0,71.89,67.0,69.0,68.0,68.0,3479
2025-03-08 05:30:00,124.30666666666669,0.0,32.0,111.88333333333333,127.13,72.0,100.0,70.0,70.0,72.0,71.89,67.0,69.0,68.0,68.0,3480
2025-03-08 05:45:00,125.01,0.0,33.0,111.46999999999998,127.13,72.0,100.0,70.0,70.0,72.0,71.89,67.0,69.0,68.0,68.0,3481
2025-03-08 06:00:00,125.01333333333334,0.0,33.0,111.30333333333334,127.13,72.0,100.0,70.0,70.0,72.0,71.87333333333333,67.0,69.0,68.0,68.0,3482
2025-03-08 06:15:00,125.01333333333334,0.0,33.0,110.67666666666666,127.13,72.0,100.0,70.0,70.0,72.0,71.8,67.0,69.0,68.0,68.0,3483
2025-03-08 06:30:00,125.71666666666664,0.0,33.0,110.17333333333332,127.13,72.0,100.0,70.0,70.0,72.0,71.79333333333334,67.0,69.0,68.0,68.0,3484
2025-03-08 06:45:00,126.42333333333332,0.0,33.0,109.65666666666668,127.13,72.0,100.0,70.0,70.0,72.0,71.71333333333332,67.0,69.0,68.0,68.0,3485
2025-03-08 07:00:00,124.30666666666669,0.0,33.0,109.51333333333332,127.13,72.0,100.0,70.0,70.0,72.0,71.61333333333333,67.0,69.0,68.0,68.0,3486
2025-03-08 07:15:00,124.30666666666669,0.0,33.666666666666664,109.43666666666668,127.13,72.0,100.0,70.0,70.0,72.0,71.52333333333333,67.0,69.0,68.0,68.0,3487
2025-03-08 07:30:00,125.71666666666664,0.0,34.5,109.7,127.13,72.0,100.0,70.0,70.0,72.0,71.49666666666667,67.0,69.0,68.0,68.0,3488
2025-03-08 07:45:00,123.60333333333334,0.0,35.333333333333336,109.98333333333332,127.13,72.0,100.0,70.0,70.0,72.0,71.48666666666666,67.0,69.0,68.0,68.0,3489
2025-03-08 08:00:00,126.42333333333332,0.0,35.666666666666664,109.67,127.13,72.0,100.0,70.0,70.0,72.0,71.52333333333333,67.0,69.0,68.0,68.0,3490
2025-03-08 08:15:00,125.71666666666664,0.0,34.5,109.87333333333332,127.13,72.0,100.0,70.0,70.0,72.0,71.58,67.0,69.0,68.0,68.0,3491
2025-03-08 08:30:00,126.42333333333332,0.0,34.5,109.65666666666668,127.13,72.0,100.0,70.0,70.0,72.0,71.64,67.0,69.0,68.0,68.0,3492
2025-03-08 08:45:00,123.6,0.0,35.166666666666664,109.80666666666669,127.13,72.0,100.0,70.0,70.0,72.0,71.64333333333333,67.0,69.0,68.0,68.0,3493
2025-03-08 09:00:00,127.13,0.0,35.5,109.59666666666668,127.13,72.0,100.0,70.0,70.0,72.0,71.65,67.0,69.0,68.0,68.0,3494
2025-03-08 09:15:00,125.71999999999998,0.0,34.166666666666664,109.64666666666666,127.13,72.0,100.0,70.0,70.0,72.0,71.66333333333334,67.0,69.0,68.0,68.0,3495
2025-03-08 09:30:00,125.71666666666664,0.0,34.0,109.50333333333332,127.13,72.0,100.0,70.0,70.0,72.0,71.66333333333334,67.0,69.0,68.0,68.0,3496
2025-03-08 09:45:00,125.71666666666664,0.0,34.166666666666664,109.49333333333334,127.13,72.0,100.0,70.0,70.0,72.0,71.69666666666667,67.0,69.0,68.0,68.0,3497
2025-03-08 10:00:00,124.31,0.0,35.333333333333336,109.76333333333334,127.13,72.0,100.0,70.0,70.0,72.0,71.75333333333333,67.0,69.0,68.0,68.0,3498
2025-03-08 10:15:00,125.71666666666664,0.0,35.5,109.47666666666667,127.13,72.0,100.0,70.0,70.0,72.0,71.77333333333333,67.0,69.0,68.0,68.0,3499
2025-03-08 10:30:00,125.01,0.0,35.833333333333336,109.57,127.13,72.0,100.0,70.0,70.0,72.0,71.77333333333333,67.0,69.0,68.0,68.0,3500
2025-03-08 10:45:00,126.42333333333332,0.0,36.0,109.38666666666666,127.13,72.0,100.0,70.0,70.0,72.0,71.78666666666668,67.0,69.0,68.0,68.0,3501
2025-03-08 11:00:00,127.13,0.0,35.333333333333336,109.24666666666668,127.13,72.0,100.0,70.0,70.0,72.0,71.79333333333334,67.0,69.0,68.0,68.0,3502
2025-03-08 11:15:00,126.42333333333332,0.0,34.5,109.22333333333334,127.13,72.0,100.0,70.0,70.0,72.0,71.78,67.0,69.0,68.0,68.0,3503
2025-03-08 11:30:00,126.42333333333332,0.0,34.333333333333336,109.21999999999998,127.13,72.0,100.0,70.0,70.0,72.0,71.77333333333333,67.0,69.0,68.0,68.0,3504
2025-03-08 11:45:00,124.30666666666669,0.0,34.666666666666664,109.35666666666668,127.13,72.0,100.0,70.0,70.0,72.0,71.76,67.0,69.0,68.0,68.0,3505
2025-03-08 12:00:00,125.01333333333334,0.0,35.0,109.33333333333331,127.13,72.0,100.0,70.0,70.0,72.0,71.76,67.0,69.0,68.0,68.0,3506
2025-03-08 12:15:00,125.71666666666664,0.0,35.0,108.89,127.13,72.0,100.0,70.0,70.0,72.0,71.74333333333334,67.0,69.0,68.0,68.0,3507
2025-03-08 12:30:00,126.42333333333332,0.0,34.833333333333336,108.88,127.13,72.0,100.0,70.0,70.0,72.0,71.68333333333334,67.0,69.0,68.0,68.0,3508
2025-03-08 12:45:00,125.71666666666664,0.0,34.5,108.8,127.13,72.0,100.0,70.0,70.0,72.0,71.66333333333334,67.0,69.0,68.0,68.0,3509
2025-03-08 13:00:00,125.01333333333334,0.0,34.5,109.20333333333332,127.13,72.0,100.0,70.0,70.0,72.0,71.65666666666668,67.0,69.0,68.0,68.0,3510
2025-03-08 13:15:00,127.83666666666666,0.0,34.166666666666664,108.6,127.13,72.0,100.0,70.0,70.0,72.0,71.66333333333334,67.0,69.0,68.0,68.0,3511
2025-03-08 13:30:00,126.42333333333332,0.0,33.5,108.98,127.13,72.0,100.0,70.0,70.0,72.0,71.68333333333334,67.0,69.0,68.0,68.0,3512
2025-03-08 13:45:00,125.71666666666664,0.0,33.5,108.77,127.13,72.0,100.0,70.0,70.0,72.0,71.76,67.0,69.0,68.0,68.0,3513
2025-03-08 14:00:00,125.01333333333334,0.0,35.833333333333336,109.64333333333332,127.13,72.0,100.0,70.0,70.0,72.0,71.76666666666667,67.0,69.0,68.0,68.0,3514
2025-03-08 14:15:00,126.42666666666666,0.0,35.5,109.00666666666666,127.13,72.0,100.0,70.0,70.0,72.0,71.78666666666668,67.0,69.0,68.0,68.0,3515
2025-03-08 14:30:00,125.01333333333334,0.0,34.666666666666664,109.18,127.13,72.0,100.0,70.0,70.0,72.0,71.8,67.0,69.0,68.0,68.0,3516
2025-03-08 14:45:00,126.42333333333332,0.0,33.666666666666664,108.29,127.13,72.0,100.0,70.0,70.0,72.0,71.8,67.0,69.0,68.0,68.0,3517
2025-03-08 15:00:00,126.42333333333332,0.0,34.166666666666664,108.41,127.13,72.0,100.0,70.0,70.0,72.0,71.8,67.0,69.0,68.0,68.0,3518
2025-03-08 15:15:00,127.13,0.0,34.333333333333336,108.54,127.13,72.0,100.0,70.0,70.0,72.0,71.8,67.0,69.0,68.0,68.0,3519
2025-03-08 15:30:00,126.42333333333332,0.0,33.0,108.81333333333332,127.13,72.0,100.0,70.0,70.0,72.0,71.8,67.0,69.0,68.0,68.0,3520
2025-03-08 15:45:00,126.42333333333332,0.0,33.0,109.04,127.13,72.0,100.0,70.0,70.0,72.0,71.82,67.0,69.0,68.0,68.0,3521
2025-03-08 16:00:00,126.42333333333332,0.0,33.0,109.07666666666668,127.13,72.0,100.0,70.0,70.0,72.0,71.83,67.0,69.0,68.0,68.0,3522
2025-03-08 16:15:00,125.01,0.0,32.5,109.51666666666668,127.13,72.0,100.0,70.0,70.0,72.0,71.88333333333334,67.0,69.0,68.0,68.0,3523
2025-03-08 16:30:00,125.71666666666664,0.0,32.5,109.24,127.13,72.0,100.0,70.0,70.0,72.0,71.90666666666667,67.0,69.0,68.0,68.0,3524
2025-03-08 16:45:00,126.42333333333332,0.0,32.5,109.16,127.13,72.0,100.0,70.0,70.0,72.0,71.92666666666666,67.0,69.0,68.0,68.0,3525
2025-03-08 17:00:00,125.71666666666664,0.0,32.5,109.46666666666664,127.13,72.0,100.0,70.0,70.0,72.0,71.91333333333334,67.0,69.0,68.0,68.0,3526
2025-03-08 17:15:00,127.13,0.0,32.5,110.10333333333334,127.13,72.0,100.0,70.0,70.0,72.0,71.89,67.0,69.0,68.0,68.0,3527
2025-03-08 17:30:00,126.42333333333332,0.0,32.5,110.18,127.13,72.0,100.0,70.0,70.0,72.0,71.81666666666666,67.0,69.0,68.0,68.0,3528
2025-03-08 17:45:00,127.83666666666666,0.0,32.333333333333336,110.27,127.13,72.0,100.0,70.0,70.0,72.0,71.80666666666666,67.0,69.0,68.0,68.0,3529
2025-03-08 18:00:00,126.42333333333332,0.0,32.0,110.51,127.13,72.0,100.0,70.0,70.0,72.0,71.80666666666666,67.0,69.0,68.0,68.0,3530
2025-03-08 18:15:00,126.42333333333332,0.0,32.0,110.57,127.13,72.0,100.0,70.0,70.0,72.0,71.85333333333334,67.0,69.0,68.0,68.0,3531
2025-03-08 18:30:00,127.13,0.0,31.83333333333333,110.68333333333334,127.13,72.0,100.0,70.0,70.0,72.0,71.90333333333332,67.0,69.0,68.0,68.0,3532
2025-03-08 18:45:00,127.13,0.0,31.33333333333333,110.87666666666668,127.13,72.0,100.0,70.0,70.0,72.0,71.91333333333334,67.0,69.0,68.0,68.0,3533
2025-03-08 19:00:00,126.42333333333332,0.0,30.83333333333333,111.01,127.13,72.0,100.0,70.0,70.0,72.0,71.90666666666667,67.0,69.0,68.0,68.0,3534
2025-03-08 19:15:00,127.83666666666666,0.0,30.166666666666668,110.82,127.13,72.0,100.0,70.0,70.0,72.0,71.92666666666666,67.0,69.0,68.0,68.0,3535
2025-03-08 19:30:00,127.83666666666666,0.0,29.666666666666668,110.68333333333334,127.13,72.0,100.0,70.0,70.0,72.0,71.94,67.0,69.0,68.0,68.0,3536
2025-03-08 19:45:00,127.83666666666666,0.7999999999999999,28.83333333333333,110.68,125.71666666666664,72.0,99.49666666666668,70.0,70.0,72.0,72.00333333333333,67.0,69.0,68.0,68.0,3537
2025-03-08 20:00:00,127.83666666666666,2.973333333333333,28.166666666666668,110.73666666666668,125.01,72.0,98.02666666666666,70.0,70.0,72.0,72.06333333333333,67.0,69.0,68.0,68.0,3538
2025-03-08 20:15:00,127.13,4.036666666666666,28.0,110.65333333333332,125.01,72.0,97.14,70.0,70.0,72.0,72.07666666666667,67.0,69.0,68.0,68.0,3539
2025-03-08 20:30:00,127.13,5.91,27.83333333333333,110.57333333333334,125.01,72.0,95.71999999999998,70.0,70.0,72.0,72.11333333333333,67.0,69.0,68.0,68.0,3540
2025-03-08 20:45:00,125.71666666666664,10.303333333333333,28.0,110.51,125.01,72.0,92.55666666666666,70.0,70.0,72.0,72.19333333333333,67.0,69.0,68.0,68.0,3541
2025-03-08 21:00:00,125.01,12.793333333333337,28.33333333333333,110.69,125.01,72.0,90.40333333333336,70.0,70.0,72.0,72.22333333333334,67.0,69.0,68.0,68.0,3542
2025-03-08 21:15:00,125.01333333333334,18.48,29.5,109.43,125.01,72.0,86.10333333333334,70.0,70.0,72.0,72.33666666666666,67.0,69.0,68.0,68.0,3543
2025-03-08 21:30:00,124.30666666666669,22.566666666666663,29.5,108.25333333333332,125.01,72.0,82.55,70.0,70.0,72.0,72.37,67.0,69.0,68.0,68.0,3544
2025-03-08 21:45:00,123.60333333333334,28.903333333333336,29.83333333333333,106.00666666666666,125.01,72.0,77.44,70.0,70.0,72.0,72.46333333333332,67.0,69.0,68.0,68.0,3545
2025-03-08 22:00:00,125.01333333333334,34.56666666666667,30.0,103.92333333333332,125.01,72.0,72.49666666666667,70.0,70.0,72.0,72.52,67.0,69.0,68.0,68.0,3546
2025-03-08 22:15:00,123.60333333333334,40.28333333333333,30.0,101.54666666666668,125.01,72.0,67.43333333333334,70.0,70.0,72.0,72.56666666666666,67.0,69.0,68.0,68.0,3547
2025-03-08 22:30:00,124.30666666666669,47.41666666666666,30.0,97.91666666666669,125.01,72.0,61.26,70.0,70.0,72.0,72.63666666666667,67.0,69.0,68.0,68.0,3548
2025-03-08 22:45:00,126.42333333333332,51.833333333333336,30.0,94.85666666666668,125.01,72.0,56.71333333333333,70.0,70.0,72.0,72.62666666666667,67.0,69.0,68.0,68.0,3549
2025-03-08 23:00:00,125.71666666666664,54.20333333333334,30.0,92.53333333333336,125.01,72.0,53.373333333333335,70.0,70.0,72.0,72.55333333333333,67.0,69.0,68.0,68.0,3550
2025-03-08 23:15:00,126.42333333333332,55.97666666666667,30.0,90.61,125.01,72.0,50.70333333333334,70.0,70.0,72.0,72.49,67.0,69.0,68.0,68.0,3551
2025-03-08 23:30:00,125.01,53.15,29.83333333333333,90.47333333333334,125.01,72.0,51.16,70.0,70.0,72.0,72.31333333333333,67.0,69.0,68.0,68.0,3552
2025-03-08 23:45:00,123.60333333333334,48.51666666666667,29.5,91.65333333333332,125.01,72.0,53.27333333333333,70.0,70.0,72.0,72.12333333333333,67.0,69.0,68.0,68.0,3553
2025-03-09 00:00:00,124.30666666666669,40.266666666666666,29.5,94.01333333333334,125.01,72.0,58.19,70.0,70.0,72.0,71.87,67.0,69.0,68.0,68.0,3554
2025-03-09 00:15:00,126.42333333333332,30.46333333333333,28.666666666666668,97.85666666666668,125.01,72.0,64.78666666666666,70.0,70.0,72.0,71.63333333333333,67.0,69.0,68.0,68.0,3555
2025-03-09 00:30:00,124.30666666666669,20.34,28.666666666666668,101.84333333333332,125.01,72.0,72.23,70.0,70.0,72.0,71.43333333333334,67.0,69.0,68.0,68.0,3556
2025-03-09 00:45:00,124.30666666666669,7.066666666666666,30.0,106.07666666666668,125.01,72.0,82.19666666666666,70.0,70.0,72.0,71.18666666666667,67.0,69.0,68.0,68.0,3557
2025-03-09 01:00:00,124.30666666666669,0.12,30.666666666666668,109.27333333333333,125.01,72.0,91.85,70.0,70.0,72.0,71.03,67.0,69.0,68.0,68.0,3558
2025-03-09 01:15:00,125.01,0.0,31.5,109.47333333333331,126.42333333333332,72.0,99.21999999999998,70.0,70.0,72.0,70.95,67.0,69.0,68.0,68.0,3559
2025-03-09 01:30:00,125.01333333333334,0.0,32.0,109.49,127.13,72.0,100.0,70.0,70.0,72.0,70.86333333333333,67.0,69.0,68.0,68.0,3560
2025-03-09 01:45:00,124.30666666666669,0.0,32.5,109.58,127.13,72.0,100.0,70.0,70.0,72.0,70.89999999999999,67.0,69.0,68.0,68.0,3561
2025-03-09 02:00:00,125.71666666666664,0.0,33.0,109.03000000000002,127.13,72.0,100.0,70.0,70.0,72.0,71.04333333333334,67.0,69.0,68.0,68.0,3562
2025-03-09 02:15:00,125.71666666666664,0.0,33.0,109.10666666666668,127.13,72.0,100.0,70.0,70.0,72.0,71.16333333333334,67.0,69.0,68.0,68.0,3563
2025-03-09 02:30:00,125.01333333333334,0.0,33.166666666666664,109.28000000000002,127.13,72.0,100.0,70.0,70.0,72.0,71.23333333333333,67.0,69.0,68.0,68.0,3564
2025-03-09 02:45:00,125.71666666666664,0.0,33.5,109.51333333333334,127.13,72.0,100.0,70.0,70.0,72.0,71.26333333333334,67.0,69.0,68.0,68.0,3565
2025-03-09 03:00:00,125.01333333333334,0.0,33.666666666666664,109.62333333333332,127.13,72.0,100.0,70.0,70.0,72.0,71.35666666666667,67.0,69.0,68.0,68.0,3566
2025-03-09 03:15:00,126.42333333333332,0.0,34.333333333333336,109.45333333333332,127.13,72.0,100.0,70.0,70.0,72.0,71.38,67.0,69.0,68.0,68.0,3567
2025-03-09 03:30:00,127.13,0.0,34.5,108.95666666666666,127.13,72.0,100.0,70.0,70.0,72.0,71.38,67.0,69.0,68.0,68.0,3568
2025-03-09 03:45:00,124.30666666666669,0.0,34.5,109.22666666666667,127.13,72.0,100.0,70.0,70.0,72.0,71.39999999999999,67.0,69.0,68.0,68.0,3569
2025-03-09 04:00:00,125.01333333333334,0.0,35.0,109.17,127.13,72.0,100.0,70.0,70.0,72.0,71.46,67.0,69.0,68.0,68.0,3570
2025-03-09 04:15:00,125.71666666666664,0.0,35.0,108.81666666666666,127.13,72.0,100.0,70.0,70.0,72.0,71.43666666666667,67.0,69.0,68.0,68.0,3571
2025-03-09 04:30:00,125.71999999999998,0.0,35.166666666666664,108.64333333333332,127.13,72.0,100.0,70.0,70.0,72.0,71.38,67.0,69.0,68.0,68.0,3572
2025-03-09 04:45:00,127.13,0.0,34.833333333333336,108.16333333333334,127.13,72.0,100.0,70.0,70.0,72.0,71.38,67.0,69.0,68.0,68.0,3573
2025-03-09 05:00:00,125.71666666666664,0.0,34.0,108.54333333333334,127.13,72.0,100.0,70.0,70.0,72.0,71.38,67.0,69.0,68.0,68.0,3574
2025-03-09 05:15:00,125.01333333333334,0.0,34.666666666666664,108.56,127.13,72.0,100.0,70.0,70.0,72.0,71.37666666666667,67.0,69.0,68.0,68.0,3575
2025-03-09 05:30:00,125.71666666666664,0.0,35.333333333333336,108.29,127.13,72.0,100.0,70.0,70.0,72.0,71.38,67.0,69.0,68.0,68.0,3576
2025-03-09 05:45:00,125.71666666666664,0.0,35.166666666666664,108.42,127.13,72.0,100.0,70.0,70.0,72.0,71.37333333333333,67.0,69.0,68.0,68.0,3577
2025-03-09 06:00:00,125.71666666666664,0.0,35.666666666666664,108.19,127.13,72.0,100.0,70.0,70.0,72.0,71.37333333333333,67.0,69.0,68.0,68.0,3578
2025-03-09 06:15:00,127.83666666666666,0.0,35.0,107.73666666666666,127.13,72.0,100.0,70.0,70.0,72.0,71.38,67.0,69.0,68.0,68.0,3579
2025-03-09 06:30:00,127.13,0.0,34.0,107.99,127.13,72.0,100.0,70.0,70.0,72.0,71.38,67.0,69.0,68.0,68.0,3580
2025-03-09 06:45:00,125.01333333333334,0.0,35.333333333333336,108.14333333333332,127.13,72.0,100.0,70.0,70.0,72.0,71.37,67.0,69.0,68.0,68.0,3581
2025-03-09 07:00:00,127.83666666666666,0.0,35.0,107.72666666666667,127.13,72.0,100.0,70.0,70.0,72.0,71.37,67.0,69.0,68.0,68.0,3582
2025-03-09 07:15:00,126.42333333333332,0.0,34.333333333333336,107.87333333333332,127.13,72.0,100.0,70.0,70.0,72.0,71.37,67.0,69.0,68.0,68.0,3583
2025-03-09 07:30:00,125.72,0.0,35.0,108.32,127.13,72.0,100.0,70.0,70.0,72.0,71.35666666666667,67.0,69.0,68.0,68.0,3584
2025-03-09 07:45:00,127.13,0.0,34.666666666666664,107.85666666666668,127.13,72.0,100.0,70.0,70.0,72.0,71.35666666666667,67.0,69.0,68.0,68.0,3585
2025-03-09 08:00:00,125.01333333333334,0.0,34.0,107.87333333333332,127.13,72.0,100.0,70.0,70.0,72.0,71.34333333333332,67.0,69.0,68.0,68.0,3586
2025-03-09 08:15:00,125.01,0.0,35.0,108.19333333333331,127.13,72.0,100.0,70.0,70.0,72.0,71.33666666666666,67.0,69.0,68.0,68.0,3587
2025-03-09 08:30:00,126.42333333333332,0.0,36.0,107.93666666666668,127.13,72.0,100.0,70.0,70.0,72.0,71.30333333333334,67.0,69.0,68.0,68.0,3588
2025-03-09 08:45:00,128.54333333333332,0.0,35.333333333333336,107.42,127.13,72.0,100.0,70.0,70.0,72.0,71.29666666666667,67.0,69.0,68.0,68.0,3589
2025-03-09 09:00:00,126.42333333333332,0.0,34.333333333333336,107.66,127.13,72.0,100.0,70.0,70.0,72.0,71.28,67.0,69.0,68.0,68.0,3590
2025-03-09 09:15:00,125.71666666666664,0.0,35.0,107.75,127.13,72.0,100.0,70.0,70.0,72.0,71.24,67.0,69.0,68.0,68.0,3591
2025-03-09 09:30:00,127.83666666666666,0.0,34.333333333333336,107.12,127.13,72.0,100.0,70.0,70.0,72.0,71.24,67.0,69.0,68.0,68.0,3592
2025-03-09 09:45:00,126.42333333333332,0.0,34.0,107.33666666666666,127.13,72.0,100.0,70.0,70.0,72.0,71.24,67.0,69.0,68.0,68.0,3593
2025-03-09 10:00:00,125.01333333333334,0.0,35.5,107.59333333333332,127.13,72.0,100.0,70.0,70.0,72.0,71.24,67.0,69.0,68.0,68.0,3594
2025-03-09 10:15:00,126.42333333333332,0.0,34.5,107.03000000000002,127.13,72.0,100.0,70.0,70.0,72.0,71.24,67.0,69.0,68.0,68.0,3595
2025-03-09 10:30:00,127.83666666666666,0.0,33.5,106.85,127.13,72.0,100.0,70.0,70.0,72.0,71.24,67.0,69.0,68.0,68.0,3596
2025-03-09 10:45:00,125.01,0.0,33.5,106.88,127.13,72.0,100.0,70.0,70.0,72.0,71.24,67.0,69.0,68.0,68.0,3597
2025-03-09 11:00:00,125.71666666666664,0.0,34.833333333333336,107.15,127.13,72.0,100.0,70.0,70.0,72.0,71.24,67.0,69.0,68.0,68.0,3598
2025-03-09 11:15:00,127.83666666666666,0.0,34.5,106.61,127.13,72.0,100.0,70.0,70.0,72.0,71.24,67.0,69.0,68.0,68.0,3599
2025-03-09 11:30:00,127.13,0.0,33.666666666666664,106.29333333333334,127.13,72.0,100.0,70.0,70.0,72.0,71.24,67.0,69.0,68.0,68.0,3600
2025-03-09 11:45:00,125.71666666666664,0.0,33.5,106.65333333333332,127.13,72.0,100.0,70.0,70.0,72.0,71.24,67.0,69.0,68.0,68.0,3601
2025-03-09 12:00:00,125.01,0.0,33.5,106.11333333333334,127.13,72.0,100.0,70.0,70.0,72.0,71.24,67.0,69.0,68.0,68.0,3602
2025-03-09 12:15:00,125.71999999999998,0.0,33.166666666666664,105.77666666666666,127.13,72.0,100.0,70.0,70.0,72.0,71.24,67.0,69.0,68.0,68.0,3603
2025-03-09 12:30:00,125.01,0.0,33.5,105.86,127.13,72.0,100.0,70.0,70.0,72.0,71.24,67.0,69.0,68.0,68.0,3604
2025-03-09 12:45:00,123.60333333333334,0.0,34.0,106.26333333333334,127.13,72.0,100.0,70.0,70.0,72.0,71.24,67.0,69.0,68.0,68.0,3605
2025-03-09 13:00:00,126.42666666666666,0.0,34.5,106.36333333333334,127.13,72.0,100.0,70.0,70.0,72.0,71.28333333333333,67.0,69.0,68.0,68.0,3606
2025-03-09 13:15:00,129.25,0.0,33.833333333333336,106.30333333333334,127.13,72.0,100.0,70.0,70.0,72.0,71.35666666666667,67.0,69.0,68.0,68.0,3607
2025-03-09 13:30:00,125.72,0.0,33.5,107.15666666666668,127.13,72.0,100.0,70.0,70.0,72.0,71.37666666666667,67.0,69.0,68.0,68.0,3608
2025-03-09 13:45:00,126.42333333333332,0.0,32.666666666666664,107.40666666666668,127.13,72.0,100.0,70.0,70.0,72.0,71.48666666666666,67.0,69.0,68.0,68.0,3609
2025-03-09 14:00:00,127.13,0.0,32.5,107.48,127.13,72.0,100.0,70.0,70.0,72.0,71.57666666666667,67.0,69.0,68.0,68.0,3610
2025-03-09 14:15:00,128.54333333333332,0.0,32.5,107.84666666666664,127.13,72.0,100.0,70.0,70.0,72.0,71.64666666666666,67.0,69.0,68.0,68.0,3611
2025-03-09 14:30:00,126.42333333333332,0.0,32.0,108.50666666666666,127.13,72.0,100.0,70.0,70.0,72.0,71.74333333333334,67.0,69.0,68.0,68.0,3612
2025-03-09 14:45:00,126.42333333333332,0.0,32.0,109.41,127.13,72.0,100.0,70.0,70.0,72.0,71.85666666666667,67.0,69.0,68.0,68.0,3613
2025-03-09 15:00:00,127.13,0.0,32.0,109.81666666666666,127.13,72.0,100.0,70.0,70.0,72.0,71.93333333333334,67.0,69.0,68.0,68.0,3614
2025-03-09 15:15:00,127.13,1.8966666666666665,31.5,110.20333333333332,125.01,72.0,98.78666666666668,70.0,70.0,72.0,72.04666666666667,67.0,69.0,68.0,68.0,3615
2025-03-09 15:30:00,126.42333333333332,3.87,31.5,110.71333333333332,125.01,72.0,97.35333333333334,70.0,70.0,72.0,72.08333333333333,67.0,69.0,68.0,68.0,3616
2025-03-09 15:45:00,127.13,4.383333333333333,31.5,110.87666666666668,125.01,72.0,96.77666666666669,70.0,70.0,72.0,72.07,67.0,69.0,68.0,68.0,3617
2025-03-09 16:00:00,125.71666666666664,4.146666666666667,31.5,110.82666666666668,125.01,72.0,96.7,70.0,70.0,72.0,72.05,67.0,69.0,68.0,68.0,3618
2025-03-09 16:15:00,127.13,3.583333333333333,31.5,111.08,125.01,72.0,96.88333333333333,70.0,70.0,72.0,72.02333333333333,67.0,69.0,68.0,68.0,3619
2025-03-09 16:30:00,127.13,3.4066666666666667,31.166666666666668,111.27333333333333,125.01,72.0,96.89666666666666,70.0,70.0,72.0,72.01,67.0,69.0,68.0,68.0,3620
2025-03-09 16:45:00,127.13,1.0466666666666666,31.0,111.25,125.01,72.0,98.36333333333334,70.0,70.0,72.0,71.94,67.0,69.0,68.0,68.0,3621
2025-03-09 17:00:00,126.42333333333332,0.71,30.666666666666668,111.38666666666666,125.01,72.0,98.69333333333331,70.0,70.0,72.0,71.94,67.0,69.0,68.0,68.0,3622
2025-03-09 17:15:00,126.42333333333332,2.123333333333333,30.5,111.51,125.01,72.0,97.93333333333334,70.0,70.0,72.0,71.99,67.0,69.0,68.0,68.0,3623
2025-03-09 17:30:00,126.42333333333332,4.203333333333333,30.5,111.72666666666667,125.01,72.0,96.57333333333332,70.0,70.0,72.0,72.04333333333334,67.0,69.0,68.0,68.0,3624
2025-03-09 17:45:00,125.71666666666664,5.613333333333333,30.5,109.11333333333332,125.01,72.0,95.51666666666668,70.0,70.0,72.0,72.07,67.0,69.0,68.0,68.0,3625
2025-03-09 18:00:00,122.90000000000002,2.623333333333333,32.833333333333336,103.87333333333332,125.71666666666664,72.0,97.56,70.0,70.0,72.0,71.94333333333333,67.0,69.0,68.0,68.0,3626
2025-03-09 18:15:00,125.01,0.0,35.833333333333336,104.17333333333332,127.13,72.0,100.0,70.0,70.0,72.0,71.69666666666667,67.0,69.0,68.0,68.0,3627
2025-03-09 18:30:00,128.54333333333332,0.0,36.66666666666666,104.21,127.13,72.0,100.0,70.0,70.0,72.0,71.60666666666667,67.0,69.0,68.0,68.0,3628
2025-03-09 18:45:00,127.83666666666666,0.0,35.666666666666664,104.07666666666668,127.13,72.0,100.0,70.0,70.0,72.0,71.53666666666668,67.0,69.0,68.0,68.0,3629
2025-03-09 19:00:00,126.42333333333332,0.0,35.333333333333336,104.40666666666668,127.13,72.0,100.0,70.0,70.0,72.0,71.54,67.0,69.0,68.0,68.0,3630
2025-03-09 19:15:00,128.54333333333332,0.0,34.0,104.52666666666669,127.13,72.0,100.0,70.0,70.0,72.0,71.62666666666667,67.0,69.0,68.0,68.0,3631
2025-03-09 19:30:00,127.83666666666666,0.0,33.0,104.80333333333331,127.13,72.0,100.0,70.0,70.0,72.0,71.65666666666668,67.0,69.0,68.0,68.0,3632
2025-03-09 19:45:00,127.83666666666666,0.0,31.83333333333333,104.65333333333336,127.13,72.0,100.0,70.0,70.0,72.0,71.65666666666668,67.0,69.0,68.0,68.0,3633
2025-03-09 20:00:00,128.54333333333332,0.0,31.0,104.70333333333332,127.13,72.0,100.0,70.0,70.0,72.0,71.75,67.0,69.0,68.0,68.0,3634
2025-03-09 20:15:00,127.83666666666666,0.0,30.166666666666668,104.77666666666669,127.13,72.0,100.0,70.0,70.0,72.0,71.77333333333333,67.0,69.0,68.0,68.0,3635
2025-03-09 20:30:00,127.83666666666666,0.0,29.5,104.19333333333334,127.13,72.0,100.0,70.0,70.0,72.0,71.78,67.0,69.0,68.0,68.0,3636
2025-03-09 20:45:00,127.83666666666666,0.0,28.166666666666668,104.06,127.13,72.0,100.0,70.0,70.0,72.0,71.78,67.0,69.0,68.0,68.0,3637
2025-03-09 21:00:00,127.13,0.0,27.166666666666668,104.07666666666668,127.13,72.0,100.0,70.0,70.0,72.0,71.79333333333334,67.0,69.0,68.0,68.0,3638
2025-03-09 21:15:00,127.13,0.0,26.83333333333333,103.68666666666668,127.13,72.0,100.0,70.0,70.0,72.0,71.8,67.0,69.0,68.0,68.0,3639
2025-03-09 21:30:00,124.30666666666669,0.0,27.0,103.61,127.13,72.0,100.0,70.0,70.0,72.0,71.78666666666668,67.0,69.0,68.0,68.0,3640
2025-03-09 21:45:00,126.42333333333332,0.0,27.0,102.93,127.13,72.0,100.0,70.0,70.0,72.0,71.78666666666668,67.0,69.0,68.0,68.0,3641
2025-03-09 22:00:00,126.42333333333332,0.0,27.166666666666668,102.60666666666668,127.13,72.0,100.0,70.0,70.0,72.0,71.79333333333334,67.0,69.0,68.0,68.0,3642
2025-03-09 22:15:00,125.01333333333334,0.0,27.5,102.95333333333332,127.13,72.0,100.0,70.0,70.0,72.0,71.78,67.0,69.0,68.0,68.0,3643
2025-03-09 22:30:00,126.42333333333332,0.0,27.166666666666668,102.85333333333334,127.13,72.0,100.0,70.0,70.0,72.0,71.78,67.0,69.0,68.0,68.0,3644
2025-03-09 22:45:00,125.71999999999998,0.0,26.83333333333333,102.51,127.13,72.0,100.0,70.0,70.0,72.0,71.73,67.0,69.0,68.0,68.0,3645
2025-03-09 23:00:00,128.54333333333332,0.0,27.5,102.30333333333331,127.13,72.0,100.0,70.0,70.0,72.0,71.63333333333334,67.0,69.0,68.0,68.0,3646
2025-03-09 23:15:00,127.83666666666666,0.0,27.0,101.93333333333334,127.13,72.0,100.0,70.0,70.0,72.0,71.5,67.0,69.0,68.0,68.0,3647
2025-03-09 23:30:00,128.54333333333332,0.0,27.166666666666668,106.11333333333334,127.13,72.0,100.0,70.0,70.0,72.0,71.37666666666667,67.0,69.0,68.0,68.0,3648
2025-03-09 23:45:00,125.71999999999998,0.0,27.33333333333333,104.27,127.13,72.0,100.0,70.0,70.0,72.0,71.41000000000001,67.0,69.0,68.0,68.0,3649
2025-03-10 00:00:00,127.13,0.0,27.0,106.26333333333334,127.13,72.0,100.0,70.0,70.0,72.0,71.36666666666666,67.0,69.0,68.0,68.0,3650
2025-03-10 00:15:00,128.54333333333332,0.0,27.33333333333333,106.63333333333333,127.13,72.0,100.0,70.0,70.0,72.0,71.34666666666666,67.0,69.0,68.0,68.0,3651
2025-03-10 00:30:00,125.72,0.0,28.0,106.21333333333332,127.13,72.0,100.0,70.0,70.0,72.0,71.40666666666667,67.0,69.0,68.0,68.0,3652
2025-03-10 00:45:00,125.71666666666664,0.0,29.0,109.39333333333332,127.13,72.0,100.0,70.0,70.0,72.0,71.41333333333334,67.0,69.0,68.0,68.0,3653
2025-03-10 01:00:00,126.42333333333332,0.0,28.0,107.48666666666666,127.13,72.0,100.0,70.0,70.0,72.0,71.56666666666666,67.0,69.0,68.0,68.0,3654
2025-03-10 01:15:00,123.60333333333334,0.0,29.666666666666668,106.18666666666668,127.13,72.0,100.0,70.0,70.0,72.0,71.52333333333333,67.0,69.0,68.0,68.0,3655
2025-03-10 01:30:00,127.83666666666666,0.0,29.5,109.22666666666667,127.13,72.0,100.0,70.0,70.0,72.0,71.57000000000001,67.0,69.0,68.0,68.0,3656
2025-03-10 01:45:00,127.13,0.0,29.0,109.32666666666668,127.13,72.0,100.0,70.0,70.0,72.0,71.65666666666668,67.0,69.0,68.0,68.0,3657
2025-03-10 02:00:00,125.71666666666664,0.0,29.33333333333333,109.43,127.13,72.0,100.0,70.0,70.0,72.0,71.69,67.0,69.0,68.0,68.0,3658
2025-03-10 02:15:00,125.01,0.0,30.5,109.34666666666664,127.13,72.0,100.0,70.0,70.0,72.0,71.74333333333334,67.0,69.0,68.0,68.0,3659
2025-03-10 02:30:00,125.01,0.0,30.666666666666668,109.23666666666666,127.13,72.0,100.0,70.0,70.0,72.0,71.76666666666667,67.0,69.0,68.0,68.0,3660
2025-03-10 02:45:00,126.42333333333332,0.0,31.0,108.65666666666668,127.13,72.0,100.0,70.0,70.0,72.0,71.76666666666667,67.0,69.0,68.0,68.0,3661
2025-03-10 03:00:00,126.42333333333332,0.0,31.0,108.60333333333334,127.13,72.0,100.0,70.0,70.0,72.0,71.76,67.0,69.0,68.0,68.0,3662
2025-03-10 03:15:00,126.42333333333332,0.0,31.0,108.46999999999998,127.13,72.0,100.0,70.0,70.0,72.0,71.79333333333334,67.0,69.0,68.0,68.0,3663
2025-03-10 03:30:00,125.01,0.0,31.33333333333333,108.55,127.13,72.0,100.0,70.0,70.0,72.0,71.8,67.0,69.0,68.0,68.0,3664
2025-03-10 03:45:00,125.01,0.0,31.666666666666668,108.58,127.13,72.0,100.0,70.0,70.0,72.0,71.8,67.0,69.0,68.0,68.0,3665
2025-03-10 04:00:00,125.01,0.0,32.166666666666664,108.32666666666668,127.13,72.0,100.0,70.0,70.0,72.0,71.8,67.0,69.0,68.0,68.0,3666
2025-03-10 04:15:00,125.71666666666664,0.0,32.5,108.23333333333332,127.13,72.0,100.0,70.0,70.0,72.0,71.79333333333334,67.0,69.0,68.0,68.0,3667
2025-03-10 04:30:00,126.42333333333332,0.0,33.333333333333336,108.22666666666667,127.13,72.0,100.0,70.0,70.0,72.0,71.78666666666668,67.0,69.0,68.0,68.0,3668
2025-03-10 04:45:00,127.13,0.0,33.5,108.05333333333331,127.13,72.0,100.0,70.0,70.0,72.0,71.78,67.0,69.0,68.0,68.0,3669
2025-03-10 05:00:00,126.42333333333332,0.0,33.5,108.00333333333332,127.13,72.0,100.0,70.0,70.0,72.0,71.73333333333333,67.0,69.0,68.0,68.0,3670
2025-03-10 05:15:00,125.71666666666664,0.0,33.333333333333336,107.87,127.13,72.0,100.0,70.0,70.0,72.0,71.67666666666666,67.0,69.0,68.0,68.0,3671
2025-03-10 05:30:00,124.30666666666669,0.0,33.0,107.73333333333332,127.13,72.0,100.0,70.0,70.0,72.0,71.64666666666666,67.0,69.0,68.0,68.0,3672
2025-03-10 05:45:00,127.13,0.0,33.0,107.67333333333332,127.13,72.0,100.0,70.0,70.0,72.0,71.64666666666666,67.0,69.0,68.0,68.0,3673
2025-03-10 06:00:00,125.01333333333334,0.0,33.666666666666664,107.77333333333333,127.13,72.0,100.0,70.0,70.0,72.0,71.64333333333333,67.0,69.0,68.0,68.0,3674
2025-03-10 06:15:00,127.13,0.0,32.833333333333336,107.11333333333334,127.13,72.0,100.0,70.0,70.0,72.0,71.62,67.0,69.0,68.0,68.0,3675
2025-03-10 06:30:00,128.54333333333332,0.0,32.0,107.17,127.13,72.0,100.0,70.0,70.0,72.0,71.57333333333334,67.0,69.0,68.0,68.0,3676
2025-03-10 06:45:00,125.01333333333334,0.0,32.0,107.35333333333334,127.13,72.0,100.0,70.0,70.0,72.0,71.53666666666668,67.0,69.0,68.0,68.0,3677
2025-03-10 07:00:00,125.01,0.0,32.5,107.305,127.13,72.0,100.0,70.0,70.0,72.0,71.51,67.0,69.0,68.0,68.0,3678
2025-03-10 07:15:00,125.71666666666664,0.0,33.5,107.37666666666668,127.13,72.0,100.0,70.0,70.0,72.0,71.51,67.0,69.0,68.0,68.0,3679
2025-03-10 07:30:00,127.13,0.0,33.5,106.79666666666668,127.13,72.0,100.0,70.0,70.0,72.0,71.50333333333333,67.0,69.0,68.0,68.0,3680
2025-03-10 07:45:00,125.71666666666664,0.0,33.666666666666664,107.04,127.13,72.0,100.0,70.0,70.0,72.0,71.47666666666667,67.0,69.0,68.0,68.0,3681
2025-03-10 08:00:00,125.71666666666664,0.0,32.5,92.75,126.42333333333332,72.0,66.66666666666667,70.0,70.0,72.0,71.48333333333333,67.0,69.0,68.0,68.0,3682
2025-03-10 08:15:00,124.30666666666669,0.0,29.5,63.21333333333333,125.01,72.0,0.0,70.0,70.0,72.0,71.45666666666666,67.0,69.0,68.0,68.0,3683
2025-03-10 08:30:00,122.19333333333334,0.0,29.5,63.16333333333333,125.01,72.0,0.0,70.0,70.0,72.0,71.13666666666667,67.0,69.0,68.0,68.0,3684
2025-03-10 08:45:00,123.60333333333334,0.0,30.0,70.22,125.01,72.0,26.22666666666667,70.0,70.0,72.0,70.88666666666667,67.0,69.0,68.0,68.0,3685
2025-03-10 09:00:00,124.30666666666669,0.0,30.0,78.54333333333334,125.01,72.0,41.55,70.0,70.0,72.0,70.59,67.0,69.0,68.0,68.0,3686
2025-03-10 09:15:00,124.30666666666669,0.0,30.166666666666668,89.35333333333334,125.01,72.0,58.04333333333333,70.0,70.0,72.0,70.32666666666667,67.0,69.0,68.0,68.0,3687
2025-03-10 09:30:00,123.60333333333334,0.0,31.166666666666668,98.61333333333334,125.01,72.0,74.61666666666666,70.0,70.0,72.0,70.15333333333334,67.0,69.0,68.0,68.0,3688
2025-03-10 09:45:00,125.01,0.0,31.5,104.75,125.01,72.0,91.93333333333334,70.0,70.0,72.0,70.01,67.0,69.0,68.0,68.0,3689
2025-03-10 10:00:00,125.71666666666664,0.0,31.5,105.64,127.13,72.0,100.0,70.0,70.0,72.0,69.96,67.0,69.0,68.0,68.0,3690
2025-03-10 10:15:00,125.71666666666664,0.0,31.5,105.79666666666668,127.13,72.0,100.0,70.0,70.0,72.0,69.87666666666667,67.0,69.0,68.0,68.0,3691
2025-03-10 10:30:00,125.01,0.0,31.83333333333333,105.77666666666666,127.13,72.0,100.0,70.0,70.0,72.0,69.84333333333333,67.0,69.0,68.0,68.0,3692
2025-03-10 10:45:00,125.71666666666664,0.0,32.0,105.71,127.13,72.0,100.0,70.0,70.0,72.0,69.84,67.0,69.0,68.0,68.0,3693
2025-03-10 11:00:00,125.71666666666664,0.0,32.0,105.63333333333333,127.13,72.0,100.0,70.0,70.0,72.0,69.84333333333333,67.0,69.0,68.0,68.0,3694
2025-03-10 11:15:00,126.42333333333332,0.0,32.0,105.37333333333332,127.13,72.0,100.0,70.0,70.0,72.0,69.84333333333333,67.0,69.0,68.0,68.0,3695
2025-03-10 11:30:00,125.71666666666664,0.0,32.0,105.20666666666666,127.13,72.0,100.0,70.0,70.0,72.0,69.84666666666666,67.0,69.0,68.0,68.0,3696
2025-03-10 11:45:00,126.42333333333332,0.0,32.0,105.40666666666664,127.13,72.0,100.0,70.0,70.0,72.0,69.84333333333333,67.0,69.0,68.0,68.0,3697
2025-03-10 12:00:00,127.13,0.0,32.333333333333336,105.37333333333332,127.13,72.0,100.0,70.0,70.0,72.0,69.88333333333334,67.0,69.0,68.0,68.0,3698
2025-03-10 12:15:00,126.42333333333332,0.0,32.5,105.23,127.13,72.0,100.0,70.0,70.0,72.0,69.93666666666667,67.0,69.0,68.0,68.0,3699
2025-03-10 12:30:00,125.71666666666664,0.0,32.5,105.45,127.13,72.0,100.0,70.0,70.0,72.0,69.96,67.0,69.0,68.0,68.0,3700
2025-03-10 12:45:00,125.71999999999998,0.0,32.5,105.59,127.13,72.0,100.0,70.0,70.0,72.0,69.98666666666666,67.0,69.0,68.0,68.0,3701
2025-03-10 13:00:00,127.13,0.0,32.5,105.88,127.13,72.0,100.0,70.0,70.0,72.0,70.07666666666667,67.0,69.0,68.0,68.0,3702
2025-03-10 13:15:00,126.42333333333332,0.0,32.5,106.14666666666666,127.13,72.0,100.0,70.0,70.0,72.0,70.14999999999999,67.0,69.0,68.0,68.0,3703
2025-03-10 13:30:00,127.83666666666666,0.0,32.166666666666664,106.20666666666666,127.13,72.0,100.0,70.0,70.0,72.0,70.28,67.0,69.0,68.0,68.0,3704
2025-03-10 13:45:00,127.83666666666666,0.0,31.33333333333333,106.70666666666666,127.13,72.0,100.0,70.0,70.0,72.0,70.38666666666667,67.0,69.0,68.0,68.0,3705
2025-03-10 14:00:00,127.13,0.0,30.666666666666668,107.33666666666666,127.13,72.0,100.0,70.0,70.0,72.0,70.47,67.0,69.0,68.0,68.0,3706
2025-03-10 14:15:00,126.42333333333332,0.0,30.5,107.99,127.13,72.0,100.0,70.0,70.0,72.0,70.57666666666667,67.0,69.0,68.0,68.0,3707
2025-03-10 14:30:00,127.13,0.0,30.5,108.68666666666668,127.13,72.0,100.0,70.0,70.0,72.0,70.72333333333334,67.0,69.0,68.0,68.0,3708
2025-03-10 14:45:00,125.71666666666664,0.0,30.5,109.51666666666668,127.13,72.0,100.0,70.0,70.0,72.0,70.88666666666667,67.0,69.0,68.0,68.0,3709
2025-03-10 15:00:00,124.30666666666669,0.0,30.5,110.33666666666666,127.13,72.0,100.0,70.0,70.0,72.0,71.03666666666668,67.0,69.0,68.0,68.0,3710
2025-03-10 15:15:00,125.01,0.0,31.666666666666668,110.84666666666668,127.13,72.0,100.0,70.0,70.0,72.0,71.25333333333333,67.0,69.0,68.0,68.0,3711
2025-03-10 15:30:00,126.42333333333332,0.0,32.0,111.30666666666669,127.13,72.0,100.0,70.0,70.0,72.0,71.46666666666665,67.0,69.0,68.0,68.0,3712
2025-03-10 15:45:00,124.30666666666669,0.0,32.166666666666664,105.53666666666668,127.13,72.0,100.0,70.0,70.0,72.0,71.63333333333334,67.0,69.0,68.0,68.0,3713
2025-03-10 16:00:00,125.71999999999998,0.0,32.833333333333336,103.41666666666669,127.13,72.0,100.0,70.0,70.0,72.0,71.65,67.0,69.0,68.0,68.0,3714
2025-03-10 16:15:00,125.71666666666664,0.0,32.833333333333336,103.55,127.13,72.0,100.0,70.0,70.0,72.0,71.64,67.0,69.0,68.0,68.0,3715
2025-03-10 16:30:00,127.13,0.0,31.33333333333333,103.54666666666668,127.13,72.0,100.0,70.0,70.0,72.0,71.64666666666666,67.0,69.0,68.0,68.0,3716
2025-03-10 16:45:00,125.71666666666664,0.0,30.5,103.72333333333334,127.13,72.0,100.0,70.0,70.0,72.0,71.64666666666666,67.0,69.0,68.0,68.0,3717
2025-03-10 17:00:00,126.42333333333332,0.0,30.5,103.81,127.13,72.0,100.0,70.0,70.0,72.0,71.64,67.0,69.0,68.0,68.0,3718
2025-03-10 17:15:00,127.13,0.0,30.5,104.19333333333331,127.13,72.0,100.0,70.0,70.0,72.0,71.64666666666666,67.0,69.0,68.0,68.0,3719
2025-03-10 17:30:00,125.71666666666664,0.0,30.5,104.34333333333336,127.13,72.0,100.0,70.0,70.0,72.0,71.69666666666667,67.0,69.0,68.0,68.0,3720
2025-03-10 17:45:00,126.42333333333332,0.0,30.5,104.65333333333332,127.13,72.0,100.0,70.0,70.0,72.0,71.75,67.0,69.0,68.0,68.0,3721
2025-03-10 18:00:00,127.13,0.0,30.83333333333333,104.77666666666666,127.13,72.0,100.0,70.0,70.0,72.0,71.79333333333334,67.0,69.0,68.0,68.0,3722
2025-03-10 18:15:00,126.42333333333332,0.0,30.166666666666668,104.58666666666666,127.13,72.0,100.0,70.0,70.0,72.0,71.88333333333333,67.0,69.0,68.0,68.0,3723
2025-03-10 18:30:00,127.13,0.0,29.666666666666668,104.21,127.13,72.0,100.0,70.0,70.0,72.0,71.94666666666667,67.0,69.0,68.0,68.0,3724
2025-03-10 18:45:00,126.42333333333332,3.133333333333333,29.0,104.07666666666668,125.01,72.0,97.99666666666668,70.0,70.0,72.0,72.07666666666667,67.0,69.0,68.0,68.0,3725
2025-03-10 19:00:00,127.83666666666666,6.93,28.666666666666668,104.07,125.01,72.0,95.32666666666668,70.0,70.0,72.0,72.15333333333334,67.0,69.0,68.0,68.0,3726
2025-03-10 19:15:00,126.42333333333332,10.043333333333337,28.5,104.26333333333334,125.01,72.0,92.86,70.0,70.0,72.0,72.20333333333333,67.0,69.0,68.0,68.0,3727
2025-03-10 19:30:00,127.13,12.246666666666664,28.5,103.67,125.01,72.0,90.86666666666667,70.0,70.0,72.0,72.21666666666665,67.0,69.0,68.0,68.0,3728
2025-03-10 19:45:00,127.13,13.603333333333332,28.33333333333333,102.8,125.01,72.0,89.35666666666667,70.0,70.0,72.0,72.21,67.0,69.0,68.0,68.0,3729
2025-03-10 20:00:00,126.42333333333332,15.406666666666666,27.83333333333333,102.40333333333336,125.01,72.0,87.59333333333332,70.0,70.0,72.0,72.21,67.0,69.0,68.0,68.0,3730
2025-03-10 20:15:00,127.13,17.19333333333333,27.33333333333333,101.69333333333331,125.01,72.0,85.84333333333332,70.0,70.0,72.0,72.21,67.0,69.0,68.0,68.0,3731
2025-03-10 20:30:00,127.83666666666666,19.1,27.0,100.78666666666668,125.01,72.0,84.01666666666667,70.0,70.0,72.0,72.21666666666665,67.0,69.0,68.0,68.0,3732
2025-03-10 20:45:00,125.71666666666664,21.10333333333333,26.83333333333333,100.09333333333332,125.01,72.0,82.08666666666666,70.0,70.0,72.0,72.23,67.0,69.0,68.0,68.0,3733
2025-03-10 21:00:00,126.42333333333332,22.89,26.5,99.38,125.01,72.0,80.3,70.0,70.0,72.0,72.23,67.0,69.0,68.0,68.0,3734
2025-03-10 21:15:00,126.42333333333332,24.723333333333333,26.5,98.87,125.01,72.0,78.46666666666665,70.0,70.0,72.0,72.23,67.0,69.0,68.0,68.0,3735
2025-03-10 21:30:00,125.01333333333332,26.763333333333332,26.666666666666668,98.03666666666668,125.01,72.0,76.51666666666667,70.0,70.0,72.0,72.23,67.0,69.0,68.0,68.0,3736
2025-03-10 21:45:00,126.42333333333332,29.67,27.166666666666668,97.16666666666669,125.01,72.0,74.02,70.0,70.0,72.0,72.26666666666667,67.0,69.0,68.0,68.0,3737
2025-03-10 22:00:00,126.42333333333332,34.82666666666666,26.666666666666668,95.40333333333336,125.01,72.0,69.97000000000001,70.0,70.0,72.0,72.35333333333334,67.0,69.0,68.0,68.0,3738
2025-03-10 22:15:00,125.71666666666664,38.00333333333334,27.33333333333333,94.04333333333334,125.01,72.0,66.95666666666666,70.0,70.0,72.0,72.36,67.0,69.0,68.0,68.0,3739
2025-03-10 22:30:00,127.13,41.16333333333333,27.5,92.36333333333332,125.01,72.0,63.91333333333333,70.0,70.0,72.0,72.36333333333333,67.0,69.0,68.0,68.0,3740
2025-03-10 22:45:00,126.42333333333332,43.86666666666667,27.166666666666668,90.63333333333333,125.01,72.0,61.15,70.0,70.0,72.0,72.36666666666667,67.0,69.0,68.0,68.0,3741
2025-03-10 23:00:00,125.01,43.84333333333333,26.33333333333333,89.96,125.01,72.0,60.11333333333334,70.0,70.0,72.0,72.28333333333335,67.0,69.0,68.0,68.0,3742
2025-03-10 23:15:00,126.42333333333332,42.11,27.0,89.77666666666666,125.01,72.0,60.406666666666666,70.0,70.0,72.0,72.17666666666666,67.0,69.0,68.0,68.0,3743
2025-03-10 23:30:00,127.83666666666666,35.800000000000004,27.33333333333333,91.49666666666668,125.01,72.0,63.88999999999999,70.0,70.0,72.0,71.97333333333333,67.0,69.0,68.0,68.0,3744
2025-03-10 23:45:00,125.01333333333334,26.386666666666667,26.666666666666668,94.00666666666666,125.01,72.0,69.96,70.0,70.0,72.0,71.71,67.0,69.0,68.0,68.0,3745
2025-03-11 00:00:00,125.71999999999998,16.18,26.666666666666668,96.38333333333333,125.01,72.0,77.26,70.0,70.0,72.0,71.49666666666667,67.0,69.0,68.0,68.0,3746
2025-03-11 00:15:00,125.71666666666664,4.113333333333333,27.83333333333333,99.82,125.01,72.0,86.63,70.0,70.0,72.0,71.25333333333333,67.0,69.0,68.0,68.0,3747
2025-03-11 00:30:00,127.13333333333333,0.0,28.5,102.19,125.01,72.0,96.29333333333334,70.0,70.0,72.0,71.08333333333333,67.0,69.0,68.0,68.0,3748
2025-03-11 00:45:00,125.71666666666664,0.0,29.5,102.50666666666666,127.13,72.0,100.0,70.0,70.0,72.0,70.94666666666667,67.0,69.0,68.0,68.0,3749
2025-03-11 01:00:00,127.13,0.0,30.33333333333333,103.04,127.13,72.0,100.0,70.0,70.0,72.0,70.88666666666667,67.0,69.0,68.0,68.0,3750
2025-03-11 01:15:00,125.71666666666664,0.0,30.83333333333333,103.16,127.13,72.0,100.0,70.0,70.0,72.0,70.92333333333333,67.0,69.0,68.0,68.0,3751
2025-03-11 01:30:00,124.30666666666669,0.0,31.0,103.28666666666668,127.13,72.0,100.0,70.0,70.0,72.0,70.92333333333333,67.0,69.0,68.0,68.0,3752
2025-03-11 01:45:00,124.30666666666669,0.0,31.33333333333333,103.25666666666666,127.13,72.0,100.0,70.0,70.0,72.0,70.94333333333334,67.0,69.0,68.0,68.0,3753
2025-03-11 02:00:00,127.13,0.0,31.666666666666668,102.96,127.13,72.0,100.0,70.0,70.0,72.0,70.95,67.0,69.0,68.0,68.0,3754
2025-03-11 02:15:00,125.71999999999998,0.0,31.666666666666668,102.91333333333334,127.13,72.0,100.0,70.0,70.0,72.0,71.01,67.0,69.0,68.0,68.0,3755
2025-03-11 02:30:00,125.71666666666664,0.0,32.0,103.54333333333334,127.13,72.0,100.0,70.0,70.0,72.0,71.09333333333332,67.0,69.0,68.0,68.0,3756
2025-03-11 02:45:00,125.71666666666664,0.0,32.5,103.58,127.13,72.0,100.0,70.0,70.0,72.0,71.17333333333333,67.0,69.0,68.0,68.0,3757
2025-03-11 03:00:00,126.42333333333332,0.0,32.5,103.63333333333333,127.13,72.0,100.0,70.0,70.0,72.0,71.22,67.0,69.0,68.0,68.0,3758
2025-03-11 03:15:00,125.71666666666664,0.0,32.5,103.14666666666666,127.13,72.0,100.0,70.0,70.0,72.0,71.24,67.0,69.0,68.0,68.0,3759
2025-03-11 03:30:00,126.42666666666666,0.0,32.166666666666664,108.39666666666666,127.13,72.0,100.0,70.0,70.0,72.0,71.32333333333332,67.0,69.0,68.0,68.0,3760
2025-03-11 03:45:00,125.01333333333334,0.0,31.0,104.47333333333334,127.13,72.0,100.0,70.0,70.0,72.0,71.48,67.0,69.0,68.0,68.0,3761
2025-03-11 04:00:00,123.60333333333334,0.0,32.5,103.45333333333332,127.13,72.0,100.0,70.0,70.0,72.0,71.49,67.0,69.0,68.0,68.0,3762
2025-03-11 04:15:00,125.01333333333334,0.0,32.166666666666664,107.47333333333334,127.13,72.0,100.0,70.0,70.0,72.0,71.46999999999998,67.0,69.0,68.0,68.0,3763
2025-03-11 04:30:00,125.01333333333334,0.0,31.166666666666668,105.99,127.13,72.0,100.0,70.0,70.0,72.0,71.58333333333333,67.0,69.0,68.0,68.0,3764
2025-03-11 04:45:00,125.71666666666664,0.0,31.33333333333333,108.83333333333331,127.13,72.0,100.0,70.0,70.0,72.0,71.63666666666667,67.0,69.0,68.0,68.0,3765
2025-03-11 05:00:00,127.13,0.0,30.5,109.21333333333332,127.13,72.0,100.0,70.0,70.0,72.0,71.74333333333334,67.0,69.0,68.0,68.0,3766
2025-03-11 05:15:00,125.71666666666664,0.0,30.0,109.33333333333331,127.13,72.0,100.0,70.0,70.0,72.0,71.88333333333333,67.0,69.0,68.0,68.0,3767
2025-03-11 05:30:00,125.71666666666664,0.0,30.0,110.64666666666666,127.13,72.0,100.0,70.0,70.0,72.0,71.93333333333334,67.0,69.0,68.0,68.0,3768
2025-03-11 05:45:00,125.71666666666664,0.0233333333333333,31.166666666666668,108.31333333333332,126.42333333333332,72.0,99.98333333333332,70.0,70.0,72.0,71.96,67.0,69.0,68.0,68.0,3769
2025-03-11 06:00:00,125.72,0.0,32.833333333333336,107.94,127.13,72.0,100.0,70.0,70.0,72.0,71.79666666666667,67.0,69.0,68.0,68.0,3770
2025-03-11 06:15:00,125.01333333333334,0.0,32.0,105.76333333333334,127.13,72.0,100.0,70.0,70.0,72.0,71.75,67.0,69.0,68.0,68.0,3771
2025-03-11 06:30:00,126.42333333333332,0.0,32.166666666666664,108.24333333333334,127.13,72.0,100.0,70.0,70.0,72.0,71.68333333333334,67.0,69.0,68.0,68.0,3772
2025-03-11 06:45:00,125.01666666666668,0.0,33.166666666666664,105.95666666666666,127.13,72.0,100.0,70.0,70.0,72.0,71.69,67.0,69.0,68.0,68.0,3773
2025-03-11 07:00:00,124.30666666666669,0.0,32.0,106.92,127.13,72.0,100.0,70.0,70.0,72.0,71.68333333333334,67.0,69.0,68.0,68.0,3774
2025-03-11 07:15:00,127.13,0.0,33.5,107.97333333333334,127.13,72.0,100.0,70.0,70.0,72.0,71.64666666666666,67.0,69.0,68.0,68.0,3775
2025-03-11 07:30:00,123.60333333333334,0.0,33.166666666666664,106.24333333333334,127.13,72.0,100.0,70.0,70.0,72.0,71.69333333333334,67.0,69.0,68.0,68.0,3776
2025-03-11 07:45:00,127.83666666666666,0.0,33.333333333333336,109.07666666666668,127.13,72.0,100.0,70.0,70.0,72.0,71.66666666666667,67.0,69.0,68.0,68.0,3777
2025-03-11 08:00:00,125.01666666666668,0.0,34.0,106.53666666666668,127.13,72.0,100.0,70.0,70.0,72.0,71.72000000000001,67.0,69.0,68.0,68.0,3778
2025-03-11 08:15:00,127.83666666666666,0.0,33.333333333333336,108.59,127.13,72.0,100.0,70.0,70.0,72.0,71.7,67.0,69.0,68.0,68.0,3779
2025-03-11 08:30:00,125.71999999999998,0.0,34.666666666666664,108.02,127.13,72.0,100.0,70.0,70.0,72.0,71.68,67.0,69.0,68.0,68.0,3780
2025-03-11 08:45:00,125.71999999999998,0.0,33.5,106.45333333333332,127.13,72.0,100.0,70.0,70.0,72.0,71.77,67.0,69.0,68.0,68.0,3781
2025-03-11 09:00:00,126.42333333333332,0.0,33.333333333333336,109.14666666666666,127.13,72.0,100.0,70.0,70.0,72.0,71.69,67.0,69.0,68.0,68.0,3782
2025-03-11 09:15:00,125.71999999999998,0.0,33.166666666666664,106.50666666666666,127.13,72.0,100.0,70.0,70.0,72.0,71.73666666666666,67.0,69.0,68.0,68.0,3783
2025-03-11 09:30:00,127.13,0.0,32.666666666666664,108.11,127.13,72.0,100.0,70.0,70.0,72.0,71.7,67.0,69.0,68.0,68.0,3784
2025-03-11 09:45:00,125.01333333333334,0.0,33.333333333333336,106.49,127.13,72.0,100.0,70.0,70.0,72.0,71.69,67.0,69.0,68.0,68.0,3785
2025-03-11 10:00:00,127.13,0.0,31.83333333333333,109.17666666666666,127.13,72.0,100.0,70.0,70.0,72.0,71.74333333333334,67.0,69.0,68.0,68.0,3786
2025-03-11 10:15:00,127.83666666666666,0.0,31.33333333333333,108.66,127.13,72.0,100.0,70.0,70.0,72.0,71.8,67.0,69.0,68.0,68.0,3787
2025-03-11 10:30:00,125.71666666666664,0.0,31.0,108.81666666666666,127.13,72.0,100.0,70.0,70.0,72.0,71.8,67.0,69.0,68.0,68.0,3788
2025-03-11 10:45:00,125.01,0.0,31.0,109.95,127.13,72.0,100.0,70.0,70.0,72.0,71.8,67.0,69.0,68.0,68.0,3789
2025-03-11 11:00:00,124.30666666666669,0.0,33.0,106.03666666666668,127.13,72.0,100.0,70.0,70.0,72.0,71.76,67.0,69.0,68.0,68.0,3790
2025-03-11 11:15:00,126.42333333333332,0.0,33.166666666666664,109.30666666666669,127.13,72.0,100.0,70.0,70.0,72.0,71.65666666666668,67.0,69.0,68.0,68.0,3791
2025-03-11 11:30:00,125.01333333333334,0.0,33.333333333333336,105.84,127.13,72.0,100.0,70.0,70.0,72.0,71.71,67.0,69.0,68.0,68.0,3792
2025-03-11 11:45:00,128.54333333333332,0.0,33.333333333333336,108.44666666666666,127.13,72.0,100.0,70.0,70.0,72.0,71.60666666666667,67.0,69.0,68.0,68.0,3793
2025-03-11 12:00:00,127.13,0.0,32.5,108.90666666666668,127.13,72.0,100.0,70.0,70.0,72.0,71.73666666666666,67.0,69.0,68.0,68.0,3794
2025-03-11 12:15:00,125.71666666666664,0.0,32.0,108.89333333333332,127.13,72.0,100.0,70.0,70.0,72.0,71.68,67.0,69.0,68.0,68.0,3795
2025-03-11 12:30:00,127.13,0.0,31.83333333333333,108.68,127.13,72.0,100.0,70.0,70.0,72.0,71.67,67.0,69.0,68.0,68.0,3796
2025-03-11 12:45:00,127.13,8.756666666666666,31.5,109.47333333333334,125.71666666666664,72.0,94.51333333333332,70.0,70.0,72.0,72.21,67.0,69.0,68.0,68.0,3797
2025-03-11 13:00:00,125.01333333333334,20.536666666666665,34.166666666666664,103.11333333333334,125.01,72.0,86.08666666666666,70.0,70.0,72.0,72.49,67.0,69.0,68.0,68.0,3798
2025-03-11 13:15:00,128.54333333333332,11.25,34.333333333333336,107.95333333333332,125.01,72.0,90.67333333333332,70.0,70.0,72.0,72.13666666666667,67.0,69.0,68.0,68.0,3799
2025-03-11 13:30:00,125.01,8.88,35.0,104.96333333333332,125.01,72.0,91.81,70.0,70.0,72.0,72.03333333333333,67.0,69.0,68.0,68.0,3800
2025-03-11 13:45:00,126.42666666666666,5.593333333333334,33.333333333333336,107.03000000000002,125.01,72.0,93.78666666666668,70.0,70.0,72.0,71.94,67.0,69.0,68.0,68.0,3801
2025-03-11 14:00:00,125.01,12.323333333333332,35.166666666666664,102.96,125.01,72.0,89.57,70.0,70.0,72.0,72.13666666666667,67.0,69.0,68.0,68.0,3802
2025-03-11 14:15:00,127.13,7.316666666666666,35.666666666666664,103.22333333333334,125.01,72.0,92.38,70.0,70.0,72.0,71.96666666666665,67.0,69.0,68.0,68.0,3803
2025-03-11 14:30:00,127.13,2.3233333333333333,34.166666666666664,103.62,125.01,72.0,95.64,70.0,70.0,72.0,71.83,67.0,69.0,68.0,68.0,3804
2025-03-11 14:45:00,127.13,0.15,34.0,103.64,125.01,72.0,97.92,70.0,70.0,72.0,71.79333333333334,67.0,69.0,68.0,68.0,3805
2025-03-11 15:00:00,127.83666666666666,0.0,33.5,103.86666666666667,126.42333333333332,72.0,99.73,70.0,70.0,72.0,71.69,67.0,69.0,68.0,68.0,3806
2025-03-11 15:15:00,125.01,0.0,33.0,104.61666666666667,127.13,72.0,100.0,70.0,70.0,72.0,71.66666666666667,67.0,69.0,68.0,68.0,3807
2025-03-11 15:30:00,127.83666666666666,0.0,32.833333333333336,104.51666666666668,127.13,72.0,100.0,70.0,70.0,72.0,71.63666666666667,67.0,69.0,68.0,68.0,3808
2025-03-11 15:45:00,127.13,0.0,32.5,104.75666666666666,127.13,72.0,100.0,70.0,70.0,72.0,71.77666666666666,67.0,69.0,68.0,68.0,3809
2025-03-11 16:00:00,126.42333333333332,0.0,32.166666666666664,104.83333333333331,127.13,72.0,100.0,70.0,70.0,72.0,71.89333333333333,67.0,69.0,68.0,68.0,3810
2025-03-11 16:15:00,125.71666666666664,0.0,31.666666666666668,104.35,127.13,72.0,100.0,70.0,70.0,72.0,71.85333333333334,67.0,69.0,68.0,68.0,3811
2025-03-11 16:30:00,127.13,0.0,31.5,104.82333333333334,127.13,72.0,100.0,70.0,70.0,72.0,71.91666666666667,67.0,69.0,68.0,68.0,3812
2025-03-11 16:45:00,127.13,2.42,31.5,105.10333333333334,125.71666666666664,72.0,98.44,70.0,70.0,72.0,72.04,67.0,69.0,68.0,68.0,3813
2025-03-11 17:00:00,127.83666666666666,4.036666666666666,31.166666666666668,105.2,125.01,72.0,97.18,70.0,70.0,72.0,72.08333333333333,67.0,69.0,68.0,68.0,3814
2025-03-11 17:15:00,125.71666666666664,6.683333333333334,30.666666666666668,105.42333333333332,125.01,72.0,95.26,70.0,70.0,72.0,72.13666666666667,67.0,69.0,68.0,68.0,3815
2025-03-11 17:30:00,125.01333333333334,6.739999999999999,31.666666666666668,105.67333333333332,125.01,72.0,94.8,70.0,70.0,72.0,72.10333333333334,67.0,69.0,68.0,68.0,3816
2025-03-11 17:45:00,127.13,10.87,32.5,105.51666666666668,125.01,72.0,91.95333333333332,70.0,70.0,72.0,72.21,67.0,69.0,68.0,68.0,3817
2025-03-11 18:00:00,127.83666666666666,18.043333333333333,31.666666666666668,103.79666666666668,125.01,72.0,86.67999999999999,70.0,70.0,72.0,72.33999999999999,67.0,69.0,68.0,68.0,3818
2025-03-11 18:15:00,127.13,17.95,30.83333333333333,103.76,125.01,72.0,85.85000000000001,70.0,70.0,72.0,72.27333333333333,67.0,69.0,68.0,68.0,3819
2025-03-11 18:30:00,126.42333333333332,28.41,30.166666666666668,101.08333333333331,125.01,72.0,78.37666666666667,70.0,70.0,72.0,72.49333333333334,67.0,69.0,68.0,68.0,3820
2025-03-11 18:45:00,127.13,32.00666666666667,29.5,99.56666666666666,125.01,72.0,74.70666666666666,70.0,70.0,72.0,72.47333333333334,67.0,69.0,68.0,68.0,3821
2025-03-11 19:00:00,126.42333333333332,32.553333333333335,29.166666666666668,99.07,125.01,72.0,73.04,70.0,70.0,72.0,72.41333333333334,67.0,69.0,68.0,68.0,3822
2025-03-11 19:15:00,125.01,41.086666666666666,29.166666666666668,96.65666666666668,125.01,72.0,66.44,70.0,70.0,72.0,72.55666666666667,67.0,69.0,68.0,68.0,3823
2025-03-11 19:30:00,127.13,49.47,28.33333333333333,92.40333333333332,125.01,72.0,59.48666666666667,70.0,70.0,72.0,72.66000000000001,67.0,69.0,68.0,68.0,3824
2025-03-11 19:45:00,126.42333333333332,58.403333333333336,27.666666666666668,87.86,125.01,72.0,51.96333333333334,70.0,70.0,72.0,72.76333333333334,67.0,69.0,68.0,68.0,3825
2025-03-11 20:00:00,124.30666666666669,66.75666666666667,27.5,83.44666666666667,125.01,72.0,44.57666666666668,70.0,70.0,72.0,72.83666666666667,67.0,69.0,68.0,68.0,3826
2025-03-11 20:15:00,124.31,76.92666666666666,27.5,77.99,125.01,72.0,35.809999999999995,70.0,70.0,72.0,72.94333333333334,67.0,69.0,68.0,68.0,3827
2025-03-11 20:30:00,122.19333333333334,84.60333333333334,28.33333333333333,73.92666666666666,125.01,72.0,28.296666666666667,70.0,70.0,72.0,72.95666666666666,67.0,69.0,68.0,68.0,3828
2025-03-11 20:45:00,235.9,89.71333333333332,43.16666666666666,65.17666666666666,235.1966666666667,72.0,0.0,70.0,70.0,72.0,72.89999999999999,67.0,69.0,68.0,68.0,3829
2025-03-11 21:00:00,223.8933333333333,81.89999999999999,41.333333333333336,64.96,223.89333333333332,72.0,0.0,70.0,70.0,72.0,72.49666666666667,67.0,69.0,68.0,68.0,3830
2025-03-11 21:15:00,221.0666666666667,78.69,42.16666666666666,64.98333333333333,221.0666666666667,72.0,0.0,70.0,70.0,72.0,72.31333333333333,67.0,69.0,68.0,68.0,3831
2025-03-11 21:30:00,216.83,75.67333333333333,42.16666666666666,64.98,216.83,72.0,0.0,70.0,70.0,72.0,72.16000000000001,67.0,69.0,68.0,68.0,3832
2025-03-11 21:45:00,213.3033333333333,71.75,41.66666666666666,65.01,212.59666666666664,72.0,0.0,70.0,70.0,72.0,72.02666666666666,67.0,69.0,68.0,68.0,3833
2025-03-11 22:00:00,208.35666666666663,68.15333333333334,42.0,64.99333333333333,208.35666666666668,72.0,0.0,70.0,70.0,72.0,71.92333333333333,67.0,69.0,68.0,68.0,3834
2025-03-11 22:15:00,201.99666666666667,63.333333333333336,41.16666666666666,64.92333333333333,201.99666666666667,72.0,0.0,70.0,70.0,72.0,71.8,67.0,69.0,68.0,68.0,3835
2025-03-11 22:30:00,196.35,58.870000000000005,40.833333333333336,64.73666666666666,196.35,72.0,0.0,70.0,70.0,72.0,71.72666666666667,67.0,69.0,68.0,68.0,3836
2025-03-11 22:45:00,189.9933333333333,52.79,39.333333333333336,64.62666666666667,189.28666666666663,72.0,0.0,70.0,70.0,72.0,71.62333333333333,67.0,69.0,68.0,68.0,3837
2025-03-11 23:00:00,180.81000000000003,46.35999999999999,38.333333333333336,64.42333333333333,180.81000000000003,72.0,0.0,70.0,70.0,72.0,71.51,67.0,69.0,68.0,68.0,3838
2025-03-11 23:15:00,171.63,38.27,36.66666666666666,64.20666666666666,170.92333333333332,72.0,0.0,70.0,70.0,72.0,71.39666666666666,67.0,69.0,68.0,68.0,3839
2025-03-11 23:30:00,158.91333333333333,26.736666666666665,34.833333333333336,63.93,156.79666666666665,72.0,0.0,70.0,70.0,72.0,71.21,67.0,69.0,68.0,68.0,3840
2025-03-11 23:45:00,135.60666666666663,14.066666666666668,31.166666666666668,65.69,132.78,72.0,14.603333333333332,70.0,70.0,72.0,71.01333333333334,67.0,69.0,68.0,68.0,3841
2025-03-12 00:00:00,125.01,4.376666666666666,29.666666666666668,71.28666666666668,125.01,72.0,28.653333333333336,70.0,70.0,72.0,70.95666666666666,67.0,69.0,68.0,68.0,3842
2025-03-12 00:15:00,125.01,1.5766666666666669,29.166666666666668,73.43666666666667,125.01,72.0,33.24666666666666,70.0,70.0,72.0,71.08666666666666,67.0,69.0,68.0,68.0,3843
2025-03-12 00:30:00,125.71666666666664,0.0,28.5,75.21666666666667,125.01,72.0,37.36,70.0,70.0,72.0,71.20333333333333,67.0,69.0,68.0,68.0,3844
2025-03-12 00:45:00,125.01,0.0,28.0,79.47,125.01,72.0,44.68333333333334,70.0,70.0,72.0,71.12666666666667,67.0,69.0,68.0,68.0,3845
2025-03-12 01:00:00,124.31,0.0,28.5,86.29333333333334,125.01,72.0,55.72,70.0,70.0,72.0,70.93333333333334,67.0,69.0,68.0,68.0,3846
2025-03-12 01:15:00,124.31,0.0,29.83333333333333,93.85333333333334,125.01,72.0,68.47666666666667,70.0,70.0,72.0,70.74333333333334,67.0,69.0,68.0,68.0,3847
2025-03-12 01:30:00,122.90000000000002,0.0,30.5,99.62666666666668,125.01,72.0,79.69,70.0,70.0,72.0,70.66,67.0,69.0,68.0,68.0,3848
2025-03-12 01:45:00,125.71666666666664,0.0,31.166666666666668,103.37,125.01,72.0,89.90333333333335,70.0,70.0,72.0,70.64333333333333,67.0,69.0,68.0,68.0,3849
2025-03-12 02:00:00,124.30666666666669,0.0,31.5,104.36666666666667,126.42333333333332,72.0,98.69,70.0,70.0,72.0,70.63,67.0,69.0,68.0,68.0,3850
2025-03-12 02:15:00,127.13,0.0,31.5,104.08,127.13,72.0,100.0,70.0,70.0,72.0,70.67333333333333,67.0,69.0,68.0,68.0,3851
2025-03-12 02:30:00,125.71666666666664,0.0,31.83333333333333,103.86333333333334,127.13,72.0,100.0,70.0,70.0,72.0,70.68,67.0,69.0,68.0,68.0,3852
2025-03-12 02:45:00,125.71666666666664,0.0,32.0,103.83,127.13,72.0,100.0,70.0,70.0,72.0,70.77333333333333,67.0,69.0,68.0,68.0,3853
2025-03-12 03:00:00,125.01333333333334,0.0,32.5,103.92333333333332,127.13,72.0,100.0,70.0,70.0,72.0,70.81666666666666,67.0,69.0,68.0,68.0,3854
2025-03-12 03:15:00,125.71666666666664,0.0,32.5,103.89333333333332,127.13,72.0,100.0,70.0,70.0,72.0,70.83333333333333,67.0,69.0,68.0,68.0,3855
2025-03-12 03:30:00,125.71666666666664,0.0,32.5,103.7,127.13,72.0,100.0,70.0,70.0,72.0,70.91333333333334,67.0,69.0,68.0,68.0,3856
2025-03-12 03:45:00,125.01333333333334,0.0,32.333333333333336,103.66333333333334,127.13,72.0,100.0,70.0,70.0,72.0,70.95,67.0,69.0,68.0,68.0,3857
2025-03-12 04:00:00,125.71999999999998,0.0,32.0,104.89,127.13,72.0,100.0,70.0,70.0,72.0,70.95,67.0,69.0,68.0,68.0,3858
2025-03-12 04:15:00,126.42666666666666,0.0,31.33333333333333,107.65333333333332,127.13,72.0,100.0,70.0,70.0,72.0,71.11333333333333,67.0,69.0,68.0,68.0,3859
2025-03-12 04:30:00,125.71999999999998,0.0,32.5,103.67,127.13,72.0,100.0,70.0,70.0,72.0,71.23333333333333,67.0,69.0,68.0,68.0,3860
2025-03-12 04:45:00,127.13,0.0,32.333333333333336,108.25666666666666,127.13,72.0,100.0,70.0,70.0,72.0,71.22,67.0,69.0,68.0,68.0,3861
2025-03-12 05:00:00,125.71666666666664,0.0,31.5,104.93666666666668,127.13,72.0,100.0,70.0,70.0,72.0,71.36999999999999,67.0,69.0,68.0,68.0,3862
2025-03-12 05:15:00,126.42666666666666,0.0,31.5,108.12666666666668,127.13,72.0,100.0,70.0,70.0,72.0,71.41333333333334,67.0,69.0,68.0,68.0,3863
2025-03-12 05:30:00,124.30666666666669,0.0,32.0,104.89,127.13,72.0,100.0,70.0,70.0,72.0,71.46666666666667,67.0,69.0,68.0,68.0,3864
2025-03-12 05:45:00,125.72,0.0,31.33333333333333,108.24,127.13,72.0,100.0,70.0,70.0,72.0,71.45666666666666,67.0,69.0,68.0,68.0,3865
2025-03-12 06:00:00,125.01333333333334,0.0,32.5,106.15666666666668,127.13,72.0,100.0,70.0,70.0,72.0,71.47333333333334,67.0,69.0,68.0,68.0,3866
2025-03-12 06:15:00,126.42333333333332,0.0,31.166666666666668,106.22333333333331,127.13,72.0,100.0,70.0,70.0,72.0,71.56333333333333,67.0,69.0,68.0,68.0,3867
2025-03-12 06:30:00,125.71666666666664,0.0,31.83333333333333,107.95666666666666,127.13,72.0,100.0,70.0,70.0,72.0,71.51666666666667,67.0,69.0,68.0,68.0,3868
2025-03-12 06:45:00,125.71999999999998,0.0,30.83333333333333,105.58333333333331,127.13,72.0,100.0,70.0,70.0,72.0,71.60000000000001,67.0,69.0,68.0,68.0,3869
2025-03-12 07:00:00,127.13,0.0,31.33333333333333,109.62666666666668,127.13,72.0,100.0,70.0,70.0,72.0,71.57666666666667,67.0,69.0,68.0,68.0,3870
2025-03-12 07:15:00,125.71666666666664,0.0,31.33333333333333,105.81,127.13,72.0,100.0,70.0,70.0,72.0,71.63333333333334,67.0,69.0,68.0,68.0,3871
2025-03-12 07:30:00,127.83666666666666,0.0,30.83333333333333,107.9,127.13,72.0,100.0,70.0,70.0,72.0,71.60666666666667,67.0,69.0,68.0,68.0,3872
2025-03-12 07:45:00,127.13,0.0,31.33333333333333,106.25666666666666,127.13,72.0,100.0,70.0,70.0,72.0,71.60666666666667,67.0,69.0,68.0,68.0,3873
2025-03-12 08:00:00,125.71666666666664,0.0,30.166666666666668,107.82,127.13,72.0,100.0,70.0,70.0,72.0,71.66000000000001,67.0,69.0,68.0,68.0,3874
2025-03-12 08:15:00,125.71666666666664,0.0,31.666666666666668,107.18666666666668,127.13,72.0,100.0,70.0,70.0,72.0,71.63666666666667,67.0,69.0,68.0,68.0,3875
2025-03-12 08:30:00,127.13,0.0,30.33333333333333,106.86,127.13,72.0,100.0,70.0,70.0,72.0,71.71,67.0,69.0,68.0,68.0,3876
2025-03-12 08:45:00,125.71999999999998,0.0,31.666666666666668,107.69,127.13,72.0,100.0,70.0,70.0,72.0,71.63,67.0,69.0,68.0,68.0,3877
2025-03-12 09:00:00,125.72,0.0,30.83333333333333,106.24,127.13,72.0,100.0,70.0,70.0,72.0,71.66666666666667,67.0,69.0,68.0,68.0,3878
2025-03-12 09:15:00,126.42333333333332,0.0,31.33333333333333,110.2,127.13,72.0,100.0,70.0,70.0,72.0,71.63666666666667,67.0,69.0,68.0,68.0,3879
2025-03-12 09:30:00,125.01333333333334,0.0,30.83333333333333,105.76,127.13,72.0,100.0,70.0,70.0,72.0,71.72333333333334,67.0,69.0,68.0,68.0,3880
2025-03-12 09:45:00,127.13,0.0,31.166666666666668,110.28000000000002,127.13,72.0,100.0,70.0,70.0,72.0,71.65666666666667,67.0,69.0,68.0,68.0,3881
2025-03-12 10:00:00,125.01333333333334,0.0,31.166666666666668,105.13666666666666,127.13,72.0,100.0,70.0,70.0,72.0,71.72000000000001,67.0,69.0,68.0,68.0,3882
2025-03-12 10:15:00,127.83666666666666,0.0,31.0,108.36333333333334,127.13,72.0,100.0,70.0,70.0,72.0,71.66333333333334,67.0,69.0,68.0,68.0,3883
2025-03-12 10:30:00,126.42333333333332,0.0,31.33333333333333,104.65,127.13,72.0,100.0,70.0,70.0,72.0,71.66333333333334,67.0,69.0,68.0,68.0,3884
2025-03-12 10:45:00,127.13,0.0,31.0,107.97333333333334,127.13,72.0,100.0,70.0,70.0,72.0,71.64666666666666,67.0,69.0,68.0,68.0,3885
2025-03-12 11:00:00,125.71666666666664,0.0,31.5,106.08,127.13,72.0,100.0,70.0,70.0,72.0,71.65333333333332,67.0,69.0,68.0,68.0,3886
2025-03-12 11:15:00,127.13,0.0,30.5,107.45,127.13,72.0,100.0,70.0,70.0,72.0,71.66666666666667,67.0,69.0,68.0,68.0,3887
2025-03-12 11:30:00,126.42666666666666,0.0,31.666666666666668,107.37,127.13,72.0,100.0,70.0,70.0,72.0,71.61333333333333,67.0,69.0,68.0,68.0,3888
2025-03-12 11:45:00,125.71999999999998,0.0,30.666666666666668,105.55666666666669,127.13,72.0,100.0,70.0,70.0,72.0,71.65666666666668,67.0,69.0,68.0,68.0,3889
2025-03-12 12:00:00,127.83666666666666,0.0,31.5,106.55,127.13,72.0,100.0,70.0,70.0,72.0,71.60333333333334,67.0,69.0,68.0,68.0,3890
2025-03-12 12:15:00,124.30666666666669,0.0,31.166666666666668,103.50666666666666,127.13,72.0,100.0,70.0,70.0,72.0,71.60666666666667,67.0,69.0,68.0,68.0,3891
2025-03-12 12:30:00,124.30666666666669,0.0,32.0,103.13333333333333,127.13,72.0,100.0,70.0,70.0,72.0,71.45333333333333,67.0,69.0,68.0,68.0,3892
2025-03-12 12:45:00,125.01333333333334,0.0,32.5,103.13,127.13,72.0,100.0,70.0,70.0,72.0,71.43666666666667,67.0,69.0,68.0,68.0,3893
2025-03-12 13:00:00,127.83666666666666,0.0,32.166666666666664,102.79666666666668,127.13,72.0,100.0,70.0,70.0,72.0,71.46,67.0,69.0,68.0,68.0,3894
2025-03-12 13:15:00,128.54333333333332,0.0,31.33333333333333,102.78333333333336,127.13,72.0,100.0,70.0,70.0,72.0,71.50333333333333,67.0,69.0,68.0,68.0,3895
2025-03-12 13:30:00,127.83666666666666,0.0,30.5,103.25,127.13,72.0,100.0,70.0,70.0,72.0,71.52333333333333,67.0,69.0,68.0,68.0,3896
2025-03-12 13:45:00,125.71666666666664,0.0,30.5,103.81333333333332,127.13,72.0,100.0,70.0,70.0,72.0,71.55333333333334,67.0,69.0,68.0,68.0,3897
2025-03-12 14:00:00,126.42333333333332,0.0,30.5,104.23666666666668,127.13,72.0,100.0,70.0,70.0,72.0,71.64333333333333,67.0,69.0,68.0,68.0,3898
2025-03-12 14:15:00,126.42333333333332,0.0,30.5,104.18,127.13,72.0,100.0,70.0,70.0,72.0,71.65,67.0,69.0,68.0,68.0,3899
2025-03-12 14:30:00,125.71666666666664,0.0,30.5,104.57,127.13,72.0,100.0,70.0,70.0,72.0,71.71,67.0,69.0,68.0,68.0,3900
2025-03-12 14:45:00,125.71666666666664,0.0,30.5,104.85333333333334,127.13,72.0,100.0,70.0,70.0,72.0,71.76666666666667,67.0,69.0,68.0,68.0,3901
2025-03-12 15:00:00,127.13,0.0,30.5,105.18333333333334,127.13,72.0,100.0,70.0,70.0,72.0,71.83,67.0,69.0,68.0,68.0,3902
2025-03-12 15:15:00,126.42333333333332,0.0,30.5,105.53666666666668,127.13,72.0,100.0,70.0,70.0,72.0,71.92333333333333,67.0,69.0,68.0,68.0,3903
2025-03-12 15:30:00,127.13,1.43,30.166666666666668,105.35333333333334,125.71666666666664,72.0,99.10666666666668,70.0,70.0,72.0,72.01333333333334,67.0,69.0,68.0,68.0,3904
2025-03-12 15:45:00,127.83666666666666,5.646666666666666,29.666666666666668,105.42,125.01,72.0,96.32666666666668,70.0,70.0,72.0,72.13666666666667,67.0,69.0,68.0,68.0,3905
2025-03-12 16:00:00,126.42333333333332,13.646666666666668,29.5,105.22666666666667,125.01,72.0,90.8,70.0,70.0,72.0,72.32000000000001,67.0,69.0,68.0,68.0,3906
2025-03-12 16:15:00,126.42333333333332,18.37,29.5,104.66,125.01,72.0,86.85666666666667,70.0,70.0,72.0,72.38,67.0,69.0,68.0,68.0,3907
2025-03-12 16:30:00,125.71999999999998,24.723333333333333,29.166666666666668,103.15,125.01,72.0,81.79666666666667,70.0,70.0,72.0,72.48666666666666,67.0,69.0,68.0,68.0,3908
2025-03-12 16:45:00,167.39,49.46333333333333,35.5,76.48333333333333,167.39,72.0,23.45,70.0,70.0,72.0,73.05333333333334,67.0,69.0,68.0,68.0,3909
2025-03-12 17:00:00,191.40666666666667,54.18333333333334,38.66666666666666,64.31333333333333,189.9933333333333,72.0,0.0,70.0,70.0,72.0,72.93666666666667,67.0,69.0,68.0,68.0,3910
2025-03-12 17:15:00,182.22,48.553333333333335,37.0,64.60333333333334,183.63333333333333,72.0,0.0,70.0,70.0,72.0,72.60333333333334,67.0,69.0,68.0,68.0,3911
2025-03-12 17:30:00,179.4,44.31333333333333,36.0,64.86,177.98666666666668,72.0,0.0,70.0,70.0,72.0,72.36,67.0,69.0,68.0,68.0,3912
2025-03-12 17:45:00,170.21666666666667,38.07333333333333,34.5,65.05333333333334,170.92333333333332,72.0,0.0,70.0,70.0,72.0,72.11666666666666,67.0,69.0,68.0,68.0,3913
2025-03-12 18:00:00,165.26999999999998,32.64333333333334,33.166666666666664,65.02999999999999,163.85666666666663,72.0,0.0,70.0,70.0,72.0,71.94,67.0,69.0,68.0,68.0,3914
2025-03-12 18:15:00,155.38666666666666,25.066666666666663,31.666666666666668,65.02999999999999,155.38666666666666,72.0,0.0,70.0,70.0,72.0,71.74333333333334,67.0,69.0,68.0,68.0,3915
2025-03-12 18:30:00,147.61333333333334,16.333333333333332,30.166666666666668,61.01333333333333,144.08333333333334,72.0,0.0,70.0,70.0,72.0,71.55,67.0,69.0,68.0,68.0,3916
2025-03-12 18:45:00,127.13333333333334,2.5733333333333333,28.666666666666668,58.35666666666666,127.83666666666666,72.0,7.023333333333333,70.0,70.0,72.0,71.15666666666667,67.0,69.0,68.0,68.0,3917
2025-03-12 19:00:00,124.30666666666669,0.0,28.5,64.55,125.01,72.0,25.986666666666668,70.0,70.0,72.0,70.93666666666667,67.0,69.0,68.0,68.0,3918
2025-03-12 19:15:00,123.60333333333334,0.0,28.5,69.23,125.01,72.0,35.833333333333336,70.0,70.0,72.0,70.85333333333334,67.0,69.0,68.0,68.0,3919
2025-03-12 19:30:00,124.30666666666669,0.0,28.5,73.74,125.01,72.0,43.26333333333333,70.0,70.0,72.0,70.90666666666668,67.0,69.0,68.0,68.0,3920
2025-03-12 19:45:00,124.30666666666669,0.0,28.5,77.03,125.01,72.0,47.89666666666667,70.0,70.0,72.0,71.05,67.0,69.0,68.0,68.0,3921
2025-03-12 20:00:00,125.71666666666664,0.0,28.33333333333333,79.05333333333334,125.01,72.0,51.21333333333333,70.0,70.0,72.0,71.20333333333333,67.0,69.0,68.0,68.0,3922
2025-03-12 20:15:00,127.13,0.0,28.0,82.23666666666666,125.01,72.0,56.446666666666665,70.0,70.0,72.0,71.22,67.0,69.0,68.0,68.0,3923
2025-03-12 20:30:00,126.42333333333332,0.0,28.0,86.41333333333334,125.01,72.0,63.41,70.0,70.0,72.0,71.16333333333334,67.0,69.0,68.0,68.0,3924
2025-03-12 20:45:00,126.42333333333332,0.0,27.5,92.57666666666668,125.01,72.0,68.91666666666667,70.0,70.0,72.0,71.2,67.0,69.0,68.0,68.0,3925
2025-03-12 21:00:00,126.42333333333332,0.0,26.5,98.02333333333333,125.01,72.0,72.06333333333333,70.0,70.0,72.0,71.33,67.0,69.0,68.0,68.0,3926
2025-03-12 21:15:00,127.13,0.0,25.83333333333333,97.94,125.01,72.0,70.84333333333333,70.0,70.0,72.0,71.58,67.0,69.0,68.0,68.0,3927
2025-03-12 21:30:00,125.71666666666664,0.0,26.33333333333333,97.14,125.01,72.0,68.47,70.0,70.0,72.0,71.81,67.0,69.0,68.0,68.0,3928
2025-03-12 21:45:00,124.30666666666669,2.94,27.5,95.18333333333334,125.01,72.0,64.04333333333334,70.0,70.0,72.0,72.05666666666666,67.0,69.0,68.0,68.0,3929
2025-03-12 22:00:00,125.01333333333334,11.51,27.5,91.59666666666664,125.01,72.0,58.04333333333333,70.0,70.0,72.0,72.28333333333333,67.0,69.0,68.0,68.0,3930
2025-03-12 22:15:00,123.60333333333334,20.046666666666667,27.5,87.29,125.01,72.0,51.78333333333333,70.0,70.0,72.0,72.45666666666666,67.0,69.0,68.0,68.0,3931
2025-03-12 22:30:00,124.30666666666669,29.33333333333333,27.666666666666668,82.73,125.01,72.0,44.52666666666666,70.0,70.0,72.0,72.60666666666667,67.0,69.0,68.0,68.0,3932
2025-03-12 22:45:00,123.60333333333334,37.52,28.0,78.26666666666667,125.01,72.0,37.60333333333333,70.0,70.0,72.0,72.70333333333333,67.0,69.0,68.0,68.0,3933
2025-03-12 23:00:00,124.30666666666669,49.93666666666667,28.0,72.75333333333333,125.01,72.0,27.69666666666667,70.0,70.0,72.0,72.89666666666666,67.0,69.0,68.0,68.0,3934
2025-03-12 23:15:00,124.30666666666669,58.123333333333335,28.0,68.72,125.01,72.0,19.97666666666667,70.0,70.0,72.0,72.92,67.0,69.0,68.0,68.0,3935
2025-03-12 23:30:00,125.01,56.98333333333333,27.666666666666668,67.49,125.01,72.0,18.09,70.0,70.0,72.0,72.71,67.0,69.0,68.0,68.0,3936
2025-03-12 23:45:00,125.01,53.56999999999999,26.5,67.31,125.01,72.0,18.343333333333334,70.0,70.0,72.0,72.46333333333334,67.0,69.0,68.0,68.0,3937
2025-03-13 00:00:00,126.42333333333332,48.16666666666666,26.33333333333333,67.77333333333333,125.01,72.0,20.516666666666666,70.0,70.0,72.0,72.22000000000001,67.0,69.0,68.0,68.0,3938
2025-03-13 00:15:00,125.01,41.373333333333335,26.0,68.64666666666666,125.01,72.0,24.24,70.0,70.0,72.0,71.98333333333333,67.0,69.0,68.0,68.0,3939
2025-03-13 00:30:00,123.60333333333334,34.57666666666667,26.0,70.00666666666667,125.01,72.0,28.6,70.0,70.0,72.0,71.81,67.0,69.0,68.0,68.0,3940
2025-03-13 00:45:00,123.6,27.03,27.166666666666668,72.35666666666667,125.01,72.0,33.95333333333333,70.0,70.0,72.0,71.64333333333333,67.0,69.0,68.0,68.0,3941
2025-03-13 01:00:00,124.30666666666669,19.243333333333336,27.666666666666668,76.19,125.01,72.0,39.78666666666667,70.0,70.0,72.0,71.49666666666667,67.0,69.0,68.0,68.0,3942
2025-03-13 01:15:00,122.90000000000002,5.546666666666667,28.5,82.38,125.01,72.0,50.22333333333333,70.0,70.0,72.0,71.21666666666665,67.0,69.0,68.0,68.0,3943
2025-03-13 01:30:00,125.01333333333334,0.0,29.33333333333333,89.83333333333333,125.01,72.0,62.38666666666666,70.0,70.0,72.0,70.96333333333332,67.0,69.0,68.0,68.0,3944
2025-03-13 01:45:00,125.01,0.0,29.5,96.14,125.01,72.0,73.64,70.0,70.0,72.0,70.82333333333334,67.0,69.0,68.0,68.0,3945
2025-03-13 02:00:00,125.71666666666664,0.0,29.83333333333333,100.15333333333332,125.01,72.0,83.0,70.0,70.0,72.0,70.79,67.0,69.0,68.0,68.0,3946
2025-03-13 02:15:00,122.89666666666666,0.0,30.33333333333333,102.94333333333331,125.01,72.0,90.97,70.0,70.0,72.0,70.82666666666667,67.0,69.0,68.0,68.0,3947
2025-03-13 02:30:00,124.30666666666669,0.0,30.666666666666668,103.78666666666668,125.71666666666664,72.0,96.76333333333332,70.0,70.0,72.0,70.89666666666666,67.0,69.0,68.0,68.0,3948
2025-03-13 02:45:00,124.30666666666669,0.0,31.166666666666668,104.0,127.13,72.0,100.0,70.0,70.0,72.0,70.83,67.0,69.0,68.0,68.0,3949
2025-03-13 03:00:00,124.31,0.0,31.666666666666668,103.91666666666669,127.13,72.0,100.0,70.0,70.0,72.0,70.91000000000001,67.0,69.0,68.0,68.0,3950
2025-03-13 03:15:00,125.71666666666664,0.0,32.0,103.63,127.13,72.0,100.0,70.0,70.0,72.0,70.95,67.0,69.0,68.0,68.0,3951
2025-03-13 03:30:00,127.13,0.0,32.0,103.29333333333334,127.13,72.0,100.0,70.0,70.0,72.0,71.03666666666668,67.0,69.0,68.0,68.0,3952
2025-03-13 03:45:00,127.13,0.0,31.83333333333333,103.72333333333334,127.13,72.0,100.0,70.0,70.0,72.0,71.11,67.0,69.0,68.0,68.0,3953
2025-03-13 04:00:00,126.42333333333332,0.0,30.0,102.96333333333332,127.13,72.0,100.0,70.0,70.0,72.0,71.19666666666667,67.0,69.0,68.0,68.0,3954
2025-03-13 04:15:00,125.01,0.0,30.0,103.18666666666668,127.13,72.0,100.0,70.0,70.0,72.0,71.2,67.0,69.0,68.0,68.0,3955
2025-03-13 04:30:00,127.13,0.0,31.0,103.15333333333336,127.13,72.0,100.0,70.0,70.0,72.0,71.23333333333333,67.0,69.0,68.0,68.0,3956
2025-03-13 04:45:00,127.13,0.0,31.5,102.71,127.13,72.0,100.0,70.0,70.0,72.0,71.24,67.0,69.0,68.0,68.0,3957
2025-03-13 05:00:00,126.42333333333332,0.0,31.166666666666668,102.96666666666664,127.13,72.0,100.0,70.0,70.0,72.0,71.31333333333333,67.0,69.0,68.0,68.0,3958
2025-03-13 05:15:00,127.13,0.0,30.5,102.85333333333334,127.13,72.0,100.0,70.0,70.0,72.0,71.37,67.0,69.0,68.0,68.0,3959
2025-03-13 05:30:00,125.71666666666664,0.0,30.83333333333333,105.46333333333332,127.13,72.0,100.0,70.0,70.0,72.0,71.38666666666667,67.0,69.0,68.0,68.0,3960
2025-03-13 05:45:00,126.42333333333332,0.0,30.166666666666668,106.5,127.13,72.0,100.0,70.0,70.0,72.0,71.57000000000001,67.0,69.0,68.0,68.0,3961
2025-03-13 06:00:00,126.42333333333332,0.0,31.5,103.58333333333331,127.13,72.0,100.0,70.0,70.0,72.0,71.58333333333333,67.0,69.0,68.0,68.0,3962
2025-03-13 06:15:00,126.42333333333332,0.0,30.33333333333333,108.17333333333332,127.13,72.0,100.0,70.0,70.0,72.0,71.61333333333333,67.0,69.0,68.0,68.0,3963
2025-03-13 06:30:00,125.01,0.0,30.5,105.56666666666666,127.13,72.0,100.0,70.0,70.0,72.0,71.67,67.0,69.0,68.0,68.0,3964
2025-03-13 06:45:00,125.71999999999998,0.0,29.83333333333333,106.79,127.13,72.0,100.0,70.0,70.0,72.0,71.74333333333334,67.0,69.0,68.0,68.0,3965
2025-03-13 07:00:00,125.71999999999998,0.0,31.5,106.29666666666668,127.13,72.0,100.0,70.0,70.0,72.0,71.72,67.0,69.0,68.0,68.0,3966
2025-03-13 07:15:00,127.13,0.0,30.166666666666668,106.24,127.13,72.0,100.0,70.0,70.0,72.0,71.78666666666668,67.0,69.0,68.0,68.0,3967
2025-03-13 07:30:00,125.01333333333334,0.0,31.33333333333333,104.45,127.13,72.0,100.0,70.0,70.0,72.0,71.7,67.0,69.0,68.0,68.0,3968
2025-03-13 07:45:00,127.13,0.0,30.33333333333333,107.93,127.13,72.0,100.0,70.0,70.0,72.0,71.73,67.0,69.0,68.0,68.0,3969
2025-03-13 08:00:00,126.42333333333332,0.0,30.33333333333333,105.30333333333334,127.13,72.0,100.0,70.0,70.0,72.0,71.76333333333334,67.0,69.0,68.0,68.0,3970
2025-03-13 08:15:00,125.71999999999998,0.0,30.33333333333333,106.20333333333332,127.13,72.0,100.0,70.0,70.0,72.0,71.75666666666666,67.0,69.0,68.0,68.0,3971
2025-03-13 08:30:00,126.42666666666666,0.0,31.0,107.76666666666668,127.13,72.0,100.0,70.0,70.0,72.0,71.74333333333334,67.0,69.0,68.0,68.0,3972
2025-03-13 08:45:00,125.01333333333334,0.0,30.5,105.65,127.13,72.0,100.0,70.0,70.0,72.0,71.75666666666666,67.0,69.0,68.0,68.0,3973
2025-03-13 09:00:00,128.54333333333332,0.0,30.166666666666668,107.64333333333332,127.13,72.0,100.0,70.0,70.0,72.0,71.72666666666667,67.0,69.0,68.0,68.0,3974
2025-03-13 09:15:00,125.01333333333334,0.0,30.33333333333333,107.12,127.13,72.0,100.0,70.0,70.0,72.0,71.72666666666667,67.0,69.0,68.0,68.0,3975
2025-03-13 09:30:00,126.42333333333332,0.0,30.0,105.62,127.13,72.0,100.0,70.0,70.0,72.0,71.78666666666668,67.0,69.0,68.0,68.0,3976
2025-03-13 09:45:00,126.42333333333332,0.0,30.666666666666668,107.30333333333331,127.13,72.0,100.0,70.0,70.0,72.0,71.72,67.0,69.0,68.0,68.0,3977
2025-03-13 10:00:00,125.71666666666664,0.0,30.666666666666668,104.65666666666668,127.13,72.0,100.0,70.0,70.0,72.0,71.75,67.0,69.0,68.0,68.0,3978
2025-03-13 10:15:00,126.42333333333332,0.0,30.166666666666668,106.49,127.13,72.0,100.0,70.0,70.0,72.0,71.70666666666666,67.0,69.0,68.0,68.0,3979
2025-03-13 10:30:00,125.72,0.0,31.33333333333333,105.58,127.13,72.0,100.0,70.0,70.0,72.0,71.67666666666666,67.0,69.0,68.0,68.0,3980
2025-03-13 10:45:00,126.42666666666666,0.0,29.83333333333333,105.86666666666667,127.13,72.0,100.0,70.0,70.0,72.0,71.73,67.0,69.0,68.0,68.0,3981
2025-03-13 11:00:00,125.01,0.0,31.33333333333333,107.67666666666666,127.13,72.0,100.0,70.0,70.0,72.0,71.65333333333334,67.0,69.0,68.0,68.0,3982
2025-03-13 11:15:00,125.01333333333334,0.0,30.5,104.35,127.13,72.0,100.0,70.0,70.0,72.0,71.7,67.0,69.0,68.0,68.0,3983
2025-03-13 11:30:00,125.71666666666664,0.0,32.0,103.11,127.13,72.0,100.0,70.0,70.0,72.0,71.61666666666667,67.0,69.0,68.0,68.0,3984
2025-03-13 11:45:00,126.42333333333332,0.0,31.5,104.52666666666666,127.13,72.0,100.0,70.0,70.0,72.0,71.54666666666667,67.0,69.0,68.0,68.0,3985
2025-03-13 12:00:00,126.42333333333332,0.0,30.166666666666668,106.54666666666668,127.13,72.0,100.0,70.0,70.0,72.0,71.70333333333333,67.0,69.0,68.0,68.0,3986
2025-03-13 12:15:00,127.13,0.0,31.33333333333333,107.37666666666668,127.13,72.0,100.0,70.0,70.0,72.0,71.69333333333334,67.0,69.0,68.0,68.0,3987
2025-03-13 12:30:00,126.42666666666666,0.0,30.33333333333333,105.40666666666664,127.13,72.0,100.0,70.0,70.0,72.0,71.78666666666668,67.0,69.0,68.0,68.0,3988
2025-03-13 12:45:00,127.83666666666666,0.0,30.83333333333333,107.97666666666667,127.13,72.0,100.0,70.0,70.0,72.0,71.73666666666666,67.0,69.0,68.0,68.0,3989
2025-03-13 13:00:00,126.42333333333332,0.0,30.666666666666668,103.08333333333331,127.13,72.0,100.0,70.0,70.0,72.0,71.79333333333334,67.0,69.0,68.0,68.0,3990
2025-03-13 13:15:00,125.71666666666664,0.0,31.0,107.26666666666668,127.13,72.0,100.0,70.0,70.0,72.0,71.71666666666665,67.0,69.0,68.0,68.0,3991
2025-03-13 13:30:00,125.71666666666664,0.0,30.0,104.36666666666667,127.13,72.0,100.0,70.0,70.0,72.0,71.8,67.0,69.0,68.0,68.0,3992
2025-03-13 13:45:00,127.13,0.0,31.33333333333333,102.81,127.13,72.0,100.0,70.0,70.0,72.0,71.78666666666668,67.0,69.0,68.0,68.0,3993
2025-03-13 14:00:00,127.13,0.0,30.33333333333333,103.23333333333332,127.13,72.0,100.0,70.0,70.0,72.0,71.78,67.0,69.0,68.0,68.0,3994
2025-03-13 14:15:00,125.01333333333334,0.0,30.0,103.89666666666666,127.13,72.0,100.0,70.0,70.0,72.0,71.78666666666668,67.0,69.0,68.0,68.0,3995
2025-03-13 14:30:00,126.42333333333332,0.0,30.0,104.28666666666668,127.13,72.0,100.0,70.0,70.0,72.0,71.8,67.0,69.0,68.0,68.0,3996
2025-03-13 14:45:00,125.01,0.0,30.166666666666668,104.33,127.13,72.0,100.0,70.0,70.0,72.0,71.8,67.0,69.0,68.0,68.0,3997
2025-03-13 15:00:00,124.30666666666669,0.0,31.166666666666668,104.77,127.13,72.0,100.0,70.0,70.0,72.0,71.89,67.0,69.0,68.0,68.0,3998
2025-03-13 15:15:00,128.54333333333332,1.05,30.166666666666668,104.66666666666669,125.71666666666664,72.0,99.34333333333332,70.0,70.0,72.0,72.00333333333333,67.0,69.0,68.0,68.0,3999
2025-03-13 15:30:00,126.42333333333332,4.736666666666666,29.33333333333333,104.82333333333334,125.01,72.0,96.90333333333336,70.0,70.0,72.0,72.11333333333333,67.0,69.0,68.0,68.0,4000
2025-03-13 15:45:00,127.13,9.563333333333334,29.0,104.99333333333334,125.01,72.0,93.48,70.0,70.0,72.0,72.21666666666667,67.0,69.0,68.0,68.0,4001
2025-03-13 16:00:00,125.71666666666664,12.65,29.0,104.48333333333332,125.01,72.0,90.88333333333333,70.0,70.0,72.0,72.25333333333333,67.0,69.0,68.0,68.0,4002
2025-03-13 16:15:00,127.13,18.56,29.0,102.71,125.01,72.0,86.37666666666667,70.0,70.0,72.0,72.36,67.0,69.0,68.0,68.0,4003
2025-03-13 16:30:00,125.71666666666664,22.52333333333333,28.666666666666668,101.84666666666668,125.01,72.0,82.85000000000001,70.0,70.0,72.0,72.38333333333334,67.0,69.0,68.0,68.0,4004
2025-03-13 16:45:00,125.71666666666664,29.093333333333334,28.5,100.08666666666666,125.01,72.0,77.57333333333334,70.0,70.0,72.0,72.49,67.0,69.0,68.0,68.0,4005
2025-03-13 17:00:00,125.71666666666664,36.9,28.5,98.11,125.01,72.0,71.24666666666667,70.0,70.0,72.0,72.59666666666666,67.0,69.0,68.0,68.0,4006
2025-03-13 17:15:00,125.71666666666664,44.03333333333333,28.5,95.30333333333334,125.01,72.0,64.97666666666667,70.0,70.0,72.0,72.66,67.0,69.0,68.0,68.0,4007
2025-03-13 17:30:00,125.01,52.43333333333334,28.0,91.31666666666666,125.01,72.0,57.79666666666666,70.0,70.0,72.0,72.76666666666667,67.0,69.0,68.0,68.0,4008
2025-03-13 17:45:00,127.13,61.85333333333333,28.0,86.36,125.01,72.0,49.64666666666667,70.0,70.0,72.0,72.85666666666667,67.0,69.0,68.0,68.0,4009
2025-03-13 18:00:00,131.37,71.07666666666667,28.33333333333333,81.27666666666666,156.08666666666667,72.0,41.43,70.0,70.0,72.0,72.93666666666667,67.0,69.0,68.0,68.0,4010
2025-03-13 18:15:00,226.0133333333333,82.38,42.16666666666666,65.24666666666667,225.30666666666664,72.0,0.0,70.0,70.0,72.0,73.04333333333334,67.0,69.0,68.0,68.0,4011
2025-03-13 18:30:00,224.6,81.82333333333334,40.833333333333336,65.11666666666667,223.89333333333332,72.0,0.0,70.0,70.0,72.0,72.8,67.0,69.0,68.0,68.0,4012
2025-03-13 18:45:00,222.48,80.11333333333333,40.333333333333336,65.3,222.48,72.0,0.0,70.0,70.0,72.0,72.59666666666666,67.0,69.0,68.0,68.0,4013
2025-03-13 19:00:00,222.48,80.85333333333334,40.5,65.63666666666667,223.8933333333333,72.0,0.0,70.0,70.0,72.0,72.48666666666666,67.0,69.0,68.0,68.0,4014
2025-03-13 19:15:00,222.48,79.32666666666667,39.833333333333336,65.13666666666667,221.7733333333333,72.0,0.0,70.0,70.0,72.0,72.36,67.0,69.0,68.0,68.0,4015
2025-03-13 19:30:00,219.6533333333333,76.28,38.5,64.79666666666667,217.53666666666663,72.0,0.0,70.0,70.0,72.0,72.18666666666667,67.0,69.0,68.0,68.0,4016
2025-03-13 19:45:00,213.3033333333333,73.12,38.5,64.85666666666667,213.3033333333333,72.0,0.0,70.0,70.0,72.0,72.06333333333333,67.0,69.0,68.0,68.0,4017
2025-03-13 20:00:00,209.77,68.78666666666668,37.5,64.79333333333334,208.35666666666668,72.0,0.0,70.0,70.0,72.0,71.92666666666666,67.0,69.0,68.0,68.0,4018
2025-03-13 20:15:00,204.82333333333332,64.21,36.833333333333336,64.85,203.41,72.0,0.0,70.0,70.0,72.0,71.82333333333334,67.0,69.0,68.0,68.0,4019
2025-03-13 20:30:00,198.47,60.35999999999999,36.16666666666666,64.60333333333334,198.46666666666667,72.0,0.0,70.0,70.0,72.0,71.75666666666666,67.0,69.0,68.0,68.0,4020
2025-03-13 20:45:00,192.11333333333332,54.24333333333333,35.0,63.91666666666666,190.7,72.0,0.0,70.0,70.0,72.0,71.63333333333334,67.0,69.0,68.0,68.0,4021
2025-03-13 21:00:00,181.51666666666665,45.69,33.333333333333336,62.946666666666665,180.10333333333332,72.0,0.0,70.0,70.0,72.0,71.47333333333334,67.0,69.0,68.0,68.0,4022
2025-03-13 21:15:00,167.39,34.833333333333336,31.666666666666668,62.02333333333333,167.39,72.0,0.0,70.0,70.0,72.0,71.27333333333333,67.0,69.0,68.0,68.0,4023
2025-03-13 21:30:00,145.49666666666667,21.33,28.666666666666668,63.53666666666667,144.08333333333334,72.0,7.163333333333333,70.0,70.0,72.0,71.06666666666666,67.0,69.0,68.0,68.0,4024
2025-03-13 21:45:00,125.71666666666664,11.7,26.0,68.38666666666667,125.01,72.0,25.64333333333333,70.0,70.0,72.0,70.99333333333334,67.0,69.0,68.0,68.0,4025
2025-03-13 22:00:00,123.60333333333334,4.17,27.666666666666668,67.74333333333333,125.01,72.0,33.22,70.0,70.0,72.0,70.98,67.0,69.0,68.0,68.0,4026
2025-03-13 22:15:00,123.60333333333334,0.0,29.666666666666668,73.22666666666667,125.01,72.0,42.083333333333336,70.0,70.0,72.0,70.93,67.0,69.0,68.0,68.0,4027
2025-03-13 22:30:00,124.30666666666669,0.0,30.0,78.3,125.01,72.0,49.32666666666668,70.0,70.0,72.0,70.95666666666666,67.0,69.0,68.0,68.0,4028
2025-03-13 22:45:00,123.60333333333334,0.0,30.0,84.16666666666667,125.01,72.0,58.79333333333333,70.0,70.0,72.0,70.87333333333333,67.0,69.0,68.0,68.0,4029
2025-03-13 23:00:00,124.30666666666669,0.0,30.0,90.15333333333336,125.01,72.0,68.86,70.0,70.0,72.0,70.81666666666666,67.0,69.0,68.0,68.0,4030
2025-03-13 23:15:00,126.42333333333332,0.0,30.0,94.11333333333334,125.01,72.0,79.22333333333334,70.0,70.0,72.0,70.74666666666667,67.0,69.0,68.0,68.0,4031
2025-03-13 23:30:00,125.71666666666664,0.0,30.0,98.21,125.01,72.0,90.49333333333334,70.0,70.0,72.0,70.66666666666667,67.0,69.0,68.0,68.0,4032
2025-03-13 23:45:00,125.01333333333334,0.0,30.5,100.15,126.42333333333332,72.0,98.92666666666666,70.0,70.0,72.0,70.61666666666666,67.0,69.0,68.0,68.0,4033
2025-03-14 00:00:00,127.83666666666666,0.0,29.33333333333333,102.74,127.13,72.0,100.0,70.0,70.0,72.0,70.63666666666667,67.0,69.0,68.0,68.0,4034
2025-03-14 00:15:00,127.13,0.0,28.375,103.275,127.13,72.0,100.0,70.0,70.0,72.0,70.7825,67.0,69.0,68.0,68.0,4035
2025-03-14 00:30:00,125.01,0.0,28.0,103.65333333333332,127.13,72.0,100.0,70.0,70.0,72.0,70.84666666666666,67.0,69.0,68.0,68.0,4036
2025-03-14 00:45:00,125.71666666666664,0.0,28.0,104.0,127.13,72.0,100.0,70.0,70.0,72.0,70.93,67.0,69.0,68.0,68.0,4037
2025-03-14 01:00:00,124.30666666666669,0.0,28.0,104.0,127.13,72.0,100.0,70.0,70.0,72.0,70.95,67.0,69.0,68.0,68.0,4038
2025-03-14 01:15:00,125.71666666666664,0.0,28.166666666666668,104.38333333333333,127.13,72.0,100.0,70.0,70.0,72.0,71.03000000000002,67.0,69.0,68.0,68.0,4039
2025-03-14 01:30:00,125.01333333333334,0.0,30.0,104.07333333333334,127.13,72.0,100.0,70.0,70.0,72.0,71.07333333333334,67.0,69.0,68.0,68.0,4040
2025-03-14 01:45:00,125.01,0.0,30.0,104.09,127.13,72.0,100.0,70.0,70.0,72.0,71.1,67.0,69.0,68.0,68.0,4041
2025-03-14 02:00:00,125.01,0.0,30.166666666666668,103.94,127.13,72.0,100.0,70.0,70.0,72.0,71.10333333333334,67.0,69.0,68.0,68.0,4042
2025-03-14 02:15:00,126.42333333333332,0.0,30.5,103.94,127.13,72.0,100.0,70.0,70.0,72.0,71.12,67.0,69.0,68.0,68.0,4043
2025-03-14 02:30:00,125.01,0.0,30.5,104.04,127.13,72.0,100.0,70.0,70.0,72.0,71.2,67.0,69.0,68.0,68.0,4044
2025-03-14 02:45:00,125.71666666666664,0.0,30.5,103.57,127.13,72.0,100.0,70.0,70.0,72.0,71.14333333333333,67.0,69.0,68.0,68.0,4045
2025-03-14 03:00:00,126.42333333333332,0.0,30.5,103.58,127.13,72.0,100.0,70.0,70.0,72.0,71.14999999999999,67.0,69.0,68.0,68.0,4046
2025-03-14 03:15:00,125.01,0.0,30.5,103.35333333333334,127.13,72.0,100.0,70.0,70.0,72.0,71.2,67.0,69.0,68.0,68.0,4047
2025-03-14 03:30:00,126.42333333333332,0.0,30.5,103.23333333333332,127.13,72.0,100.0,70.0,70.0,72.0,71.21333333333332,67.0,69.0,68.0,68.0,4048
2025-03-14 03:45:00,125.71999999999998,0.0,30.83333333333333,103.51,127.13,72.0,100.0,70.0,70.0,72.0,71.21333333333332,67.0,69.0,68.0,68.0,4049
2025-03-14 04:00:00,126.42333333333332,0.0,31.0,103.89333333333332,127.13,72.0,100.0,70.0,70.0,72.0,71.20666666666666,67.0,69.0,68.0,68.0,4050
2025-03-14 04:15:00,125.71999999999998,0.0,31.0,103.83333333333331,127.13,72.0,100.0,70.0,70.0,72.0,71.22666666666667,67.0,69.0,68.0,68.0,4051
2025-03-14 04:30:00,127.13,0.0,30.666666666666668,103.57,127.13,72.0,100.0,70.0,70.0,72.0,71.24,67.0,69.0,68.0,68.0,4052
2025-03-14 04:45:00,126.42333333333332,0.0,29.5,103.39333333333332,127.13,72.0,100.0,70.0,70.0,72.0,71.24,67.0,69.0,68.0,68.0,4053
2025-03-14 05:00:00,127.13,0.0,29.5,103.67666666666666,127.13,72.0,100.0,70.0,70.0,72.0,71.24,67.0,69.0,68.0,68.0,4054
2025-03-14 05:15:00,126.42333333333332,0.0,29.666666666666668,103.67333333333332,127.13,72.0,100.0,70.0,70.0,72.0,71.25666666666666,67.0,69.0,68.0,68.0,4055
2025-03-14 05:30:00,126.42333333333332,0.0,29.5,103.73666666666668,127.13,72.0,100.0,70.0,70.0,72.0,71.32333333333334,67.0,69.0,68.0,68.0,4056
2025-03-14 05:45:00,126.42333333333332,0.0,29.5,103.91,127.13,72.0,100.0,70.0,70.0,72.0,71.37,67.0,69.0,68.0,68.0,4057
2025-03-14 06:00:00,127.13,0.0,29.5,103.83666666666666,127.13,72.0,100.0,70.0,70.0,72.0,71.41333333333334,67.0,69.0,68.0,68.0,4058
2025-03-14 06:15:00,127.13,0.0,29.5,103.93333333333334,127.13,72.0,100.0,70.0,70.0,72.0,71.50333333333333,67.0,69.0,68.0,68.0,4059
2025-03-14 06:30:00,127.13,0.0,29.5,103.71,127.13,72.0,100.0,70.0,70.0,72.0,71.51,67.0,69.0,68.0,68.0,4060
2025-03-14 06:45:00,127.83666666666666,0.0,29.5,103.50333333333332,127.13,72.0,100.0,70.0,70.0,72.0,71.54,67.0,69.0,68.0,68.0,4061
2025-03-14 07:00:00,126.42333333333332,0.0,29.5,103.29666666666668,127.13,72.0,100.0,70.0,70.0,72.0,71.54,67.0,69.0,68.0,68.0,4062
2025-03-14 07:15:00,126.42333333333332,0.0,29.5,109.30666666666669,127.13,72.0,100.0,70.0,70.0,72.0,71.62666666666667,67.0,69.0,68.0,68.0,4063
2025-03-14 07:30:00,125.01333333333334,0.0,29.83333333333333,103.63,127.13,72.0,100.0,70.0,70.0,72.0,71.7,67.0,69.0,68.0,68.0,4064
2025-03-14 07:45:00,126.42333333333332,0.0,30.33333333333333,109.46,127.13,72.0,100.0,70.0,70.0,72.0,71.65,67.0,69.0,68.0,68.0,4065
2025-03-14 08:00:00,125.01333333333334,0.0,29.166666666666668,103.63333333333333,127.13,72.0,100.0,70.0,70.0,72.0,71.76,67.0,69.0,68.0,68.0,4066
2025-03-14 08:15:00,127.13,0.0,29.5,109.33,127.13,72.0,100.0,70.0,70.0,72.0,71.77666666666666,67.0,69.0,68.0,68.0,4067
2025-03-14 08:30:00,127.13,0.0,30.0,104.0,127.13,72.0,100.0,70.0,70.0,72.0,71.8,67.0,69.0,68.0,68.0,4068
2025-03-14 08:45:00,127.83666666666666,0.0,28.5,107.11333333333332,127.13,72.0,100.0,70.0,70.0,72.0,71.83666666666666,67.0,69.0,68.0,68.0,4069
2025-03-14 09:00:00,126.07,0.0,30.5,106.145,127.13,72.0,100.0,70.0,70.0,72.0,71.83500000000001,67.0,69.0,68.0,68.0,4070
2025-03-14 09:15:00,127.13,0.0,28.166666666666668,105.71,127.13,72.0,100.0,70.0,70.0,72.0,71.87333333333333,67.0,69.0,68.0,68.0,4071
2025-03-14 09:30:00,126.42666666666666,0.0,29.83333333333333,107.64333333333332,127.13,72.0,100.0,70.0,70.0,72.0,71.75666666666666,67.0,69.0,68.0,68.0,4072
2025-03-14 09:45:00,125.71666666666664,0.0,28.666666666666668,104.24,127.13,72.0,100.0,70.0,70.0,72.0,71.81,67.0,69.0,68.0,68.0,4073
2025-03-14 10:00:00,125.71666666666664,0.0,29.166666666666668,109.72333333333334,127.13,72.0,100.0,70.0,70.0,72.0,71.72,67.0,69.0,68.0,68.0,4074
2025-03-14 10:15:00,125.71666666666664,0.0,29.5,103.63333333333333,127.13,72.0,100.0,70.0,70.0,72.0,71.79333333333334,67.0,69.0,68.0,68.0,4075
2025-03-14 10:30:00,127.13,0.0,28.5,109.99666666666668,127.13,72.0,100.0,70.0,70.0,72.0,71.75,67.0,69.0,68.0,68.0,4076
2025-03-14 10:45:00,123.60333333333334,0.0,29.666666666666668,105.32,127.13,72.0,100.0,70.0,70.0,72.0,71.75666666666666,67.0,69.0,68.0,68.0,4077
2025-03-14 11:00:00,127.13,0.0,28.33333333333333,108.47666666666667,127.13,72.0,100.0,70.0,70.0,72.0,71.74333333333334,67.0,69.0,68.0,68.0,4078
2025-03-14 11:15:00,125.71999999999998,0.0,30.166666666666668,106.72333333333334,127.13,72.0,100.0,70.0,70.0,72.0,71.71333333333332,67.0,69.0,68.0,68.0,4079
2025-03-14 11:30:00,126.42333333333332,0.0,28.33333333333333,106.46,127.13,72.0,100.0,70.0,70.0,72.0,71.74333333333334,67.0,69.0,68.0,68.0,4080
2025-03-14 11:45:00,127.13,0.0,30.0,107.49666666666668,127.13,72.0,100.0,70.0,70.0,72.0,71.67666666666668,67.0,69.0,68.0,68.0,4081
2025-03-14 12:00:00,126.42333333333332,0.0,28.166666666666668,109.28666666666668,127.13,72.0,100.0,70.0,70.0,72.0,71.74333333333334,67.0,69.0,68.0,68.0,4082
2025-03-14 12:15:00,123.60333333333334,0.0,29.666666666666668,104.62333333333332,127.13,72.0,100.0,70.0,70.0,72.0,71.72,67.0,69.0,68.0,68.0,4083
2025-03-14 12:30:00,127.83666666666666,0.0,28.666666666666668,104.13,127.13,72.0,100.0,70.0,70.0,72.0,71.64666666666666,67.0,69.0,68.0,68.0,4084
2025-03-14 12:45:00,125.01333333333334,0.0,30.5,102.02666666666666,127.13,72.0,100.0,70.0,70.0,72.0,71.56,67.0,69.0,68.0,68.0,4085
2025-03-14 13:00:00,127.13,0.0,30.666666666666668,101.45666666666666,127.13,72.0,100.0,70.0,70.0,72.0,71.48,67.0,69.0,68.0,68.0,4086
2025-03-14 13:15:00,126.42333333333332,0.0,30.5,101.76666666666668,127.13,72.0,100.0,70.0,70.0,72.0,71.50333333333333,67.0,69.0,68.0,68.0,4087
2025-03-14 13:30:00,128.54333333333332,0.0,30.5,101.88666666666666,127.13,72.0,100.0,70.0,70.0,72.0,71.53,67.0,69.0,68.0,68.0,4088
2025-03-14 13:45:00,127.13,0.0,30.33333333333333,102.53666666666668,127.13,72.0,100.0,70.0,70.0,72.0,71.60333333333334,67.0,69.0,68.0,68.0,4089
2025-03-14 14:00:00,127.13,0.0,30.0,103.06,127.13,72.0,100.0,70.0,70.0,72.0,71.65,67.0,69.0,68.0,68.0,4090
2025-03-14 14:15:00,126.42333333333332,0.0,30.0,103.28000000000002,127.13,72.0,100.0,70.0,70.0,72.0,71.67,67.0,69.0,68.0,68.0,4091
2025-03-14 14:30:00,127.13,0.0,30.0,103.51333333333332,127.13,72.0,100.0,70.0,70.0,72.0,71.72666666666667,67.0,69.0,68.0,68.0,4092
2025-03-14 14:45:00,126.42333333333332,0.0,29.5,103.79,127.13,72.0,100.0,70.0,70.0,72.0,71.79333333333334,67.0,69.0,68.0,68.0,4093
2025-03-14 15:00:00,125.71666666666664,0.0,29.0,104.63333333333333,127.13,72.0,100.0,70.0,70.0,72.0,71.8,67.0,69.0,68.0,68.0,4094
2025-03-14 15:15:00,125.71666666666664,0.0,29.0,105.13666666666668,127.13,72.0,100.0,70.0,70.0,72.0,71.89666666666666,67.0,69.0,68.0,68.0,4095
2025-03-14 15:30:00,126.42333333333332,0.11,29.0,102.97333333333334,126.42333333333332,72.0,99.93333333333334,70.0,70.0,72.0,71.96,67.0,69.0,68.0,68.0,4096
2025-03-14 15:45:00,124.30666666666669,0.0,30.166666666666668,99.43333333333334,127.13,72.0,100.0,70.0,70.0,72.0,71.92999999999999,67.0,69.0,68.0,68.0,4097
2025-03-14 16:00:00,126.42333333333332,0.0,30.5,98.8,127.13,72.0,100.0,70.0,70.0,72.0,71.86666666666666,67.0,69.0,68.0,68.0,4098
2025-03-14 16:15:00,126.42333333333332,0.0,29.0,98.66666666666669,127.13,72.0,100.0,70.0,70.0,72.0,71.90333333333332,67.0,69.0,68.0,68.0,4099
2025-03-14 16:30:00,125.01,0.0,29.0,99.33333333333331,127.13,72.0,100.0,70.0,70.0,72.0,71.85666666666667,67.0,69.0,68.0,68.0,4100
2025-03-14 16:45:00,123.60333333333334,0.0,30.33333333333333,100.04,127.13,72.0,100.0,70.0,70.0,72.0,71.91000000000001,67.0,69.0,68.0,68.0,4101
2025-03-14 17:00:00,125.01,0.0,31.0,99.59333333333332,127.13,72.0,100.0,70.0,70.0,72.0,71.92666666666666,67.0,69.0,68.0,68.0,4102
2025-03-14 17:15:00,125.71999999999998,0.0,31.5,99.86333333333334,127.13,72.0,100.0,70.0,70.0,72.0,71.92,67.0,69.0,68.0,68.0,4103
2025-03-14 17:30:00,125.01,0.0,31.5,100.15333333333332,127.13,72.0,100.0,70.0,70.0,72.0,71.94,67.0,69.0,68.0,68.0,4104
2025-03-14 17:45:00,126.42333333333332,3.3633333333333333,31.5,100.29333333333334,125.01,72.0,97.86333333333334,70.0,70.0,72.0,72.08333333333333,67.0,69.0,68.0,68.0,4105
2025-03-14 18:00:00,127.13,6.566666666666666,29.83333333333333,99.97666666666667,125.01,72.0,95.6,70.0,70.0,72.0,72.14999999999999,67.0,69.0,68.0,68.0,4106
2025-03-14 18:15:00,126.42333333333332,10.273333333333332,29.5,100.47333333333334,125.01,72.0,92.77,70.0,70.0,72.0,72.21666666666667,67.0,69.0,68.0,68.0,4107
2025-03-14 18:30:00,127.83666666666666,13.076666666666668,29.5,99.9,125.01,72.0,90.30666666666669,70.0,70.0,72.0,72.23666666666666,67.0,69.0,68.0,68.0,4108
2025-03-14 18:45:00,127.13,16.23,29.5,98.99,125.01,72.0,87.63333333333333,70.0,70.0,72.0,72.27333333333333,67.0,69.0,68.0,68.0,4109
2025-03-14 19:00:00,127.83666666666666,20.91,29.5,97.50333333333332,125.01,72.0,83.83666666666666,70.0,70.0,72.0,72.34666666666668,67.0,69.0,68.0,68.0,4110
2025-03-14 19:15:00,127.83666666666666,24.38,29.5,96.40333333333336,125.01,72.0,80.64333333333333,70.0,70.0,72.0,72.36666666666667,67.0,69.0,68.0,68.0,4111
2025-03-14 19:30:00,127.13,28.406666666666663,28.666666666666668,95.02333333333333,125.01,72.0,77.07666666666667,70.0,70.0,72.0,72.39,67.0,69.0,68.0,68.0,4112
2025-03-14 19:45:00,125.71666666666664,34.526666666666664,28.5,93.09333333333332,125.01,72.0,72.07000000000001,70.0,70.0,72.0,72.47333333333334,67.0,69.0,68.0,68.0,4113
2025-03-14 20:00:00,126.42333333333332,36.93,28.5,91.74666666666668,125.01,72.0,69.13666666666667,70.0,70.0,72.0,72.44666666666667,67.0,69.0,68.0,68.0,4114
2025-03-14 20:15:00,126.42333333333332,42.56666666666667,28.5,89.26333333333334,125.01,72.0,64.31,70.0,70.0,72.0,72.51333333333334,67.0,69.0,68.0,68.0,4115
2025-03-14 20:30:00,125.01,47.053333333333335,28.5,86.37666666666667,125.01,72.0,60.04333333333333,70.0,70.0,72.0,72.52,67.0,69.0,68.0,68.0,4116
2025-03-14 20:45:00,125.01333333333334,50.88,28.5,83.66666666666667,125.01,72.0,56.19333333333333,70.0,70.0,72.0,72.52,67.0,69.0,68.0,68.0,4117
2025-03-14 21:00:00,126.42333333333332,54.98333333333333,28.33333333333333,81.00666666666666,125.01,72.0,52.083333333333336,70.0,70.0,72.0,72.52,67.0,69.0,68.0,68.0,4118
2025-03-14 21:15:00,125.71666666666664,58.870000000000005,28.0,78.47,125.01,72.0,48.196666666666665,70.0,70.0,72.0,72.52,67.0,69.0,68.0,68.0,4119
2025-03-14 21:30:00,125.71666666666664,65.99,28.0,74.57,125.01,72.0,42.24,70.0,70.0,72.0,72.60666666666667,67.0,69.0,68.0,68.0,4120
2025-03-14 21:45:00,125.71666666666664,74.57333333333334,27.5,69.65666666666667,125.01,72.0,34.99666666666666,70.0,70.0,72.0,72.70333333333333,67.0,69.0,68.0,68.0,4121
2025-03-14 22:00:00,123.60333333333334,74.29333333333334,27.5,68.19,125.01,72.0,33.23666666666667,70.0,70.0,72.0,72.55666666666666,67.0,69.0,68.0,68.0,4122
2025-03-14 22:15:00,122.90000000000002,70.54333333333334,27.5,68.27,125.01,72.0,34.09,70.0,70.0,72.0,72.33666666666666,67.0,69.0,68.0,68.0,4123
2025-03-14 22:30:00,124.30666666666669,65.65333333333332,27.5,69.53666666666668,125.01,72.0,36.28,70.0,70.0,72.0,72.13,67.0,69.0,68.0,68.0,4124
2025-03-14 22:45:00,122.90000000000002,61.03666666666667,28.666666666666668,71.25,125.01,72.0,38.836666666666666,70.0,70.0,72.0,71.98333333333333,67.0,69.0,68.0,68.0,4125
2025-03-14 23:00:00,124.30666666666669,57.00666666666666,29.5,72.77,125.01,72.0,41.43,70.0,70.0,72.0,71.87333333333333,67.0,69.0,68.0,68.0,4126
2025-03-14 23:15:00,125.01,53.49,29.666666666666668,74.54,125.01,72.0,44.02666666666666,70.0,70.0,72.0,71.8,67.0,69.0,68.0,68.0,4127
2025-03-14 23:30:00,125.71666666666664,51.67,30.0,75.61,125.01,72.0,45.69,70.0,70.0,72.0,71.79333333333334,67.0,69.0,68.0,68.0,4128
2025-03-14 23:45:00,124.30666666666669,43.99,30.0,78.81,125.01,72.0,51.07,70.0,70.0,72.0,71.61333333333333,67.0,69.0,68.0,68.0,4129
2025-03-15 00:00:00,123.60333333333334,31.703333333333333,30.5,84.58333333333333,125.01,72.0,59.92333333333334,70.0,70.0,72.0,71.34666666666666,67.0,69.0,68.0,68.0,4130
2025-03-15 00:15:00,125.01333333333334,19.563333333333333,30.5,90.05,125.01,72.0,69.38666666666667,70.0,70.0,72.0,71.16333333333334,67.0,69.0,68.0,68.0,4131
2025-03-15 00:30:00,124.30666666666669,6.830000000000001,31.0,94.61,125.01,72.0,79.84333333333332,70.0,70.0,72.0,70.99333333333334,67.0,69.0,68.0,68.0,4132
2025-03-15 00:45:00,124.30666666666669,0.2433333333333333,31.33333333333333,98.02333333333333,125.01,72.0,88.33,70.0,70.0,72.0,70.94333333333334,67.0,69.0,68.0,68.0,4133
2025-03-15 01:00:00,125.71666666666664,0.0,31.5,99.46666666666664,125.01,72.0,96.55666666666669,70.0,70.0,72.0,70.93,67.0,69.0,68.0,68.0,4134
2025-03-15 01:15:00,125.71666666666664,0.0,32.0,99.27666666666666,127.13,72.0,100.0,70.0,70.0,72.0,70.94333333333334,67.0,69.0,68.0,68.0,4135
2025-03-15 01:30:00,125.71666666666664,0.0,32.0,99.20666666666666,127.13,72.0,100.0,70.0,70.0,72.0,70.95,67.0,69.0,68.0,68.0,4136
2025-03-15 01:45:00,125.71666666666664,0.0,32.0,99.38333333333333,127.13,72.0,100.0,70.0,70.0,72.0,71.01666666666667,67.0,69.0,68.0,68.0,4137
2025-03-15 02:00:00,125.01,0.0,32.0,99.0,127.13,72.0,100.0,70.0,70.0,72.0,71.08,67.0,69.0,68.0,68.0,4138
2025-03-15 02:15:00,125.71666666666664,0.0,32.0,99.06333333333332,127.13,72.0,100.0,70.0,70.0,72.0,71.1,67.0,69.0,68.0,68.0,4139
2025-03-15 02:30:00,124.30666666666669,0.0,32.0,99.17333333333332,127.13,72.0,100.0,70.0,70.0,72.0,71.17,67.0,69.0,68.0,68.0,4140
2025-03-15 02:45:00,125.01,0.0,32.0,99.12333333333332,127.13,72.0,100.0,70.0,70.0,72.0,71.23333333333333,67.0,69.0,68.0,68.0,4141
2025-03-15 03:00:00,127.13,0.0,32.0,99.20333333333332,127.13,72.0,100.0,70.0,70.0,72.0,71.24,67.0,69.0,68.0,68.0,4142
2025-03-15 03:15:00,126.42333333333332,0.0,32.0,99.13666666666666,127.13,72.0,100.0,70.0,70.0,72.0,71.33333333333333,67.0,69.0,68.0,68.0,4143
2025-03-15 03:30:00,125.71666666666664,0.0,32.166666666666664,99.41666666666669,127.13,72.0,100.0,70.0,70.0,72.0,71.37666666666667,67.0,69.0,68.0,68.0,4144
2025-03-15 03:45:00,124.30666666666669,0.0,32.5,99.33,127.13,72.0,100.0,70.0,70.0,72.0,71.38,67.0,69.0,68.0,68.0,4145
2025-03-15 04:00:00,125.01,0.0,32.666666666666664,99.51,127.13,72.0,100.0,70.0,70.0,72.0,71.42,67.0,69.0,68.0,68.0,4146
2025-03-15 04:15:00,127.13,0.0,33.0,99.31,127.13,72.0,100.0,70.0,70.0,72.0,71.49,67.0,69.0,68.0,68.0,4147
2025-03-15 04:30:00,125.71666666666664,0.0,33.0,99.40333333333336,127.13,72.0,100.0,70.0,70.0,72.0,71.51666666666667,67.0,69.0,68.0,68.0,4148
2025-03-15 04:45:00,126.42333333333332,0.0,33.0,99.39666666666666,127.13,72.0,100.0,70.0,70.0,72.0,71.51666666666667,67.0,69.0,68.0,68.0,4149
2025-03-15 05:00:00,125.01,0.0,33.0,99.62666666666668,127.13,72.0,100.0,70.0,70.0,72.0,71.53,67.0,69.0,68.0,68.0,4150
2025-03-15 05:15:00,125.71999999999998,0.0,33.0,99.75333333333332,127.13,72.0,100.0,70.0,70.0,72.0,71.55666666666667,67.0,69.0,68.0,68.0,4151
2025-03-15 05:30:00,125.01,0.0,33.333333333333336,99.77666666666666,127.13,72.0,100.0,70.0,70.0,72.0,71.57666666666667,67.0,69.0,68.0,68.0,4152
2025-03-15 05:45:00,125.01,0.0,33.833333333333336,99.84666666666664,127.13,72.0,100.0,70.0,70.0,72.0,71.60666666666667,67.0,69.0,68.0,68.0,4153
2025-03-15 06:00:00,125.01,0.0,35.333333333333336,100.20333333333332,127.13,72.0,100.0,70.0,70.0,72.0,71.63333333333334,67.0,69.0,68.0,68.0,4154
2025-03-15 06:15:00,125.71666666666664,0.0,37.16666666666666,100.61333333333334,127.13,72.0,100.0,70.0,70.0,72.0,71.63333333333334,67.0,69.0,68.0,68.0,4155
2025-03-15 06:30:00,129.25,0.0,32.333333333333336,104.35,127.13,72.0,100.0,70.0,70.0,72.0,71.73666666666666,67.0,69.0,68.0,68.0,4156
2025-03-15 06:45:00,125.71666666666664,0.41,30.666666666666668,105.25,126.42333333333332,72.0,99.75,70.0,70.0,72.0,71.95666666666666,67.0,69.0,68.0,68.0,4157
2025-03-15 07:00:00,127.13,3.986666666666667,30.33333333333333,105.57666666666668,125.01,72.0,97.42,70.0,70.0,72.0,72.09333333333333,67.0,69.0,68.0,68.0,4158
2025-03-15 07:15:00,126.42333333333332,9.13,30.0,105.52,125.01,72.0,93.81333333333332,70.0,70.0,72.0,72.20333333333333,67.0,69.0,68.0,68.0,4159
2025-03-15 07:30:00,126.42333333333332,11.606666666666667,30.0,105.46333333333332,125.01,72.0,91.62333333333332,70.0,70.0,72.0,72.23,67.0,69.0,68.0,68.0,4160
2025-03-15 07:45:00,125.71666666666664,14.65,30.0,104.87,125.01,72.0,89.04,70.0,70.0,72.0,72.26,67.0,69.0,68.0,68.0,4161
2025-03-15 08:00:00,126.42333333333332,18.933333333333334,30.0,103.18333333333334,125.01,72.0,85.57,70.0,70.0,72.0,72.32666666666667,67.0,69.0,68.0,68.0,4162
2025-03-15 08:15:00,125.01,22.313333333333333,30.0,101.54,125.01,72.0,82.41666666666667,70.0,70.0,72.0,72.35333333333334,67.0,69.0,68.0,68.0,4163
2025-03-15 08:30:00,123.60333333333334,17.746666666666666,36.0,98.46333333333332,125.01,72.0,84.29,70.0,70.0,72.0,72.14,67.0,69.0,68.0,68.0,4164
2025-03-15 08:45:00,125.01333333333334,13.173333333333334,38.0,98.88333333333333,125.01,72.0,86.8,70.0,70.0,72.0,71.97666666666667,67.0,69.0,68.0,68.0,4165
2025-03-15 09:00:00,125.01,10.336666666666666,38.333333333333336,99.84666666666664,125.01,72.0,88.63333333333333,70.0,70.0,72.0,71.91333333333334,67.0,69.0,68.0,68.0,4166
2025-03-15 09:15:00,125.01,5.743333333333333,38.833333333333336,101.31666666666666,125.01,72.0,91.79666666666668,70.0,70.0,72.0,71.8,67.0,69.0,68.0,68.0,4167
2025-03-15 09:30:00,125.01333333333334,4.363333333333333,39.0,101.47333333333334,125.01,72.0,93.18,70.0,70.0,72.0,71.8,67.0,69.0,68.0,68.0,4168
2025-03-15 09:45:00,127.13,2.94,38.5,101.11333333333334,125.01,72.0,94.58666666666666,70.0,70.0,72.0,71.8,67.0,69.0,68.0,68.0,4169
2025-03-15 10:00:00,127.13,1.4533333333333334,35.166666666666664,100.20666666666666,125.01,72.0,96.03,70.0,70.0,72.0,71.8,67.0,69.0,68.0,68.0,4170
2025-03-15 10:15:00,127.13,0.22,33.166666666666664,100.25,125.01,72.0,97.43333333333334,70.0,70.0,72.0,71.8,67.0,69.0,68.0,68.0,4171
2025-03-15 10:30:00,127.83666666666666,0.0,33.0,100.13666666666666,125.01,72.0,98.79666666666668,70.0,70.0,72.0,71.8,67.0,69.0,68.0,68.0,4172
2025-03-15 10:45:00,125.71666666666664,0.0,33.0,100.69333333333331,126.42333333333332,72.0,99.9,70.0,70.0,72.0,71.8,67.0,69.0,68.0,68.0,4173
2025-03-15 11:00:00,126.42333333333332,0.0,33.0,100.51333333333332,127.13,72.0,100.0,70.0,70.0,72.0,71.8,67.0,69.0,68.0,68.0,4174
2025-03-15 11:15:00,125.01,0.0,33.0,100.43666666666668,127.13,72.0,100.0,70.0,70.0,72.0,71.80666666666666,67.0,69.0,68.0,68.0,4175
2025-03-15 11:30:00,125.71666666666664,0.0,34.166666666666664,100.03000000000002,127.13,72.0,100.0,70.0,70.0,72.0,71.80666666666666,67.0,69.0,68.0,68.0,4176
2025-03-15 11:45:00,126.42333333333332,0.0,34.666666666666664,99.63666666666666,127.13,72.0,100.0,70.0,70.0,72.0,71.8,67.0,69.0,68.0,68.0,4177
2025-03-15 12:00:00,127.13,0.0,34.5,99.87,127.13,72.0,100.0,70.0,70.0,72.0,71.78,67.0,69.0,68.0,68.0,4178
2025-03-15 12:15:00,126.42333333333332,0.0,34.0,100.00333333333332,127.13,72.0,100.0,70.0,70.0,72.0,71.72666666666667,67.0,69.0,68.0,68.0,4179
2025-03-15 12:30:00,127.13,0.0,33.833333333333336,100.29666666666668,127.13,72.0,100.0,70.0,70.0,72.0,71.71666666666665,67.0,69.0,68.0,68.0,4180
2025-03-15 12:45:00,127.13,0.0,33.5,100.07,127.13,72.0,100.0,70.0,70.0,72.0,71.69666666666666,67.0,69.0,68.0,68.0,4181
2025-03-15 13:00:00,127.13,0.0,33.166666666666664,100.30666666666666,127.13,72.0,100.0,70.0,70.0,72.0,71.65666666666668,67.0,69.0,68.0,68.0,4182
2025-03-15 13:15:00,126.42333333333332,0.0,33.0,100.44666666666666,127.13,72.0,100.0,70.0,70.0,72.0,71.73666666666666,67.0,69.0,68.0,68.0,4183
2025-03-15 13:30:00,127.13,0.0,33.0,100.58666666666666,127.13,72.0,100.0,70.0,70.0,72.0,71.78666666666668,67.0,69.0,68.0,68.0,4184
2025-03-15 13:45:00,127.13,0.0,33.0,100.61666666666667,127.13,72.0,100.0,70.0,70.0,72.0,71.80666666666666,67.0,69.0,68.0,68.0,4185
2025-03-15 14:00:00,127.83666666666666,0.0,33.0,100.61,127.13,72.0,100.0,70.0,70.0,72.0,71.91000000000001,67.0,69.0,68.0,68.0,4186
2025-03-15 14:15:00,126.42333333333332,0.0,33.0,100.80666666666669,127.13,72.0,100.0,70.0,70.0,72.0,71.93333333333334,67.0,69.0,68.0,68.0,4187
2025-03-15 14:30:00,127.13,1.9633333333333336,32.5,100.43666666666668,125.01,72.0,98.76,70.0,70.0,72.0,72.05,67.0,69.0,68.0,68.0,4188
2025-03-15 14:45:00,127.83666666666666,4.68,32.5,100.49666666666668,125.01,72.0,96.87,70.0,70.0,72.0,72.10000000000001,67.0,69.0,68.0,68.0,4189
2025-03-15 15:00:00,127.13,8.92,32.5,100.73,125.01,72.0,93.82,70.0,70.0,72.0,72.19,67.0,69.0,68.0,68.0,4190
2025-03-15 15:15:00,127.13,11.78,32.0,100.39333333333332,125.01,72.0,91.42666666666668,70.0,70.0,72.0,72.22333333333334,67.0,69.0,68.0,68.0,4191
2025-03-15 15:30:00,126.42333333333332,14.016666666666666,32.0,99.58333333333331,125.01,72.0,89.33333333333333,70.0,70.0,72.0,72.24333333333334,67.0,69.0,68.0,68.0,4192
2025-03-15 15:45:00,126.42333333333332,15.443333333333332,32.0,99.01,125.01,72.0,87.75333333333333,70.0,70.0,72.0,72.23,67.0,69.0,68.0,68.0,4193
2025-03-15 16:00:00,124.30666666666669,16.97,32.0,98.49333333333334,125.01,72.0,86.13,70.0,70.0,72.0,72.21,67.0,69.0,68.0,68.0,4194
2025-03-15 16:15:00,123.60333333333334,17.7,33.666666666666664,98.25333333333332,125.01,72.0,85.02666666666666,70.0,70.0,72.0,72.18333333333334,67.0,69.0,68.0,68.0,4195
2025-03-15 16:30:00,125.71666666666664,15.06,34.666666666666664,98.65,125.01,72.0,86.19333333333333,70.0,70.0,72.0,72.08333333333333,67.0,69.0,68.0,68.0,4196
2025-03-15 16:45:00,124.31,14.35,38.0,98.87666666666668,125.01,72.0,86.38666666666667,70.0,70.0,72.0,72.04,67.0,69.0,68.0,68.0,4197
2025-03-15 17:00:00,125.71666666666664,10.76,37.5,99.13333333333333,125.01,72.0,88.56,70.0,70.0,72.0,71.92666666666666,67.0,69.0,68.0,68.0,4198
2025-03-15 17:15:00,125.71666666666664,8.74,37.0,100.10666666666668,125.01,72.0,89.98666666666666,70.0,70.0,72.0,71.89999999999999,67.0,69.0,68.0,68.0,4199
2025-03-15 17:30:00,123.6,4.69,38.5,100.95,125.01,72.0,92.86333333333332,70.0,70.0,72.0,71.8,67.0,69.0,68.0,68.0,4200
2025-03-15 17:45:00,125.71999999999998,3.15,39.333333333333336,100.63,125.01,72.0,94.32666666666668,70.0,70.0,72.0,71.8,67.0,69.0,68.0,68.0,4201
2025-03-15 18:00:00,125.71666666666664,0.5133333333333333,39.333333333333336,100.92666666666666,125.01,72.0,96.53000000000002,70.0,70.0,72.0,71.76,67.0,69.0,68.0,68.0,4202
2025-03-15 18:15:00,127.83666666666666,0.0,35.833333333333336,103.35666666666668,125.01,72.0,97.63666666666666,70.0,70.0,72.0,71.79333333333334,67.0,69.0,68.0,68.0,4203
2025-03-15 18:30:00,127.83666666666666,3.0933333333333333,33.5,103.75333333333332,125.01,72.0,96.02,70.0,70.0,72.0,71.91666666666667,67.0,69.0,68.0,68.0,4204
2025-03-15 18:45:00,127.13,4.573333333333333,32.666666666666664,104.25666666666666,125.01,72.0,95.27,70.0,70.0,72.0,71.97666666666667,67.0,69.0,68.0,68.0,4205
2025-03-15 19:00:00,126.42333333333332,8.426666666666668,32.0,104.66,125.01,72.0,92.79,70.0,70.0,72.0,72.08333333333333,67.0,69.0,68.0,68.0,4206
2025-03-15 19:15:00,127.13,10.023333333333332,32.0,104.67666666666666,125.01,72.0,91.54333333333334,70.0,70.0,72.0,72.10666666666667,67.0,69.0,68.0,68.0,4207
2025-03-15 19:30:00,126.42333333333332,14.273333333333332,31.5,103.62,125.01,72.0,88.46666666666665,70.0,70.0,72.0,72.19333333333333,67.0,69.0,68.0,68.0,4208
2025-03-15 19:45:00,125.71666666666664,17.043333333333333,31.5,103.10666666666668,125.01,72.0,86.14333333333333,70.0,70.0,72.0,72.23,67.0,69.0,68.0,68.0,4209
2025-03-15 20:00:00,125.01,18.946666666666665,31.5,102.15666666666668,125.01,72.0,84.28,70.0,70.0,72.0,72.23,67.0,69.0,68.0,68.0,4210
2025-03-15 20:15:00,125.71666666666664,20.75333333333333,31.5,101.67666666666666,125.01,72.0,82.45333333333333,70.0,70.0,72.0,72.23,67.0,69.0,68.0,68.0,4211
2025-03-15 20:30:00,125.01,22.05666666666667,31.166666666666668,101.01333333333334,125.01,72.0,80.94333333333333,70.0,70.0,72.0,72.21,67.0,69.0,68.0,68.0,4212
2025-03-15 20:45:00,125.71666666666664,19.83666666666667,31.0,101.43666666666668,125.01,72.0,81.75,70.0,70.0,72.0,72.11333333333333,67.0,69.0,68.0,68.0,4213
2025-03-15 21:00:00,125.01,17.596666666666668,31.0,101.81,125.01,72.0,82.87333333333333,70.0,70.0,72.0,72.02,67.0,69.0,68.0,68.0,4214
2025-03-15 21:15:00,125.71666666666664,15.603333333333332,31.0,102.36333333333334,125.01,72.0,84.05666666666667,70.0,70.0,72.0,71.96,67.0,69.0,68.0,68.0,4215
2025-03-15 21:30:00,125.01,14.166666666666666,31.0,102.95666666666666,125.01,72.0,85.05333333333334,70.0,70.0,72.0,71.92666666666666,67.0,69.0,68.0,68.0,4216
2025-03-15 21:45:00,125.01,10.406666666666666,31.0,103.59666666666668,125.01,72.0,87.58666666666666,70.0,70.0,72.0,71.83,67.0,69.0,68.0,68.0,4217
2025-03-15 22:00:00,125.01333333333334,7.739999999999999,32.5,104.44333333333331,125.01,72.0,89.71666666666665,70.0,70.0,72.0,71.8,67.0,69.0,68.0,68.0,4218
2025-03-15 22:15:00,125.71666666666664,4.796666666666667,33.0,104.96,125.01,72.0,92.09333333333332,70.0,70.0,72.0,71.75666666666667,67.0,69.0,68.0,68.0,4219
2025-03-15 22:30:00,124.30666666666669,0.2299999999999999,33.0,105.11,125.01,72.0,96.02666666666666,70.0,70.0,72.0,71.66333333333334,67.0,69.0,68.0,68.0,4220
2025-03-15 22:45:00,125.01,0.0,33.0,104.77333333333333,125.01,72.0,98.60333333333334,70.0,70.0,72.0,71.65,67.0,69.0,68.0,68.0,4221
2025-03-15 23:00:00,125.01,0.0,33.333333333333336,105.19333333333334,127.13,72.0,100.0,70.0,70.0,72.0,71.64666666666666,67.0,69.0,68.0,68.0,4222
2025-03-15 23:15:00,125.71666666666664,0.0,33.5,104.95333333333332,127.13,72.0,100.0,70.0,70.0,72.0,71.65,67.0,69.0,68.0,68.0,4223
2025-03-15 23:30:00,125.71999999999998,0.0,33.5,104.97333333333334,127.13,72.0,100.0,70.0,70.0,72.0,71.65666666666668,67.0,69.0,68.0,68.0,4224
2025-03-15 23:45:00,126.42333333333332,0.0,33.5,104.83333333333331,127.13,72.0,100.0,70.0,70.0,72.0,71.71333333333332,67.0,69.0,68.0,68.0,4225
2025-03-16 00:00:00,126.42333333333332,0.0,33.5,104.88666666666666,127.13,72.0,100.0,70.0,70.0,72.0,71.77333333333333,67.0,69.0,68.0,68.0,4226
2025-03-16 00:15:00,125.01,0.0,33.5,104.99666666666668,127.13,72.0,100.0,70.0,70.0,72.0,71.77333333333333,67.0,69.0,68.0,68.0,4227
2025-03-16 00:30:00,125.01,0.0,33.833333333333336,105.09,127.13,72.0,100.0,70.0,70.0,72.0,71.78,67.0,69.0,68.0,68.0,4228
2025-03-16 00:45:00,124.30666666666669,0.0,35.166666666666664,105.53666666666668,127.13,72.0,100.0,70.0,70.0,72.0,71.78666666666668,67.0,69.0,68.0,68.0,4229
2025-03-16 01:00:00,125.01333333333334,0.0,37.833333333333336,105.99666666666668,127.13,72.0,100.0,70.0,70.0,72.0,71.8,67.0,69.0,68.0,68.0,4230
2025-03-16 01:15:00,125.01,0.0,38.0,105.655,127.13,72.0,100.0,70.0,70.0,72.0,71.8,67.0,69.0,68.0,68.0,4231
2025-03-16 01:30:00,125.01333333333334,0.0,38.833333333333336,105.93,127.13,72.0,100.0,70.0,70.0,72.0,71.8,67.0,69.0,68.0,68.0,4232
2025-03-16 01:45:00,126.42333333333332,0.0,39.0,105.55333333333331,127.13,72.0,100.0,70.0,70.0,72.0,71.8,67.0,69.0,68.0,68.0,4233
2025-03-16 02:00:00,125.71666666666664,0.0,39.0,105.69666666666669,127.13,72.0,100.0,70.0,70.0,72.0,71.8,67.0,69.0,68.0,68.0,4234
2025-03-16 02:15:00,125.71666666666664,0.0,39.0,105.86666666666667,127.13,72.0,100.0,70.0,70.0,72.0,71.8,67.0,69.0,68.0,68.0,4235
2025-03-16 02:30:00,125.71666666666664,0.0,39.0,106.04666666666668,127.13,72.0,100.0,70.0,70.0,72.0,71.80666666666666,67.0,69.0,68.0,68.0,4236
2025-03-16 02:45:00,125.71666666666664,0.0,39.0,106.06333333333332,127.13,72.0,100.0,70.0,70.0,72.0,71.81333333333333,67.0,69.0,68.0,68.0,4237
2025-03-16 03:00:00,125.71666666666664,0.0,39.0,106.12333333333332,127.13,72.0,100.0,70.0,70.0,72.0,71.87333333333333,67.0,69.0,68.0,68.0,4238
2025-03-16 03:15:00,125.71666666666664,0.0,39.0,105.95666666666666,127.13,72.0,100.0,70.0,70.0,72.0,71.90333333333332,67.0,69.0,68.0,68.0,4239
2025-03-16 03:30:00,126.42333333333332,0.0,39.0,106.19666666666669,127.13,72.0,100.0,70.0,70.0,72.0,71.89666666666666,67.0,69.0,68.0,68.0,4240
2025-03-16 03:45:00,125.71666666666664,0.0,39.0,106.15333333333332,127.13,72.0,100.0,70.0,70.0,72.0,71.90333333333332,67.0,69.0,68.0,68.0,4241
2025-03-16 04:00:00,127.13,0.0,38.66666666666666,106.07,127.13,72.0,100.0,70.0,70.0,72.0,71.89666666666666,67.0,69.0,68.0,68.0,4242
2025-03-16 04:15:00,126.42333333333332,0.0,38.5,106.16666666666669,127.13,72.0,100.0,70.0,70.0,72.0,71.91,67.0,69.0,68.0,68.0,4243
2025-03-16 04:30:00,127.13,0.0,38.5,106.17666666666666,127.13,72.0,100.0,70.0,70.0,72.0,71.91333333333334,67.0,69.0,68.0,68.0,4244
2025-03-16 04:45:00,125.01,0.0,38.833333333333336,106.24333333333334,127.13,72.0,100.0,70.0,70.0,72.0,71.92,67.0,69.0,68.0,68.0,4245
2025-03-16 05:00:00,127.13,0.0,39.5,106.07,127.13,72.0,100.0,70.0,70.0,72.0,71.91333333333334,67.0,69.0,68.0,68.0,4246
2025-03-16 05:15:00,127.83666666666666,0.0,39.0,106.18333333333332,127.13,72.0,100.0,70.0,70.0,72.0,71.92,67.0,69.0,68.0,68.0,4247
2025-03-16 05:30:00,127.13,0.0,37.66666666666666,106.20666666666666,127.13,72.0,100.0,70.0,70.0,72.0,71.93333333333334,67.0,69.0,68.0,68.0,4248
2025-03-16 05:45:00,125.71666666666664,0.0,37.5,106.77666666666669,127.13,72.0,100.0,70.0,70.0,72.0,71.93333333333334,67.0,69.0,68.0,68.0,4249
2025-03-16 06:00:00,126.42333333333332,0.0,38.0,106.8,127.13,72.0,100.0,70.0,70.0,72.0,71.94,67.0,69.0,68.0,68.0,4250
2025-03-16 06:15:00,127.13,0.0,38.0,106.65000000000002,127.13,72.0,100.0,70.0,70.0,72.0,71.94,67.0,69.0,68.0,68.0,4251
2025-03-16 06:30:00,125.71999999999998,0.0,38.0,106.72,127.13,72.0,100.0,70.0,70.0,72.0,71.94,67.0,69.0,68.0,68.0,4252
2025-03-16 06:45:00,127.83666666666666,0.0,39.5,107.06,127.13,72.0,100.0,70.0,70.0,72.0,71.95333333333333,67.0,69.0,68.0,68.0,4253
2025-03-16 07:00:00,125.72,0.1333333333333333,37.833333333333336,106.70333333333332,125.71666666666664,72.0,99.91,70.0,70.0,72.0,71.98666666666666,67.0,69.0,68.0,68.0,4254
2025-03-16 07:15:00,125.71666666666664,0.6566666666666666,37.5,106.72666666666667,125.01,72.0,99.56333333333332,70.0,70.0,72.0,72.0,67.0,69.0,68.0,68.0,4255
2025-03-16 07:30:00,127.13,1.7666666666666668,38.0,107.02666666666666,125.01,72.0,98.83333333333331,70.0,70.0,72.0,72.03333333333333,67.0,69.0,68.0,68.0,4256
2025-03-16 07:45:00,125.71666666666664,2.6566666666666667,37.5,107.22666666666667,125.01,72.0,98.12666666666668,70.0,70.0,72.0,72.05,67.0,69.0,68.0,68.0,4257
2025-03-16 08:00:00,125.71999999999998,2.93,38.66666666666666,107.55333333333331,125.01,72.0,97.81,70.0,70.0,72.0,72.04333333333334,67.0,69.0,68.0,68.0,4258
2025-03-16 08:15:00,126.42333333333332,3.6533333333333338,38.16666666666666,107.36,125.01,72.0,97.17333333333332,70.0,70.0,72.0,72.05,67.0,69.0,68.0,68.0,4259
2025-03-16 08:30:00,127.13,3.653333333333333,37.66666666666666,107.12,125.01,72.0,97.00666666666666,70.0,70.0,72.0,72.03666666666668,67.0,69.0,68.0,68.0,4260
2025-03-16 08:45:00,127.13,1.41,37.5,106.83666666666666,125.01,72.0,98.31,70.0,70.0,72.0,71.97,67.0,69.0,68.0,68.0,4261
2025-03-16 09:00:00,124.30666666666669,0.3633333333333333,38.0,107.26,125.01,72.0,99.05666666666669,70.0,70.0,72.0,71.94,67.0,69.0,68.0,68.0,4262
2025-03-16 09:15:00,127.13,0.0033333333333333,38.0,106.83333333333331,125.01,72.0,99.54333333333334,70.0,70.0,72.0,71.94,67.0,69.0,68.0,68.0,4263
2025-03-16 09:30:00,127.83666666666666,0.0,37.5,106.68,126.42333333333332,72.0,99.99,70.0,70.0,72.0,71.92,67.0,69.0,68.0,68.0,4264
2025-03-16 09:45:00,126.42333333333332,0.0,37.333333333333336,106.48666666666666,127.13,72.0,100.0,70.0,70.0,72.0,71.91666666666667,67.0,69.0,68.0,68.0,4265
2025-03-16 10:00:00,125.01,0.0,38.16666666666666,106.88666666666666,127.13,72.0,100.0,70.0,70.0,72.0,71.86333333333333,67.0,69.0,68.0,68.0,4266
2025-03-16 10:15:00,123.60333333333334,0.0,38.5,106.70666666666666,127.13,72.0,100.0,70.0,70.0,72.0,71.80666666666666,67.0,69.0,68.0,68.0,4267
2025-03-16 10:30:00,125.71666666666664,0.0,39.0,106.40333333333336,127.13,72.0,100.0,70.0,70.0,72.0,71.80666666666666,67.0,69.0,68.0,68.0,4268
2025-03-16 10:45:00,126.42666666666668,0.0,38.333333333333336,106.02,127.13,72.0,100.0,70.0,70.0,72.0,71.8,67.0,69.0,68.0,68.0,4269
2025-03-16 11:00:00,127.13,0.0,38.333333333333336,105.78333333333336,127.13,72.0,100.0,70.0,70.0,72.0,71.8,67.0,69.0,68.0,68.0,4270
2025-03-16 11:15:00,126.42333333333332,0.0,37.16666666666666,105.41666666666669,127.13,72.0,100.0,70.0,70.0,72.0,71.8,67.0,69.0,68.0,68.0,4271
2025-03-16 11:30:00,125.01,0.0,37.0,105.81666666666666,127.13,72.0,100.0,70.0,70.0,72.0,71.78666666666668,67.0,69.0,68.0,68.0,4272
2025-03-16 11:45:00,125.72,0.0,38.333333333333336,105.17,127.13,72.0,100.0,70.0,70.0,72.0,71.77333333333333,67.0,69.0,68.0,68.0,4273
2025-03-16 12:00:00,125.01333333333334,0.0,38.5,104.91666666666669,127.13,72.0,100.0,70.0,70.0,72.0,71.76666666666667,67.0,69.0,68.0,68.0,4274
2025-03-16 12:15:00,127.13,0.0,36.833333333333336,104.08,127.13,72.0,100.0,70.0,70.0,72.0,71.67666666666666,67.0,69.0,68.0,68.0,4275
2025-03-16 12:30:00,126.42333333333332,0.0,36.5,103.94333333333331,127.13,72.0,100.0,70.0,70.0,72.0,71.66333333333334,67.0,69.0,68.0,68.0,4276
2025-03-16 12:45:00,125.71666666666664,0.0,36.5,104.19333333333334,127.13,72.0,100.0,70.0,70.0,72.0,71.68333333333334,67.0,69.0,68.0,68.0,4277
2025-03-16 13:00:00,125.01,0.0,38.0,103.49,127.13,72.0,100.0,70.0,70.0,72.0,71.66333333333334,67.0,69.0,68.0,68.0,4278
2025-03-16 13:15:00,127.83666666666666,0.0,37.333333333333336,102.80666666666669,127.13,72.0,100.0,70.0,70.0,72.0,71.71,67.0,69.0,68.0,68.0,4279
2025-03-16 13:30:00,127.83666666666666,0.0,36.0,102.79,127.13,72.0,100.0,70.0,70.0,72.0,71.77333333333333,67.0,69.0,68.0,68.0,4280
2025-03-16 13:45:00,126.42666666666666,0.0,37.0,103.47333333333331,127.13,72.0,100.0,70.0,70.0,72.0,71.78666666666668,67.0,69.0,68.0,68.0,4281
2025-03-16 14:00:00,128.54333333333332,0.0,35.833333333333336,102.88,127.13,72.0,100.0,70.0,70.0,72.0,71.78,67.0,69.0,68.0,68.0,4282
2025-03-16 14:15:00,127.83666666666666,0.0,35.333333333333336,103.10666666666668,127.13,72.0,100.0,70.0,70.0,72.0,71.79333333333334,67.0,69.0,68.0,68.0,4283
2025-03-16 14:30:00,127.83666666666666,0.0,36.0,103.02,127.13,72.0,100.0,70.0,70.0,72.0,71.8,67.0,69.0,68.0,68.0,4284
2025-03-16 14:45:00,127.13,0.0,35.0,103.36,127.13,72.0,100.0,70.0,70.0,72.0,71.8,67.0,69.0,68.0,68.0,4285
2025-03-16 15:00:00,126.42333333333332,0.0,35.5,103.87666666666668,127.13,72.0,100.0,70.0,70.0,72.0,71.8,67.0,69.0,68.0,68.0,4286
2025-03-16 15:15:00,126.42333333333332,0.0,34.166666666666664,103.63333333333333,127.13,72.0,100.0,70.0,70.0,72.0,71.89,67.0,69.0,68.0,68.0,4287
2025-03-16 15:30:00,128.54333333333332,0.0,35.333333333333336,103.36666666666667,127.13,72.0,100.0,70.0,70.0,72.0,71.89,67.0,69.0,68.0,68.0,4288
2025-03-16 15:45:00,128.54333333333332,0.0,34.666666666666664,102.63333333333333,127.13,72.0,100.0,70.0,70.0,72.0,71.90666666666667,67.0,69.0,68.0,68.0,4289
2025-03-16 16:00:00,126.42333333333332,0.0,34.166666666666664,102.41333333333334,127.13,72.0,100.0,70.0,70.0,72.0,71.80666666666666,67.0,69.0,68.0,68.0,4290
2025-03-16 16:15:00,124.30666666666669,0.0,35.0,102.77,127.13,72.0,100.0,70.0,70.0,72.0,71.75666666666666,67.0,69.0,68.0,68.0,4291
2025-03-16 16:30:00,127.13333333333333,0.0,36.0,101.93333333333334,127.13,72.0,100.0,70.0,70.0,72.0,71.65,67.0,69.0,68.0,68.0,4292
2025-03-16 16:45:00,128.54333333333332,0.0,32.166666666666664,107.13333333333333,127.13,72.0,100.0,70.0,70.0,72.0,71.64666666666666,67.0,69.0,68.0,68.0,4293
2025-03-16 17:00:00,127.13,0.0,29.83333333333333,109.62333333333332,127.13,72.0,100.0,70.0,70.0,72.0,71.77666666666666,67.0,69.0,68.0,68.0,4294
2025-03-16 17:15:00,127.13,0.0,29.0,109.69333333333331,127.13,72.0,100.0,70.0,70.0,72.0,71.85666666666667,67.0,69.0,68.0,68.0,4295
2025-03-16 17:30:00,125.71999999999998,0.0,29.0,110.12,127.13,72.0,100.0,70.0,70.0,72.0,71.81333333333333,67.0,69.0,68.0,68.0,4296
2025-03-16 17:45:00,124.30666666666669,0.0,29.0,110.11333333333334,127.13,72.0,100.0,70.0,70.0,72.0,71.80666666666666,67.0,69.0,68.0,68.0,4297
2025-03-16 18:00:00,125.01,0.0,30.33333333333333,110.46666666666664,127.13,72.0,100.0,70.0,70.0,72.0,71.82,67.0,69.0,68.0,68.0,4298
2025-03-16 18:15:00,124.30666666666669,0.0,31.33333333333333,110.71333333333332,127.13,72.0,100.0,70.0,70.0,72.0,71.81333333333333,67.0,69.0,68.0,68.0,4299
2025-03-16 18:30:00,125.71666666666664,0.0,32.166666666666664,110.91,127.13,72.0,100.0,70.0,70.0,72.0,71.85333333333334,67.0,69.0,68.0,68.0,4300
2025-03-16 18:45:00,125.01333333333334,0.0,32.833333333333336,110.84333333333332,127.13,72.0,100.0,70.0,70.0,72.0,71.90333333333332,67.0,69.0,68.0,68.0,4301
2025-03-16 19:00:00,124.30666666666669,0.0,34.333333333333336,110.72666666666667,127.13,72.0,100.0,70.0,70.0,72.0,71.89666666666666,67.0,69.0,68.0,68.0,4302
2025-03-16 19:15:00,126.42333333333332,0.0,33.166666666666664,110.30333333333334,127.13,72.0,100.0,70.0,70.0,72.0,71.90333333333332,67.0,69.0,68.0,68.0,4303
2025-03-16 19:30:00,126.42333333333332,0.0,32.666666666666664,110.6,127.13,72.0,100.0,70.0,70.0,72.0,71.91333333333334,67.0,69.0,68.0,68.0,4304
2025-03-16 19:45:00,127.13,0.0,33.666666666666664,110.84,127.13,72.0,100.0,70.0,70.0,72.0,71.91666666666667,67.0,69.0,68.0,68.0,4305
2025-03-16 20:00:00,127.83666666666666,0.0,33.5,110.86333333333332,127.13,72.0,100.0,70.0,70.0,72.0,71.93333333333334,67.0,69.0,68.0,68.0,4306
2025-03-16 20:15:00,127.83666666666666,0.7799999999999999,32.5,110.78000000000002,125.71666666666664,72.0,99.51666666666668,70.0,70.0,72.0,71.99666666666667,67.0,69.0,68.0,68.0,4307
2025-03-16 20:30:00,127.83666666666666,2.5466666666666664,31.5,110.73333333333332,125.01,72.0,98.30666666666666,70.0,70.0,72.0,72.05666666666666,67.0,69.0,68.0,68.0,4308
2025-03-16 20:45:00,125.71666666666664,3.0666666666666664,31.5,110.68666666666668,125.01,72.0,97.79333333333334,70.0,70.0,72.0,72.05,67.0,69.0,68.0,68.0,4309
2025-03-16 21:00:00,128.54333333333332,0.8433333333333333,33.666666666666664,110.63666666666666,125.01,72.0,99.08,70.0,70.0,72.0,71.97,67.0,69.0,68.0,68.0,4310
2025-03-16 21:15:00,127.13,0.0,32.166666666666664,109.62,126.42333333333332,72.0,99.96333333333332,70.0,70.0,72.0,71.93333333333334,67.0,69.0,68.0,68.0,4311
2025-03-16 21:30:00,126.42333333333332,0.0,31.5,109.82666666666668,127.13,72.0,100.0,70.0,70.0,72.0,71.89,67.0,69.0,68.0,68.0,4312
2025-03-16 21:45:00,126.42333333333332,0.0,33.5,109.89333333333332,127.13,72.0,100.0,70.0,70.0,72.0,71.79333333333334,67.0,69.0,68.0,68.0,4313
2025-03-16 22:00:00,126.42333333333332,0.0,32.833333333333336,109.79333333333334,127.13,72.0,100.0,70.0,70.0,72.0,71.72000000000001,67.0,69.0,68.0,68.0,4314
2025-03-16 22:15:00,127.83666666666666,0.0,33.0,109.22666666666667,127.13,72.0,100.0,70.0,70.0,72.0,71.66333333333334,67.0,69.0,68.0,68.0,4315
2025-03-16 22:30:00,126.42333333333332,0.0,32.0,109.28666666666668,127.13,72.0,100.0,70.0,70.0,72.0,71.64666666666666,67.0,69.0,68.0,68.0,4316
2025-03-16 22:45:00,127.13,0.0,33.5,109.64666666666666,127.13,72.0,100.0,70.0,70.0,72.0,71.53666666666668,67.0,69.0,68.0,68.0,4317
2025-03-16 23:00:00,127.83666666666666,0.0,33.0,109.26,127.13,72.0,100.0,70.0,70.0,72.0,71.52333333333333,67.0,69.0,68.0,68.0,4318
2025-03-16 23:15:00,127.13,0.0,32.5,109.3,127.13,72.0,100.0,70.0,70.0,72.0,71.51666666666667,67.0,69.0,68.0,68.0,4319
2025-03-16 23:30:00,127.13,0.0,33.166666666666664,108.91,127.13,72.0,100.0,70.0,70.0,72.0,71.47333333333333,67.0,69.0,68.0,68.0,4320
2025-03-16 23:45:00,125.71999999999998,0.0,34.666666666666664,109.13666666666666,127.13,72.0,100.0,70.0,70.0,72.0,71.48333333333333,67.0,69.0,68.0,68.0,4321
2025-03-17 00:00:00,127.83666666666666,0.0,33.5,108.68666666666668,127.13,72.0,100.0,70.0,70.0,72.0,71.49,67.0,69.0,68.0,68.0,4322
2025-03-17 00:15:00,127.13,0.0,33.0,108.92,127.13,72.0,100.0,70.0,70.0,72.0,71.49666666666667,67.0,69.0,68.0,68.0,4323
2025-03-17 00:30:00,127.13,0.0,32.833333333333336,108.85333333333334,127.13,72.0,100.0,70.0,70.0,72.0,71.46666666666665,67.0,69.0,68.0,68.0,4324
2025-03-17 00:45:00,127.83666666666666,0.0,33.666666666666664,108.86333333333334,127.13,72.0,100.0,70.0,70.0,72.0,71.47666666666667,67.0,69.0,68.0,68.0,4325
2025-03-17 01:00:00,127.13,0.0,32.833333333333336,108.67,127.13,72.0,100.0,70.0,70.0,72.0,71.45333333333333,67.0,69.0,68.0,68.0,4326
2025-03-17 01:15:00,125.71999999999998,0.0,32.666666666666664,108.26,127.13,72.0,100.0,70.0,70.0,72.0,71.40666666666667,67.0,69.0,68.0,68.0,4327
2025-03-17 01:30:00,127.83666666666666,0.0,33.333333333333336,108.52666666666666,127.13,72.0,100.0,70.0,70.0,72.0,71.38,67.0,69.0,68.0,68.0,4328
2025-03-17 01:45:00,126.42333333333332,0.0,32.666666666666664,108.19666666666669,127.13,72.0,100.0,70.0,70.0,72.0,71.38,67.0,69.0,68.0,68.0,4329
2025-03-17 02:00:00,127.13,0.0,32.0,108.2,127.13,72.0,100.0,70.0,70.0,72.0,71.37666666666667,67.0,69.0,68.0,68.0,4330
2025-03-17 02:15:00,122.18666666666668,0.0,33.0,108.66,127.13,72.0,100.0,70.0,70.0,72.0,71.38,67.0,69.0,68.0,68.0,4331
2025-03-17 02:30:00,125.71666666666664,0.0,32.666666666666664,108.48333333333332,127.13,72.0,100.0,70.0,70.0,72.0,71.38,67.0,69.0,68.0,68.0,4332
2025-03-17 02:45:00,127.83666666666666,0.0,32.0,108.29,127.13,72.0,100.0,70.0,70.0,72.0,71.42666666666666,67.0,69.0,68.0,68.0,4333
2025-03-17 03:00:00,126.42666666666666,0.0,33.333333333333336,108.44,127.13,72.0,100.0,70.0,70.0,72.0,71.49666666666667,67.0,69.0,68.0,68.0,4334
2025-03-17 03:15:00,128.54333333333332,0.0,32.5,107.76333333333334,127.13,72.0,100.0,70.0,70.0,72.0,71.50333333333333,67.0,69.0,68.0,68.0,4335
2025-03-17 03:30:00,126.42333333333332,0.0,32.5,107.92666666666666,127.13,72.0,100.0,70.0,70.0,72.0,71.49666666666667,67.0,69.0,68.0,68.0,4336
2025-03-17 03:45:00,126.42333333333332,0.0,33.5,107.99,127.13,72.0,100.0,70.0,70.0,72.0,71.51,67.0,69.0,68.0,68.0,4337
2025-03-17 04:00:00,128.54333333333332,0.0,32.5,107.76666666666668,127.13,72.0,100.0,70.0,70.0,72.0,71.50333333333333,67.0,69.0,68.0,68.0,4338
2025-03-17 04:15:00,126.42333333333332,0.0,32.166666666666664,107.70333333333332,127.13,72.0,100.0,70.0,70.0,72.0,71.50333333333333,67.0,69.0,68.0,68.0,4339
2025-03-17 04:30:00,129.25,0.0,34.0,107.76333333333332,127.13,72.0,100.0,70.0,70.0,72.0,71.51,67.0,69.0,68.0,68.0,4340
2025-03-17 04:45:00,126.42333333333332,0.0,32.333333333333336,107.59333333333332,127.13,72.0,100.0,70.0,70.0,72.0,71.49,67.0,69.0,68.0,68.0,4341
2025-03-17 05:00:00,126.42333333333332,0.0,32.0,107.74,127.13,72.0,100.0,70.0,70.0,72.0,71.49,67.0,69.0,68.0,68.0,4342
2025-03-17 05:15:00,124.30666666666669,0.0,32.166666666666664,107.90333333333336,127.13,72.0,100.0,70.0,70.0,72.0,71.49666666666667,67.0,69.0,68.0,68.0,4343
2025-03-17 05:30:00,128.54333333333332,0.0,33.0,107.81,127.13,72.0,100.0,70.0,70.0,72.0,71.49666666666667,67.0,69.0,68.0,68.0,4344
2025-03-17 05:45:00,127.13,0.0,31.666666666666668,107.40333333333332,127.13,72.0,100.0,70.0,70.0,72.0,71.49,67.0,69.0,68.0,68.0,4345
2025-03-17 06:00:00,125.71666666666664,0.0,31.5,107.75333333333332,127.13,72.0,100.0,70.0,70.0,72.0,71.50333333333333,67.0,69.0,68.0,68.0,4346
2025-03-17 06:15:00,126.42333333333332,0.0,31.166666666666668,107.26333333333334,127.13,72.0,100.0,70.0,70.0,72.0,71.48333333333333,67.0,69.0,68.0,68.0,4347
2025-03-17 06:30:00,126.42333333333332,0.0,34.0,107.87333333333332,127.13,72.0,100.0,70.0,70.0,72.0,71.41333333333334,67.0,69.0,68.0,68.0,4348
2025-03-17 06:45:00,129.25,0.0,32.166666666666664,107.36666666666667,127.13,72.0,100.0,70.0,70.0,72.0,71.44,67.0,69.0,68.0,68.0,4349
2025-03-17 07:00:00,125.71666666666664,0.0,31.0,107.45,127.13,72.0,100.0,70.0,70.0,72.0,71.39333333333333,67.0,69.0,68.0,68.0,4350
2025-03-17 07:15:00,125.01,0.0,31.0,107.65333333333336,127.13,72.0,100.0,70.0,70.0,72.0,71.38666666666667,67.0,69.0,68.0,68.0,4351
2025-03-17 07:30:00,125.71666666666664,0.0,31.5,107.32333333333334,127.13,72.0,100.0,70.0,70.0,72.0,71.38,67.0,69.0,68.0,68.0,4352
2025-03-17 07:45:00,126.42333333333332,0.0,33.333333333333336,107.76,127.13,72.0,100.0,70.0,70.0,72.0,71.38,67.0,69.0,68.0,68.0,4353
2025-03-17 08:00:00,127.13,0.0,33.833333333333336,107.56,127.13,72.0,100.0,70.0,70.0,72.0,71.38,67.0,69.0,68.0,68.0,4354
2025-03-17 08:15:00,127.13,0.0,33.5,107.46666666666664,127.13,72.0,100.0,70.0,70.0,72.0,71.38,67.0,69.0,68.0,68.0,4355
2025-03-17 08:30:00,125.71999999999998,0.0,33.5,107.60666666666668,127.13,72.0,100.0,70.0,70.0,72.0,71.38,67.0,69.0,68.0,68.0,4356
2025-03-17 08:45:00,125.71666666666664,0.0,33.5,107.60666666666668,127.13,72.0,100.0,70.0,70.0,72.0,71.38,67.0,69.0,68.0,68.0,4357
2025-03-17 09:00:00,128.54333333333332,0.0,32.833333333333336,106.59666666666668,127.13,72.0,100.0,70.0,70.0,72.0,71.37333333333333,67.0,69.0,68.0,68.0,4358
2025-03-17 09:15:00,125.71666666666664,0.0,32.666666666666664,106.35666666666668,127.13,72.0,100.0,70.0,70.0,72.0,71.37,67.0,69.0,68.0,68.0,4359
2025-03-17 09:30:00,127.13,0.0,32.666666666666664,106.34666666666664,127.13,72.0,100.0,70.0,70.0,72.0,71.35666666666667,67.0,69.0,68.0,68.0,4360
2025-03-17 09:45:00,128.54333333333332,0.0,32.166666666666664,106.21333333333332,127.13,72.0,100.0,70.0,70.0,72.0,71.33,67.0,69.0,68.0,68.0,4361
2025-03-17 10:00:00,127.83666666666666,0.0,31.5,106.18,127.13,72.0,100.0,70.0,70.0,72.0,71.24,67.0,69.0,68.0,68.0,4362
2025-03-17 10:15:00,126.42333333333332,0.0,31.5,106.3,127.13,72.0,100.0,70.0,70.0,72.0,71.24,67.0,69.0,68.0,68.0,4363
2025-03-17 10:30:00,126.42666666666666,0.0,34.333333333333336,106.74,127.13,72.0,100.0,70.0,70.0,72.0,71.24,67.0,69.0,68.0,68.0,4364
2025-03-17 10:45:00,125.01333333333334,0.0,33.666666666666664,106.50666666666666,127.13,72.0,100.0,70.0,70.0,72.0,71.23333333333333,67.0,69.0,68.0,68.0,4365
2025-03-17 11:00:00,126.42333333333332,0.0,33.166666666666664,106.64,127.13,72.0,100.0,70.0,70.0,72.0,71.24,67.0,69.0,68.0,68.0,4366
2025-03-17 11:15:00,127.13,0.0,32.333333333333336,106.11666666666667,127.13,72.0,100.0,70.0,70.0,72.0,71.22666666666667,67.0,69.0,68.0,68.0,4367
2025-03-17 11:30:00,127.13,0.0,31.666666666666668,106.01666666666668,127.13,72.0,100.0,70.0,70.0,72.0,71.22,67.0,69.0,68.0,68.0,4368
2025-03-17 11:45:00,127.83666666666666,0.0,34.0,106.76666666666664,127.13,72.0,100.0,70.0,70.0,72.0,71.22,67.0,69.0,68.0,68.0,4369
2025-03-17 12:00:00,126.42333333333332,0.0,33.5,106.28333333333336,127.13,72.0,100.0,70.0,70.0,72.0,71.21333333333332,67.0,69.0,68.0,68.0,4370
2025-03-17 12:15:00,126.42333333333332,0.0,32.5,106.26333333333334,127.13,72.0,100.0,70.0,70.0,72.0,71.23333333333333,67.0,69.0,68.0,68.0,4371
2025-03-17 12:30:00,127.83666666666666,0.0,32.166666666666664,105.83666666666666,127.13,72.0,100.0,70.0,70.0,72.0,71.24,67.0,69.0,68.0,68.0,4372
2025-03-17 12:45:00,125.71999999999998,0.0,33.833333333333336,107.24,127.13,72.0,100.0,70.0,70.0,72.0,71.33333333333333,67.0,69.0,68.0,68.0,4373
2025-03-17 13:00:00,127.13,0.0,32.666666666666664,106.69333333333331,127.13,72.0,100.0,70.0,70.0,72.0,71.37666666666667,67.0,69.0,68.0,68.0,4374
2025-03-17 13:15:00,127.83666666666666,0.0,32.166666666666664,106.7,127.13,72.0,100.0,70.0,70.0,72.0,71.43333333333334,67.0,69.0,68.0,68.0,4375
2025-03-17 13:30:00,127.13,0.0,31.83333333333333,106.68333333333334,127.13,72.0,100.0,70.0,70.0,72.0,71.49,67.0,69.0,68.0,68.0,4376
2025-03-17 13:45:00,127.83666666666666,0.0,31.33333333333333,106.53000000000002,127.13,72.0,100.0,70.0,70.0,72.0,71.50333333333333,67.0,69.0,68.0,68.0,4377
2025-03-17 14:00:00,127.13,0.0,32.0,107.12666666666668,127.13,72.0,100.0,70.0,70.0,72.0,71.52333333333333,67.0,69.0,68.0,68.0,4378
2025-03-17 14:15:00,126.42333333333332,0.0,31.5,106.96999999999998,127.13,72.0,100.0,70.0,70.0,72.0,71.51,67.0,69.0,68.0,68.0,4379
2025-03-17 14:30:00,127.13,0.0,31.166666666666668,107.36666666666667,127.13,72.0,100.0,70.0,70.0,72.0,71.51666666666667,67.0,69.0,68.0,68.0,4380
2025-03-17 14:45:00,126.42333333333332,0.0,31.0,107.64666666666666,127.13,72.0,100.0,70.0,70.0,72.0,71.49666666666667,67.0,69.0,68.0,68.0,4381
2025-03-17 15:00:00,126.42333333333332,0.0,30.666666666666668,107.66,127.13,72.0,100.0,70.0,70.0,72.0,71.51,67.0,69.0,68.0,68.0,4382
2025-03-17 15:15:00,125.01,0.0,31.0,108.86666666666667,127.13,72.0,100.0,70.0,70.0,72.0,71.51,67.0,69.0,68.0,68.0,4383
2025-03-17 15:30:00,127.13,0.0,32.0,108.51666666666668,127.13,72.0,100.0,70.0,70.0,72.0,71.57666666666667,67.0,69.0,68.0,68.0,4384
2025-03-17 15:45:00,127.83666666666666,0.0,30.83333333333333,108.30666666666669,127.13,72.0,100.0,70.0,70.0,72.0,71.52666666666667,67.0,69.0,68.0,68.0,4385
2025-03-17 16:00:00,126.42333333333332,0.0,30.5,108.67,127.13,72.0,100.0,70.0,70.0,72.0,71.51,67.0,69.0,68.0,68.0,4386
2025-03-17 16:15:00,127.13,0.0,30.5,108.48666666666666,127.13,72.0,100.0,70.0,70.0,72.0,71.51,67.0,69.0,68.0,68.0,4387
2025-03-17 16:30:00,125.71666666666664,0.0,30.5,108.99333333333334,127.13,72.0,100.0,70.0,70.0,72.0,71.52333333333333,67.0,69.0,68.0,68.0,4388
2025-03-17 16:45:00,125.71666666666664,0.0,30.5,109.23666666666668,127.13,72.0,100.0,70.0,70.0,72.0,71.52333333333333,67.0,69.0,68.0,68.0,4389
2025-03-17 17:00:00,125.01333333333332,0.0,32.166666666666664,109.46666666666664,127.13,72.0,100.0,70.0,70.0,72.0,71.74,67.0,69.0,68.0,68.0,4390
2025-03-17 17:15:00,125.71666666666664,0.0,32.0,109.40333333333336,127.13,72.0,100.0,70.0,70.0,72.0,71.92999999999999,67.0,69.0,68.0,68.0,4391
2025-03-17 17:30:00,126.42333333333332,5.996666666666667,31.5,109.39,125.71666666666664,72.0,96.31666666666666,70.0,70.0,72.0,72.13,67.0,69.0,68.0,68.0,4392
2025-03-17 17:45:00,125.71666666666664,24.46,31.166666666666668,107.21,125.01,72.0,83.86666666666666,70.0,70.0,72.0,72.62,67.0,69.0,68.0,68.0,4393
2025-03-17 18:00:00,125.01,30.19,31.0,105.75333333333332,125.01,72.0,78.62666666666667,70.0,70.0,72.0,72.64333333333333,67.0,69.0,68.0,68.0,4394
2025-03-17 18:15:00,161.03333333333333,44.806666666666665,37.5,79.23,162.44333333333333,72.0,23.026666666666667,70.0,70.0,72.0,72.92,67.0,69.0,68.0,68.0,4395
2025-03-17 18:30:00,170.21666666666667,38.23,37.66666666666666,67.72,170.92333333333332,72.0,0.0,70.0,70.0,72.0,72.53333333333335,67.0,69.0,68.0,68.0,4396
2025-03-17 18:45:00,157.50333333333333,26.903333333333336,37.0,67.75333333333333,156.79666666666665,72.0,0.0,70.0,70.0,72.0,72.11666666666666,67.0,69.0,68.0,68.0,4397
2025-03-17 19:00:00,151.14666666666668,21.16333333333333,35.5,67.94,149.73333333333335,72.0,0.0,70.0,70.0,72.0,71.95,67.0,69.0,68.0,68.0,4398
2025-03-17 19:15:00,171.63,40.41,39.66666666666666,68.21,173.04333333333332,72.0,0.0,70.0,70.0,72.0,72.48,67.0,69.0,68.0,68.0,4399
2025-03-17 19:30:00,187.16666666666663,50.52333333333333,40.333333333333336,68.36333333333333,186.46,72.0,0.0,70.0,70.0,72.0,72.64666666666666,67.0,69.0,68.0,68.0,4400
2025-03-17 19:45:00,195.6433333333333,60.10333333333333,41.5,68.75666666666666,197.76,72.0,0.0,70.0,70.0,72.0,72.77666666666666,67.0,69.0,68.0,68.0,4401
2025-03-17 20:00:00,199.17,61.01666666666667,40.16666666666666,68.83,199.1733333333333,72.0,0.0,70.0,70.0,72.0,72.63666666666667,67.0,69.0,68.0,68.0,4402
2025-03-17 20:15:00,197.7633333333333,61.09333333333333,40.66666666666666,68.78333333333335,199.1733333333333,72.0,0.0,70.0,70.0,72.0,72.49333333333334,67.0,69.0,68.0,68.0,4403
2025-03-17 20:30:00,192.82,55.41333333333333,42.333333333333336,63.78,190.7,72.0,0.0,70.0,70.0,72.0,72.22333333333334,67.0,69.0,68.0,68.0,4404
2025-03-17 20:45:00,166.68666666666664,33.336666666666666,37.0,59.98333333333333,164.5666666666667,72.0,0.0,70.0,70.0,72.0,71.59666666666666,67.0,69.0,68.0,68.0,4405
2025-03-17 21:00:00,137.01999999999998,11.63,31.5,61.22,136.31333333333333,72.0,7.1866666666666665,70.0,70.0,72.0,71.08333333333333,67.0,69.0,68.0,68.0,4406
2025-03-17 21:15:00,125.71666666666664,0.0,28.83333333333333,68.79,125.01,72.0,29.793333333333333,70.0,70.0,72.0,70.83999999999999,67.0,69.0,68.0,68.0,4407
2025-03-17 21:30:00,125.71999999999998,0.0,29.33333333333333,74.14333333333333,125.01,72.0,38.63666666666666,70.0,70.0,72.0,70.83333333333333,67.0,69.0,68.0,68.0,4408
2025-03-17 21:45:00,125.72,0.0,27.33333333333333,77.73666666666666,125.01,72.0,44.30666666666667,70.0,70.0,72.0,70.95,67.0,69.0,68.0,68.0,4409
2025-03-17 22:00:00,126.42333333333332,0.0,27.0,81.76666666666667,125.01,72.0,51.083333333333336,70.0,70.0,72.0,70.98666666666666,67.0,69.0,68.0,68.0,4410
2025-03-17 22:15:00,124.30666666666669,0.0,26.33333333333333,87.11666666666667,125.01,72.0,59.81666666666666,70.0,70.0,72.0,70.93333333333334,67.0,69.0,68.0,68.0,4411
2025-03-17 22:30:00,127.13,0.0,29.166666666666668,92.21,125.01,72.0,68.14999999999999,70.0,70.0,72.0,70.92,67.0,69.0,68.0,68.0,4412
2025-03-17 22:45:00,125.01,0.0,28.0,94.99333333333334,125.01,72.0,75.59333333333333,70.0,70.0,72.0,70.94333333333334,67.0,69.0,68.0,68.0,4413
2025-03-17 23:00:00,123.60333333333334,0.0,27.666666666666668,97.8,125.01,72.0,82.97666666666667,70.0,70.0,72.0,70.95,67.0,69.0,68.0,68.0,4414
2025-03-17 23:15:00,127.83666666666666,0.0,26.166666666666668,99.73,125.01,72.0,89.24333333333334,70.0,70.0,72.0,71.05,67.0,69.0,68.0,68.0,4415
2025-03-17 23:30:00,126.42666666666666,0.0,25.5,98.88,125.01,72.0,81.61333333333333,70.0,70.0,72.0,71.66000000000001,67.0,69.0,68.0,68.0,4416
2025-03-17 23:45:00,125.01333333333334,0.0,26.5,106.39666666666666,125.01,72.0,86.11,70.0,70.0,72.0,71.55,67.0,69.0,68.0,68.0,4417
2025-03-18 00:00:00,127.13,0.0,26.5,109.11,125.01,72.0,93.96666666666664,70.0,70.0,72.0,71.37333333333333,67.0,69.0,68.0,68.0,4418
2025-03-18 00:15:00,127.13,0.0,26.83333333333333,109.18333333333334,126.42333333333332,72.0,99.52333333333333,70.0,70.0,72.0,71.25666666666666,67.0,69.0,68.0,68.0,4419
2025-03-18 00:30:00,127.13,0.0,26.666666666666668,108.84666666666664,127.13,72.0,100.0,70.0,70.0,72.0,71.14999999999999,67.0,69.0,68.0,68.0,4420
2025-03-18 00:45:00,125.71666666666664,0.0,27.0,108.80666666666669,127.13,72.0,100.0,70.0,70.0,72.0,71.1,67.0,69.0,68.0,68.0,4421
2025-03-18 01:00:00,126.42333333333332,0.0,27.166666666666668,108.52666666666666,127.13,72.0,100.0,70.0,70.0,72.0,71.09333333333332,67.0,69.0,68.0,68.0,4422
2025-03-18 01:15:00,125.01333333333334,0.0,27.5,108.46999999999998,127.13,72.0,100.0,70.0,70.0,72.0,71.58,67.0,69.0,68.0,68.0,4423
2025-03-18 01:30:00,124.30666666666669,2.1,27.83333333333333,108.59,125.71666666666664,72.0,98.71333333333332,70.0,70.0,72.0,72.02666666666666,67.0,69.0,68.0,68.0,4424
2025-03-18 01:45:00,124.30666666666669,19.31,28.5,107.86666666666667,125.01,72.0,87.57333333333334,70.0,70.0,72.0,72.50666666666666,67.0,69.0,68.0,68.0,4425
2025-03-18 02:00:00,124.30666666666669,37.906666666666666,28.5,102.53000000000002,125.01,72.0,74.21333333333332,70.0,70.0,72.0,72.89666666666666,67.0,69.0,68.0,68.0,4426
2025-03-18 02:15:00,184.34,49.406666666666666,37.333333333333336,66.31333333333333,185.04666666666665,72.0,0.0,70.0,70.0,72.0,73.00666666666667,67.0,69.0,68.0,68.0,4427
2025-03-18 02:30:00,177.98666666666668,42.41666666666666,35.333333333333336,65.89666666666666,175.86666666666667,72.0,0.0,70.0,70.0,72.0,72.62,67.0,69.0,68.0,68.0,4428
2025-03-18 02:45:00,161.03666666666666,28.506666666666664,36.16666666666666,65.94,158.91666666666666,72.0,0.0,70.0,70.0,72.0,72.13,67.0,69.0,68.0,68.0,4429
2025-03-18 03:00:00,144.08333333333334,13.493333333333334,31.33333333333333,65.87333333333333,139.84666666666666,72.0,0.0,70.0,70.0,72.0,71.66666666666667,67.0,69.0,68.0,68.0,4430
2025-03-18 03:15:00,128.54333333333332,2.056666666666666,28.83333333333333,65.77333333333333,127.13,72.0,0.0,70.0,70.0,72.0,71.43,67.0,69.0,68.0,68.0,4431
2025-03-18 03:30:00,126.42333333333332,0.0,28.166666666666668,80.97666666666667,125.01,72.0,42.02,70.0,70.0,72.0,70.24333333333334,67.0,69.0,68.0,68.0,4432
2025-03-18 03:45:00,124.30666666666669,0.0,28.0,92.28000000000002,125.01,72.0,58.4,70.0,70.0,72.0,70.12,67.0,69.0,68.0,68.0,4433
2025-03-18 04:00:00,124.30666666666669,0.0,29.0,99.23666666666666,125.01,72.0,69.50333333333333,70.0,70.0,72.0,70.24333333333333,67.0,69.0,68.0,68.0,4434
2025-03-18 04:15:00,125.01333333333334,0.0,30.0,103.70666666666666,125.01,72.0,79.78,70.0,70.0,72.0,70.35666666666667,67.0,69.0,68.0,68.0,4435
2025-03-18 04:30:00,126.42333333333332,0.0,32.666666666666664,107.22666666666667,125.01,72.0,87.08333333333333,70.0,70.0,72.0,70.55,67.0,69.0,68.0,68.0,4436
2025-03-18 04:45:00,127.13,0.0,31.33333333333333,108.4,125.01,72.0,95.43333333333334,70.0,70.0,72.0,70.67,67.0,69.0,68.0,68.0,4437
2025-03-18 05:00:00,127.83666666666666,0.0,30.5,108.37333333333332,127.13,72.0,100.0,70.0,70.0,72.0,70.78666666666668,67.0,69.0,68.0,68.0,4438
2025-03-18 05:15:00,126.42333333333332,0.0,30.5,108.89333333333332,127.13,72.0,100.0,70.0,70.0,72.0,70.94333333333334,67.0,69.0,68.0,68.0,4439
2025-03-18 05:30:00,127.13,0.0,30.166666666666668,108.77666666666666,127.13,72.0,100.0,70.0,70.0,72.0,71.06666666666666,67.0,69.0,68.0,68.0,4440
2025-03-18 05:45:00,125.01333333333334,0.0,31.166666666666668,109.03333333333336,127.13,72.0,100.0,70.0,70.0,72.0,71.17666666666666,67.0,69.0,68.0,68.0,4441
2025-03-18 06:00:00,124.30666666666669,0.0,32.166666666666664,108.80666666666669,127.13,72.0,100.0,70.0,70.0,72.0,71.25666666666666,67.0,69.0,68.0,68.0,4442
2025-03-18 06:15:00,127.13,0.0,31.5,108.37,127.13,72.0,100.0,70.0,70.0,72.0,71.35666666666667,67.0,69.0,68.0,68.0,4443
2025-03-18 06:30:00,125.01,0.0,31.0,108.59666666666668,127.13,72.0,100.0,70.0,70.0,72.0,71.40666666666665,67.0,69.0,68.0,68.0,4444
2025-03-18 06:45:00,126.42333333333332,0.0,31.0,108.51,127.13,72.0,100.0,70.0,70.0,72.0,71.51666666666667,67.0,69.0,68.0,68.0,4445
2025-03-18 07:00:00,127.13,0.0,31.0,108.60333333333334,127.13,72.0,100.0,70.0,70.0,72.0,71.54666666666667,67.0,69.0,68.0,68.0,4446
2025-03-18 07:15:00,127.83666666666666,0.0,31.0,108.49333333333334,127.13,72.0,100.0,70.0,70.0,72.0,71.61333333333333,67.0,69.0,68.0,68.0,4447
2025-03-18 07:30:00,127.13,0.0,32.666666666666664,108.64333333333332,127.13,72.0,100.0,70.0,70.0,72.0,71.65,67.0,69.0,68.0,68.0,4448
2025-03-18 07:45:00,125.71666666666664,0.0,32.0,108.32666666666668,127.13,72.0,100.0,70.0,70.0,72.0,71.65666666666668,67.0,69.0,68.0,68.0,4449
2025-03-18 08:00:00,127.13,0.0,31.5,108.54666666666668,127.13,72.0,100.0,70.0,70.0,72.0,71.72,67.0,69.0,68.0,68.0,4450
2025-03-18 08:15:00,127.83666666666666,0.0,31.5,108.43333333333332,127.13,72.0,100.0,70.0,70.0,72.0,71.78,67.0,69.0,68.0,68.0,4451
2025-03-18 08:30:00,127.13,0.0,31.5,108.29,127.13,72.0,100.0,70.0,70.0,72.0,71.78666666666668,67.0,69.0,68.0,68.0,4452
2025-03-18 08:45:00,125.71999999999998,0.0,31.0,108.35666666666668,127.13,72.0,100.0,70.0,70.0,72.0,71.8,67.0,69.0,68.0,68.0,4453
2025-03-18 09:00:00,127.83666666666666,0.0,33.166666666666664,108.8,127.13,72.0,100.0,70.0,70.0,72.0,71.83333333333333,67.0,69.0,68.0,68.0,4454
2025-03-18 09:15:00,127.13,0.0,32.166666666666664,108.50666666666666,127.13,72.0,100.0,70.0,70.0,72.0,71.81,67.0,69.0,68.0,68.0,4455
2025-03-18 09:30:00,127.13,0.0,31.5,108.43333333333334,127.13,72.0,100.0,70.0,70.0,72.0,71.89,67.0,69.0,68.0,68.0,4456
2025-03-18 09:45:00,127.83666666666666,0.0,31.33333333333333,108.42,127.13,72.0,100.0,70.0,70.0,72.0,71.92666666666666,67.0,69.0,68.0,68.0,4457
2025-03-18 10:00:00,126.42333333333332,0.0,31.0,108.16666666666669,127.13,72.0,100.0,70.0,70.0,72.0,71.92,67.0,69.0,68.0,68.0,4458
2025-03-18 10:15:00,125.01,0.0,31.83333333333333,108.26,127.13,72.0,100.0,70.0,70.0,72.0,71.94,67.0,69.0,68.0,68.0,4459
2025-03-18 10:30:00,125.71999999999998,0.0,33.833333333333336,108.47,127.13,72.0,100.0,70.0,70.0,72.0,71.94,67.0,69.0,68.0,68.0,4460
2025-03-18 10:45:00,126.42333333333332,0.0,32.0,107.99333333333334,127.13,72.0,100.0,70.0,70.0,72.0,71.93333333333334,67.0,69.0,68.0,68.0,4461
2025-03-18 11:00:00,125.71666666666664,0.0,31.5,108.10333333333334,127.13,72.0,100.0,70.0,70.0,72.0,71.94,67.0,69.0,68.0,68.0,4462
2025-03-18 11:15:00,127.13,0.0,31.33333333333333,107.84666666666664,127.13,72.0,100.0,70.0,70.0,72.0,71.94,67.0,69.0,68.0,68.0,4463
2025-03-18 11:30:00,126.42333333333332,0.0,31.0,108.04333333333334,127.13,72.0,100.0,70.0,70.0,72.0,71.93333333333334,67.0,69.0,68.0,68.0,4464
2025-03-18 11:45:00,125.01,0.0,31.33333333333333,108.59,127.13,72.0,100.0,70.0,70.0,72.0,71.94666666666666,67.0,69.0,68.0,68.0,4465
2025-03-18 12:00:00,124.30666666666669,0.0,32.166666666666664,108.79333333333334,127.13,72.0,100.0,70.0,70.0,72.0,71.94,67.0,69.0,68.0,68.0,4466
2025-03-18 12:15:00,127.13,0.0,32.833333333333336,108.62666666666668,127.13,72.0,100.0,70.0,70.0,72.0,71.93333333333334,67.0,69.0,68.0,68.0,4467
2025-03-18 12:30:00,125.71666666666664,1.54,31.83333333333333,108.69666666666669,125.71666666666664,72.0,99.04666666666668,70.0,70.0,72.0,72.01333333333334,67.0,69.0,68.0,68.0,4468
2025-03-18 12:45:00,127.13,3.85,31.166666666666668,108.99,125.01,72.0,97.44,70.0,70.0,72.0,72.09,67.0,69.0,68.0,68.0,4469
2025-03-18 13:00:00,126.42333333333332,6.383333333333333,30.5,109.31666666666668,125.01,72.0,95.55,70.0,70.0,72.0,72.14,67.0,69.0,68.0,68.0,4470
2025-03-18 13:15:00,127.13,14.216666666666669,29.666666666666668,109.18333333333334,125.01,72.0,90.10666666666668,70.0,70.0,72.0,72.31333333333333,67.0,69.0,68.0,68.0,4471
2025-03-18 13:30:00,125.71666666666664,21.48333333333333,29.5,108.28000000000002,125.01,72.0,84.61333333333333,70.0,70.0,72.0,72.44333333333334,67.0,69.0,68.0,68.0,4472
2025-03-18 13:45:00,125.71999999999998,29.736666666666665,31.666666666666668,103.33333333333331,125.01,72.0,78.08666666666666,70.0,70.0,72.0,72.57666666666667,67.0,69.0,68.0,68.0,4473
2025-03-18 14:00:00,124.30666666666669,36.95,32.166666666666664,100.13666666666666,125.01,72.0,71.88,70.0,70.0,72.0,72.65333333333332,67.0,69.0,68.0,68.0,4474
2025-03-18 14:15:00,123.6,44.55666666666667,34.166666666666664,93.77666666666666,125.01,72.0,65.28,70.0,70.0,72.0,72.72666666666667,67.0,69.0,68.0,68.0,4475
2025-03-18 14:30:00,126.42333333333332,51.61000000000001,32.666666666666664,88.73,125.01,72.0,58.78333333333333,70.0,70.0,72.0,72.77666666666667,67.0,69.0,68.0,68.0,4476
2025-03-18 14:45:00,125.71666666666664,54.126666666666665,31.83333333333333,86.21,125.01,72.0,55.053333333333335,70.0,70.0,72.0,72.68666666666667,67.0,69.0,68.0,68.0,4477
2025-03-18 15:00:00,126.42333333333332,60.93666666666667,31.0,83.27666666666666,125.01,72.0,48.85,70.0,70.0,72.0,72.71666666666665,67.0,69.0,68.0,68.0,4478
2025-03-18 15:15:00,125.01,74.35666666666667,30.5,76.88,125.01,72.0,38.20666666666667,70.0,70.0,72.0,72.93,67.0,69.0,68.0,68.0,4479
2025-03-18 15:30:00,126.42333333333332,77.52666666666666,33.5,74.05,125.01,72.0,33.669999999999995,70.0,70.0,72.0,72.82333333333334,67.0,69.0,68.0,68.0,4480
2025-03-18 15:45:00,126.42666666666666,76.99333333333334,31.666666666666668,72.75666666666666,125.01,72.0,31.796666666666667,70.0,70.0,72.0,72.63,67.0,69.0,68.0,68.0,4481
2025-03-18 16:00:00,126.42333333333332,80.83333333333333,30.666666666666668,70.69333333333333,125.01,72.0,27.62,70.0,70.0,72.0,72.63,67.0,69.0,68.0,68.0,4482
2025-03-18 16:15:00,126.42333333333332,81.54666666666667,29.666666666666668,69.76,125.01,72.0,25.473333333333333,70.0,70.0,72.0,72.51333333333334,67.0,69.0,68.0,68.0,4483
2025-03-18 16:30:00,126.42333333333332,85.10000000000001,28.83333333333333,68.81333333333333,125.01,72.0,21.903333333333336,70.0,70.0,72.0,72.51666666666667,67.0,69.0,68.0,68.0,4484
2025-03-18 16:45:00,122.19333333333334,90.19,29.33333333333333,66.92666666666666,125.01,72.0,17.063333333333333,70.0,70.0,72.0,72.54,67.0,69.0,68.0,68.0,4485
2025-03-18 17:00:00,126.42333333333332,84.54666666666667,29.166666666666668,68.18333333333334,125.01,72.0,19.263333333333332,70.0,70.0,72.0,72.27333333333333,67.0,69.0,68.0,68.0,4486
2025-03-18 17:15:00,125.01333333333334,83.54666666666667,27.666666666666668,68.67666666666666,125.01,72.0,19.136666666666667,70.0,70.0,72.0,72.18333333333334,67.0,69.0,68.0,68.0,4487
2025-03-18 17:30:00,124.30666666666669,81.17666666666666,27.5,69.38,125.01,72.0,20.12333333333333,70.0,70.0,72.0,72.09,67.0,69.0,68.0,68.0,4488
2025-03-18 17:45:00,126.42333333333332,81.39,27.5,69.56,125.01,72.0,19.72,70.0,70.0,72.0,72.07,67.0,69.0,68.0,68.0,4489
2025-03-18 18:00:00,125.01333333333334,82.43333333333334,27.0,69.47,125.01,72.0,18.83,70.0,70.0,72.0,72.09,67.0,69.0,68.0,68.0,4490
2025-03-18 18:15:00,124.30666666666669,82.71666666666665,27.166666666666668,68.76,125.01,72.0,18.4,70.0,70.0,72.0,72.07,67.0,69.0,68.0,68.0,4491
2025-03-18 18:30:00,122.89666666666666,82.70333333333333,28.0,68.54,125.01,72.0,18.196666666666665,70.0,70.0,72.0,72.05666666666666,67.0,69.0,68.0,68.0,4492
2025-03-18 18:45:00,125.71666666666664,82.90333333333334,27.666666666666668,68.5,125.01,72.0,17.91,70.0,70.0,72.0,72.05,67.0,69.0,68.0,68.0,4493
2025-03-18 19:00:00,125.01,83.50999999999999,27.0,68.14666666666666,125.01,72.0,17.356666666666666,70.0,70.0,72.0,72.05666666666666,67.0,69.0,68.0,68.0,4494
2025-03-18 19:15:00,125.01333333333334,85.29333333333334,26.666666666666668,68.08333333333333,125.01,72.0,16.08666666666667,70.0,70.0,72.0,72.08666666666666,67.0,69.0,68.0,68.0,4495
2025-03-18 19:30:00,124.30666666666669,94.99666666666668,26.5,66.22333333333334,125.01,72.0,9.68,70.0,70.0,72.0,72.33333333333333,67.0,69.0,68.0,68.0,4496
2025-03-18 19:45:00,125.01,99.86,26.0,64.58333333333333,125.01,72.0,5.22,70.0,70.0,72.0,72.40666666666668,67.0,69.0,68.0,68.0,4497
2025-03-18 20:00:00,123.60333333333334,86.62333333333333,26.0,66.53666666666668,125.01,72.0,12.793333333333337,70.0,70.0,72.0,71.94333333333333,67.0,69.0,68.0,68.0,4498
2025-03-18 20:15:00,122.19333333333334,97.64666666666666,26.33333333333333,65.31333333333333,125.01,72.0,4.536666666666666,70.0,70.0,72.0,72.35000000000001,67.0,69.0,68.0,68.0,4499
2025-03-18 20:30:00,123.60333333333334,100.0,27.666666666666668,64.92,125.01,72.0,0.0,70.0,70.0,72.0,72.56,67.0,69.0,68.0,68.0,4500
2025-03-18 20:45:00,122.90000000000002,100.0,28.166666666666668,64.94666666666667,125.01,72.0,0.0,70.0,70.0,72.0,72.42,67.0,69.0,68.0,68.0,4501
2025-03-18 21:00:00,122.90000000000002,100.0,28.5,64.32,125.01,72.0,0.0,70.0,70.0,72.0,72.16000000000001,67.0,69.0,68.0,68.0,4502
2025-03-18 21:15:00,127.13,98.95333333333332,30.666666666666668,60.28333333333333,125.01,72.0,0.7866666666666666,70.0,70.0,72.0,71.99666666666667,67.0,69.0,68.0,68.0,4503
2025-03-18 21:30:00,127.13,82.12666666666667,28.666666666666668,57.876666666666665,125.01,72.0,11.613333333333337,70.0,70.0,72.0,71.51666666666667,67.0,69.0,68.0,68.0,4504
2025-03-18 21:45:00,123.60333333333334,64.75666666666666,27.33333333333333,62.32,125.01,72.0,23.993333333333336,70.0,70.0,72.0,71.14666666666666,67.0,69.0,68.0,68.0,4505
2025-03-18 22:00:00,122.89333333333332,52.84333333333333,29.83333333333333,66.64999999999999,125.01,72.0,33.97,70.0,70.0,72.0,70.99333333333334,67.0,69.0,68.0,68.0,4506
2025-03-18 22:15:00,125.71666666666664,43.68333333333334,27.33333333333333,71.35666666666667,125.01,72.0,42.50666666666667,70.0,70.0,72.0,70.95,67.0,69.0,68.0,68.0,4507
2025-03-18 22:30:00,125.71666666666664,39.02333333333333,25.666666666666668,78.81666666666666,125.01,72.0,48.34666666666666,70.0,70.0,72.0,71.04333333333334,67.0,69.0,68.0,68.0,4508
2025-03-18 22:45:00,126.42333333333332,34.38999999999999,24.33333333333333,81.58999999999999,125.01,72.0,53.75666666666667,70.0,70.0,72.0,71.1,67.0,69.0,68.0,68.0,4509
2025-03-18 23:00:00,124.30666666666669,31.723333333333333,24.0,81.77,125.01,72.0,57.99666666666667,70.0,70.0,72.0,71.21,67.0,69.0,68.0,68.0,4510
2025-03-18 23:15:00,123.60333333333334,37.07666666666666,25.33333333333333,80.75666666666666,125.01,72.0,56.48333333333333,70.0,70.0,72.0,71.50333333333333,67.0,69.0,68.0,68.0,4511
2025-03-18 23:30:00,125.72,28.12,25.83333333333333,91.38666666666668,125.01,72.0,63.59666666666666,70.0,70.0,72.0,71.37,67.0,69.0,68.0,68.0,4512
2025-03-18 23:45:00,127.83666666666666,24.39333333333333,24.666666666666668,94.14666666666666,125.01,72.0,67.67,70.0,70.0,72.0,71.38333333333334,67.0,69.0,68.0,68.0,4513
2025-03-19 00:00:00,123.60333333333334,22.44333333333333,25.166666666666668,95.17333333333332,125.01,72.0,70.29,70.0,70.0,72.0,71.44,67.0,69.0,68.0,68.0,4514
2025-03-19 00:15:00,123.60333333333334,28.366666666666664,26.83333333333333,94.77666666666666,125.01,72.0,68.32333333333334,70.0,70.0,72.0,71.74333333333334,67.0,69.0,68.0,68.0,4515
2025-03-19 00:30:00,124.30666666666669,40.89,27.5,90.39,125.01,72.0,60.78333333333333,70.0,70.0,72.0,72.12333333333333,67.0,69.0,68.0,68.0,4516
2025-03-19 00:45:00,151.85666666666663,67.30333333333334,31.83333333333333,75.15333333333334,154.67666666666665,72.0,30.576666666666668,70.0,70.0,72.0,72.81666666666666,67.0,69.0,68.0,68.0,4517
2025-03-19 01:00:00,197.76,58.31666666666666,36.833333333333336,60.67,195.64,72.0,0.0,70.0,70.0,72.0,72.40333333333332,67.0,69.0,68.0,68.0,4518
2025-03-19 01:15:00,189.9933333333333,52.36666666666667,35.5,60.46,188.58,72.0,0.0,70.0,70.0,72.0,72.14,67.0,69.0,68.0,68.0,4519
2025-03-19 01:30:00,158.91666666666666,28.9,31.0,60.59666666666666,159.6233333333333,72.0,0.0,70.0,70.0,72.0,71.46666666666665,67.0,69.0,68.0,68.0,4520
2025-03-19 01:45:00,129.95666666666668,6.759999999999999,27.166666666666668,64.58999999999999,129.95666666666668,72.0,15.563333333333333,70.0,70.0,72.0,70.98,67.0,69.0,68.0,68.0,4521
2025-03-19 02:00:00,125.01,1.6900000000000002,27.0,69.34666666666668,125.01,72.0,28.316666666666663,70.0,70.0,72.0,70.98333333333333,67.0,69.0,68.0,68.0,4522
2025-03-19 02:15:00,124.30666666666669,2.5066666666666664,28.33333333333333,70.38666666666667,125.01,72.0,29.64333333333333,70.0,70.0,72.0,71.27666666666666,67.0,69.0,68.0,68.0,4523
2025-03-19 02:30:00,123.60333333333334,1.1466666666666667,27.0,72.27666666666666,125.01,72.0,33.236666666666665,70.0,70.0,72.0,71.35666666666667,67.0,69.0,68.0,68.0,4524
2025-03-19 02:45:00,124.30666666666669,1.9533333333333331,27.0,73.97666666666667,125.01,72.0,36.99,70.0,70.0,72.0,71.37333333333333,67.0,69.0,68.0,68.0,4525
2025-03-19 03:00:00,122.90000000000002,0.0,27.5,78.08333333333333,125.01,72.0,42.09666666666666,70.0,70.0,72.0,71.35000000000001,67.0,69.0,68.0,68.0,4526
2025-03-19 03:15:00,123.60333333333334,0.0,28.5,79.94666666666666,125.01,72.0,44.80666666666667,70.0,70.0,72.0,71.43333333333334,67.0,69.0,68.0,68.0,4527
2025-03-19 03:30:00,124.30666666666669,0.0,28.5,80.97666666666667,125.01,72.0,47.153333333333336,70.0,70.0,72.0,71.51,67.0,69.0,68.0,68.0,4528
2025-03-19 03:45:00,125.71666666666664,0.0,28.5,83.04,125.01,72.0,50.46,70.0,70.0,72.0,71.51666666666667,67.0,69.0,68.0,68.0,4529
2025-03-19 04:00:00,125.01,0.0,28.5,84.99,125.01,72.0,53.18333333333334,70.0,70.0,72.0,71.55666666666667,67.0,69.0,68.0,68.0,4530
2025-03-19 04:15:00,125.01333333333334,0.0,28.666666666666668,86.20333333333333,125.01,72.0,53.91666666666666,70.0,70.0,72.0,71.65666666666668,67.0,69.0,68.0,68.0,4531
2025-03-19 04:30:00,125.01,0.0,28.5,86.64666666666666,125.01,72.0,54.73333333333333,70.0,70.0,72.0,71.73666666666666,67.0,69.0,68.0,68.0,4532
2025-03-19 04:45:00,124.30666666666669,0.0,28.166666666666668,86.70333333333333,125.01,72.0,54.73,70.0,70.0,72.0,71.81666666666666,67.0,69.0,68.0,68.0,4533
2025-03-19 05:00:00,125.01,0.0,28.0,86.14666666666666,125.01,72.0,53.75666666666667,70.0,70.0,72.0,71.91333333333334,67.0,69.0,68.0,68.0,4534
2025-03-19 05:15:00,125.01,0.0,28.83333333333333,86.14999999999999,125.01,72.0,53.59666666666667,70.0,70.0,72.0,71.93333333333334,67.0,69.0,68.0,68.0,4535
2025-03-19 05:30:00,123.60333333333334,1.8433333333333333,29.0,84.94333333333333,125.01,72.0,51.656666666666666,70.0,70.0,72.0,72.03333333333333,67.0,69.0,68.0,68.0,4536
2025-03-19 05:45:00,125.01,2.78,29.166666666666668,84.28333333333333,125.01,72.0,50.906666666666666,70.0,70.0,72.0,72.05,67.0,69.0,68.0,68.0,4537
2025-03-19 06:00:00,125.01,1.37,29.5,84.5,125.01,72.0,51.66,70.0,70.0,72.0,72.0,67.0,69.0,68.0,68.0,4538
2025-03-19 06:15:00,125.71666666666664,1.7366666666666666,29.0,84.01333333333334,125.01,72.0,51.35333333333333,70.0,70.0,72.0,72.00333333333333,67.0,69.0,68.0,68.0,4539
2025-03-19 06:30:00,126.42333333333332,0.4433333333333333,29.0,84.49333333333333,125.01,72.0,52.21333333333333,70.0,70.0,72.0,71.96666666666665,67.0,69.0,68.0,68.0,4540
2025-03-19 06:45:00,124.30666666666669,1.3133333333333337,29.0,84.21,125.01,72.0,51.67666666666667,70.0,70.0,72.0,72.00333333333333,67.0,69.0,68.0,68.0,4541
2025-03-19 07:00:00,124.30666666666669,1.0666666666666669,29.0,84.22666666666667,125.01,72.0,51.73,70.0,70.0,72.0,71.99333333333334,67.0,69.0,68.0,68.0,4542
2025-03-19 07:15:00,125.71666666666664,0.27,29.5,84.74666666666667,125.01,72.0,52.46,70.0,70.0,72.0,71.94666666666666,67.0,69.0,68.0,68.0,4543
2025-03-19 07:30:00,125.71666666666664,0.0,29.0,84.95666666666666,125.01,72.0,53.053333333333335,70.0,70.0,72.0,71.94,67.0,69.0,68.0,68.0,4544
2025-03-19 07:45:00,124.30666666666669,0.0,29.0,85.35666666666667,125.01,72.0,53.35999999999999,70.0,70.0,72.0,71.94,67.0,69.0,68.0,68.0,4545
2025-03-19 08:00:00,122.90000000000002,0.0,29.0,85.66000000000001,125.01,72.0,53.60999999999999,70.0,70.0,72.0,71.94,67.0,69.0,68.0,68.0,4546
2025-03-19 08:15:00,123.60333333333334,0.0,30.166666666666668,85.98333333333333,125.01,72.0,54.24333333333334,70.0,70.0,72.0,71.94,67.0,69.0,68.0,68.0,4547
2025-03-19 08:30:00,124.30666666666669,0.0,30.5,86.24666666666667,125.01,72.0,54.81666666666666,70.0,70.0,72.0,71.92666666666666,67.0,69.0,68.0,68.0,4548
2025-03-19 08:45:00,123.60333333333334,0.0,32.666666666666664,86.94666666666667,125.01,72.0,55.36333333333334,70.0,70.0,72.0,71.91666666666667,67.0,69.0,68.0,68.0,4549
2025-03-19 09:00:00,125.01333333333334,0.0,34.0,87.23,125.01,72.0,55.56,70.0,70.0,72.0,71.93333333333334,67.0,69.0,68.0,68.0,4550
2025-03-19 09:15:00,126.42666666666666,0.0,34.166666666666664,87.44,125.01,72.0,56.20333333333334,70.0,70.0,72.0,71.92,67.0,69.0,68.0,68.0,4551
2025-03-19 09:30:00,127.13,0.0,33.166666666666664,87.86666666666667,125.01,72.0,57.14666666666667,70.0,70.0,72.0,71.90333333333332,67.0,69.0,68.0,68.0,4552
2025-03-19 09:45:00,126.07,0.0,33.5,88.055,125.01,72.0,57.0,70.0,70.0,72.0,71.93,67.0,69.0,68.0,68.0,4553
2025-03-19 10:00:00,127.13,0.0,32.166666666666664,87.86,125.01,72.0,57.28,70.0,70.0,72.0,71.94,67.0,69.0,68.0,68.0,4554
2025-03-19 10:15:00,125.71666666666664,0.4266666666666667,32.666666666666664,87.77666666666666,125.01,72.0,56.31,70.0,70.0,72.0,72.01333333333334,67.0,69.0,68.0,68.0,4555
2025-03-19 10:30:00,125.71666666666664,0.1166666666666666,33.5,87.39999999999999,125.01,72.0,56.64333333333334,70.0,70.0,72.0,71.99,67.0,69.0,68.0,68.0,4556
2025-03-19 10:45:00,124.30666666666669,0.1166666666666666,34.0,87.48666666666666,125.01,72.0,57.03,70.0,70.0,72.0,71.96666666666665,67.0,69.0,68.0,68.0,4557
2025-03-19 11:00:00,127.83666666666666,0.0,33.666666666666664,87.56333333333333,125.01,72.0,57.74,70.0,70.0,72.0,71.94,67.0,69.0,68.0,68.0,4558
2025-03-19 11:15:00,124.30666666666669,0.3333333333333333,33.666666666666664,87.52,125.01,72.0,57.42333333333334,70.0,70.0,72.0,71.96333333333332,67.0,69.0,68.0,68.0,4559
2025-03-19 11:30:00,127.83666666666666,0.0,31.0,92.93,125.01,72.0,58.22333333333333,70.0,70.0,72.0,71.94,67.0,69.0,68.0,68.0,4560
2025-03-19 11:45:00,125.01333333333334,0.65,30.0,88.73,125.01,72.0,57.85333333333333,70.0,70.0,72.0,71.99,67.0,69.0,68.0,68.0,4561
2025-03-19 12:00:00,124.30666666666669,1.4666666666666668,31.0,87.13666666666667,125.01,72.0,56.906666666666666,70.0,70.0,72.0,72.00666666666666,67.0,69.0,68.0,68.0,4562
2025-03-19 12:15:00,127.13,0.9433333333333334,29.0,92.84,125.01,72.0,57.07666666666668,70.0,70.0,72.0,72.00666666666667,67.0,69.0,68.0,68.0,4563
2025-03-19 12:30:00,123.60333333333334,4.406666666666666,30.5,86.64666666666666,125.01,72.0,54.81,70.0,70.0,72.0,72.10000000000001,67.0,69.0,68.0,68.0,4564
2025-03-19 12:45:00,125.01,6.636666666666667,32.333333333333336,84.81333333333333,125.01,72.0,53.086666666666666,70.0,70.0,72.0,72.13333333333333,67.0,69.0,68.0,68.0,4565
2025-03-19 13:00:00,126.42333333333332,9.21,31.0,83.64999999999999,125.01,72.0,51.04666666666666,70.0,70.0,72.0,72.17666666666666,67.0,69.0,68.0,68.0,4566
2025-03-19 13:15:00,125.71666666666664,14.7,30.666666666666668,81.25,125.01,72.0,47.07333333333333,70.0,70.0,72.0,72.30333333333333,67.0,69.0,68.0,68.0,4567
2025-03-19 13:30:00,126.42333333333332,21.68,28.666666666666668,77.90666666666668,125.01,72.0,41.77,70.0,70.0,72.0,72.41333333333334,67.0,69.0,68.0,68.0,4568
